Temperature [°C], Cellulose Fraction, Hemicellulose Fraction, Lignin Fraction, Solids Loading [g/L], Time [min], Cellulose Remaining [g/L], Hemicellulose Remaining [g/L]
        182.1678,             0.3803,                 0.2960,          0.3238,              91.5611,          0,                   34.8191,                       27.0979
        182.1678,             0.3803,                 0.2960,          0.3238,              91.5611,          5,                   33.6863,                       21.2910
        182.1678,             0.3803,                 0.2960,          0.3238,              91.5611,         10,                   32.5903,                       16.7285
        182.1678,             0.3803,                 0.2960,          0.3238,              91.5611,         15,                   31.5300,                       13.1437
        182.1678,             0.3803,                 0.2960,          0.3238,              91.5611,         20,                   30.5042,                       10.3271
        182.1678,             0.3803,                 0.2960,          0.3238,              91.5611,         30,                   28.5516,                        6.3752
        182.1678,             0.3803,                 0.2960,          0.3238,              91.5611,         40,                   26.7240,                        3.9356
        190.4616,             0.4493,                 0.2386,          0.3121,              81.5496,          0,                   36.6368,                       19.4585
        190.4616,             0.4493,                 0.2386,          0.3121,              81.5496,          5,                   34.5643,                       12.8131
        190.4616,             0.4493,                 0.2386,          0.3121,              81.5496,         10,                   32.6090,                        8.4372
        190.4616,             0.4493,                 0.2386,          0.3121,              81.5496,         15,                   30.7643,                        5.5557
        190.4616,             0.4493,                 0.2386,          0.3121,              81.5496,         20,                   29.0240,                        3.6583
        190.4616,             0.4493,                 0.2386,          0.3121,              81.5496,         30,                   25.8330,                        1.5862
        190.4616,             0.4493,                 0.2386,          0.3121,              81.5496,         40,                   22.9929,                        0.6877
        187.3068,             0.4771,                 0.2202,          0.3027,             146.1772,          0,                   69.7431,                       32.1823
        187.3068,             0.4771,                 0.2202,          0.3027,             146.1772,          5,                   66.4304,                       22.6643
        187.3068,             0.4771,                 0.2202,          0.3027,             146.1772,         10,                   63.2750,                       15.9612
        187.3068,             0.4771,                 0.2202,          0.3027,             146.1772,         15,                   60.2695,                       11.2406
        187.3068,             0.4771,                 0.2202,          0.3027,             146.1772,         20,                   57.4068,                        7.9161
        187.3068,             0.4771,                 0.2202,          0.3027,             146.1772,         30,                   52.0828,                        3.9260
        187.3068,             0.4771,                 0.2202,          0.3027,             146.1772,         40,                   47.2525,                        1.9471
        204.7336,             0.4623,                 0.2766,          0.2611,             105.9362,          0,                   48.9790,                       29.2969
        204.7336,             0.4623,                 0.2766,          0.2611,             105.9362,          5,                   42.2993,                       11.7935
        204.7336,             0.4623,                 0.2766,          0.2611,             105.9362,         10,                   36.5305,                        4.7474
        204.7336,             0.4623,                 0.2766,          0.2611,             105.9362,         15,                   31.5484,                        1.9110
        204.7336,             0.4623,                 0.2766,          0.2611,             105.9362,         20,                   27.2458,                        0.7692
        204.7336,             0.4623,                 0.2766,          0.2611,             105.9362,         30,                   20.3209,                        0.1246
        204.7336,             0.4623,                 0.2766,          0.2611,             105.9362,         40,                   15.1560,                        0.0202
        192.5537,             0.3285,                 0.2775,          0.3939,              87.3170,          0,                   28.6845,                       24.2347
        192.5537,             0.3285,                 0.2775,          0.3939,              87.3170,          5,                   26.8907,                       15.2627
        192.5537,             0.3285,                 0.2775,          0.3939,              87.3170,         10,                   25.2090,                        9.6122
        192.5537,             0.3285,                 0.2775,          0.3939,              87.3170,         15,                   23.6324,                        6.0535
        192.5537,             0.3285,                 0.2775,          0.3939,              87.3170,         20,                   22.1545,                        3.8124
        192.5537,             0.3285,                 0.2775,          0.3939,              87.3170,         30,                   19.4701,                        1.5120
        192.5537,             0.3285,                 0.2775,          0.3939,              87.3170,         40,                   17.1110,                        0.5997
        203.3023,             0.4591,                 0.2337,          0.3072,             106.6295,          0,                   48.9495,                       24.9210
        203.3023,             0.4591,                 0.2337,          0.3072,             106.6295,          5,                   42.7402,                       10.6326
        203.3023,             0.4591,                 0.2337,          0.3072,             106.6295,         10,                   37.3185,                        4.5364
        203.3023,             0.4591,                 0.2337,          0.3072,             106.6295,         15,                   32.5846,                        1.9354
        203.3023,             0.4591,                 0.2337,          0.3072,             106.6295,         20,                   28.4512,                        0.8257
        203.3023,             0.4591,                 0.2337,          0.3072,             106.6295,         30,                   21.6908,                        0.1503
        203.3023,             0.4591,                 0.2337,          0.3072,             106.6295,         40,                   16.5367,                        0.0273
        208.7610,             0.3735,                 0.2360,          0.3905,             115.5243,          0,                   43.1537,                       27.2632
        208.7610,             0.3735,                 0.2360,          0.3905,             115.5243,          5,                   36.1352,                        9.3183
        208.7610,             0.3735,                 0.2360,          0.3905,             115.5243,         10,                   30.2583,                        3.1848
        208.7610,             0.3735,                 0.2360,          0.3905,             115.5243,         15,                   25.3371,                        1.0885
        208.7610,             0.3735,                 0.2360,          0.3905,             115.5243,         20,                   21.2163,                        0.3720
        208.7610,             0.3735,                 0.2360,          0.3905,             115.5243,         30,                   14.8762,                        0.0434
        208.7610,             0.3735,                 0.2360,          0.3905,             115.5243,         40,                   10.4307,                        0.0051
        203.5689,             0.4526,                 0.2725,          0.2749,              76.1673,          0,                   34.4733,                       20.7580
        203.5689,             0.4526,                 0.2725,          0.2749,              76.1673,          5,                   30.0389,                        8.7611
        203.5689,             0.4526,                 0.2725,          0.2749,              76.1673,         10,                   26.1748,                        3.6976
        203.5689,             0.4526,                 0.2725,          0.2749,              76.1673,         15,                   22.8078,                        1.5605
        203.5689,             0.4526,                 0.2725,          0.2749,              76.1673,         20,                   19.8740,                        0.6586
        203.5689,             0.4526,                 0.2725,          0.2749,              76.1673,         30,                   15.0898,                        0.1173
        203.5689,             0.4526,                 0.2725,          0.2749,              76.1673,         40,                   11.4573,                        0.0209
        185.1503,             0.4692,                 0.2951,          0.2357,              65.1952,          0,                   30.5912,                       19.2370
        185.1503,             0.4692,                 0.2951,          0.2357,              65.1952,          5,                   29.3294,                       14.1844
        185.1503,             0.4692,                 0.2951,          0.2357,              65.1952,         10,                   28.1196,                       10.4588
        185.1503,             0.4692,                 0.2951,          0.2357,              65.1952,         15,                   26.9598,                        7.7118
        185.1503,             0.4692,                 0.2951,          0.2357,              65.1952,         20,                   25.8477,                        5.6862
        185.1503,             0.4692,                 0.2951,          0.2357,              65.1952,         30,                   23.7594,                        3.0914
        185.1503,             0.4692,                 0.2951,          0.2357,              65.1952,         40,                   21.8398,                        1.6807
        197.1639,             0.4786,                 0.2283,          0.2931,              92.3351,          0,                   44.1906,                       21.0828
        197.1639,             0.4786,                 0.2283,          0.2931,              92.3351,          5,                   40.4442,                       11.5428
        197.1639,             0.4786,                 0.2283,          0.2931,              92.3351,         10,                   37.0154,                        6.3196
        197.1639,             0.4786,                 0.2283,          0.2931,              92.3351,         15,                   33.8773,                        3.4599
        197.1639,             0.4786,                 0.2283,          0.2931,              92.3351,         20,                   31.0052,                        1.8942
        197.1639,             0.4786,                 0.2283,          0.2931,              92.3351,         30,                   25.9708,                        0.5678
        197.1639,             0.4786,                 0.2283,          0.2931,              92.3351,         40,                   21.7539,                        0.1702
        205.3623,             0.3977,                 0.2923,          0.3100,             113.4313,          0,                   45.1139,                       33.1592
        205.3623,             0.3977,                 0.2923,          0.3100,             113.4313,          5,                   38.7739,                       13.0116
        205.3623,             0.3977,                 0.2923,          0.3100,             113.4313,         10,                   33.3249,                        5.1056
        205.3623,             0.3977,                 0.2923,          0.3100,             113.4313,         15,                   28.6416,                        2.0033
        205.3623,             0.3977,                 0.2923,          0.3100,             113.4313,         20,                   24.6165,                        0.7861
        205.3623,             0.3977,                 0.2923,          0.3100,             113.4313,         30,                   18.1837,                        0.1210
        205.3623,             0.3977,                 0.2923,          0.3100,             113.4313,         40,                   13.4319,                        0.0186
        200.4995,             0.4649,                 0.1804,          0.3548,             145.5289,          0,                   67.6520,                       26.2465
        200.4995,             0.4649,                 0.1804,          0.3548,             145.5289,          5,                   60.3532,                       12.5487
        200.4995,             0.4649,                 0.1804,          0.3548,             145.5289,         10,                   53.8419,                        5.9996
        200.4995,             0.4649,                 0.1804,          0.3548,             145.5289,         15,                   48.0331,                        2.8684
        200.4995,             0.4649,                 0.1804,          0.3548,             145.5289,         20,                   42.8510,                        1.3713
        200.4995,             0.4649,                 0.1804,          0.3548,             145.5289,         30,                   34.1036,                        0.3134
        200.4995,             0.4649,                 0.1804,          0.3548,             145.5289,         40,                   27.1418,                        0.0716
        199.1908,             0.4116,                 0.2679,          0.3205,              93.5633,          0,                   38.5079,                       25.0644
        199.1908,             0.4116,                 0.2679,          0.3205,              93.5633,          5,                   34.6999,                       12.6380
        199.1908,             0.4116,                 0.2679,          0.3205,              93.5633,         10,                   31.2684,                        6.3722
        199.1908,             0.4116,                 0.2679,          0.3205,              93.5633,         15,                   28.1762,                        3.2129
        199.1908,             0.4116,                 0.2679,          0.3205,              93.5633,         20,                   25.3899,                        1.6200
        199.1908,             0.4116,                 0.2679,          0.3205,              93.5633,         30,                   20.6165,                        0.4118
        199.1908,             0.4116,                 0.2679,          0.3205,              93.5633,         40,                   16.7405,                        0.1047
        200.7440,             0.4179,                 0.2906,          0.2915,             134.7661,          0,                   56.3165,                       39.1600
        200.7440,             0.4179,                 0.2906,          0.2915,             134.7661,          5,                   50.1466,                       18.5378
        200.7440,             0.4179,                 0.2906,          0.2915,             134.7661,         10,                   44.6527,                        8.7754
        200.7440,             0.4179,                 0.2906,          0.2915,             134.7661,         15,                   39.7607,                        4.1540
        200.7440,             0.4179,                 0.2906,          0.2915,             134.7661,         20,                   35.4046,                        1.9664
        200.7440,             0.4179,                 0.2906,          0.2915,             134.7661,         30,                   28.0718,                        0.4406
        200.7440,             0.4179,                 0.2906,          0.2915,             134.7661,         40,                   22.2577,                        0.0987
        209.3119,             0.4289,                 0.2553,          0.3158,             140.3381,          0,                   60.1890,                       35.8317
        209.3119,             0.4289,                 0.2553,          0.3158,             140.3381,          5,                   50.1876,                       11.9759
        209.3119,             0.4289,                 0.2553,          0.3158,             140.3381,         10,                   41.8481,                        4.0026
        209.3119,             0.4289,                 0.2553,          0.3158,             140.3381,         15,                   34.8943,                        1.3377
        209.3119,             0.4289,                 0.2553,          0.3158,             140.3381,         20,                   29.0959,                        0.4470
        209.3119,             0.4289,                 0.2553,          0.3158,             140.3381,         30,                   20.2296,                        0.0499
        209.3119,             0.4289,                 0.2553,          0.3158,             140.3381,         40,                   14.0650,                        0.0056
        181.4932,             0.4746,                 0.1583,          0.3671,              79.9100,          0,                   37.9217,                       12.6503
        181.4932,             0.4746,                 0.1583,          0.3671,              79.9100,          5,                   36.7631,                       10.0833
        181.4932,             0.4746,                 0.1583,          0.3671,              79.9100,         10,                   35.6399,                        8.0372
        181.4932,             0.4746,                 0.1583,          0.3671,              79.9100,         15,                   34.5510,                        6.4063
        181.4932,             0.4746,                 0.1583,          0.3671,              79.9100,         20,                   33.4953,                        5.1063
        181.4932,             0.4746,                 0.1583,          0.3671,              79.9100,         30,                   31.4798,                        3.2442
        181.4932,             0.4746,                 0.1583,          0.3671,              79.9100,         40,                   29.5856,                        2.0611
        194.7274,             0.3755,                 0.2655,          0.3590,             143.3003,          0,                   53.8047,                       38.0529
        194.7274,             0.3755,                 0.2655,          0.3590,             143.3003,          5,                   50.1084,                       22.8810
        194.7274,             0.3755,                 0.2655,          0.3590,             143.3003,         10,                   46.6660,                       13.7581
        194.7274,             0.3755,                 0.2655,          0.3590,             143.3003,         15,                   43.4601,                        8.2725
        194.7274,             0.3755,                 0.2655,          0.3590,             143.3003,         20,                   40.4744,                        4.9741
        194.7274,             0.3755,                 0.2655,          0.3590,             143.3003,         30,                   35.1043,                        1.7983
        194.7274,             0.3755,                 0.2655,          0.3590,             143.3003,         40,                   30.4466,                        0.6501
        183.5711,             0.4331,                 0.2742,          0.2927,              71.0974,          0,                   30.7915,                       19.4947
        183.5711,             0.4331,                 0.2742,          0.2927,              71.0974,          5,                   29.6631,                       14.8661
        183.5711,             0.4331,                 0.2742,          0.2927,              71.0974,         10,                   28.5762,                       11.3365
        183.5711,             0.4331,                 0.2742,          0.2927,              71.0974,         15,                   27.5290,                        8.6448
        183.5711,             0.4331,                 0.2742,          0.2927,              71.0974,         20,                   26.5202,                        6.5923
        183.5711,             0.4331,                 0.2742,          0.2927,              71.0974,         30,                   24.6122,                        3.8335
        183.5711,             0.4331,                 0.2742,          0.2927,              71.0974,         40,                   22.8415,                        2.2292
        189.2082,             0.4896,                 0.2477,          0.2626,              73.4208,          0,                   35.9502,                       18.1874
        189.2082,             0.4896,                 0.2477,          0.2626,              73.4208,          5,                   34.0457,                       12.3001
        189.2082,             0.4896,                 0.2477,          0.2626,              73.4208,         10,                   32.2421,                        8.3185
        189.2082,             0.4896,                 0.2477,          0.2626,              73.4208,         15,                   30.5340,                        5.6258
        189.2082,             0.4896,                 0.2477,          0.2626,              73.4208,         20,                   28.9164,                        3.8046
        189.2082,             0.4896,                 0.2477,          0.2626,              73.4208,         30,                   25.9338,                        1.7401
        189.2082,             0.4896,                 0.2477,          0.2626,              73.4208,         40,                   23.2588,                        0.7958
        195.3724,             0.3211,                 0.2856,          0.3933,              59.2805,          0,                   19.0371,                       16.9281
        195.3724,             0.3211,                 0.2856,          0.3933,              59.2805,          5,                   17.6641,                        9.9679
        195.3724,             0.3211,                 0.2856,          0.3933,              59.2805,         10,                   16.3901,                        5.8694
        195.3724,             0.3211,                 0.2856,          0.3933,              59.2805,         15,                   15.2080,                        3.4561
        195.3724,             0.3211,                 0.2856,          0.3933,              59.2805,         20,                   14.1112,                        2.0350
        195.3724,             0.3211,                 0.2856,          0.3933,              59.2805,         30,                   12.1491,                        0.7055
        195.3724,             0.3211,                 0.2856,          0.3933,              59.2805,         40,                   10.4599,                        0.2446
        180.7248,             0.4018,                 0.2034,          0.3948,              97.3502,          0,                   39.1183,                       19.7987
        180.7248,             0.4018,                 0.2034,          0.3948,              97.3502,          5,                   38.0116,                       16.0416
        180.7248,             0.4018,                 0.2034,          0.3948,              97.3502,         10,                   36.9363,                       12.9974
        180.7248,             0.4018,                 0.2034,          0.3948,              97.3502,         15,                   35.8913,                       10.5309
        180.7248,             0.4018,                 0.2034,          0.3948,              97.3502,         20,                   34.8759,                        8.5324
        180.7248,             0.4018,                 0.2034,          0.3948,              97.3502,         30,                   32.9305,                        5.6013
        180.7248,             0.4018,                 0.2034,          0.3948,              97.3502,         40,                   31.0936,                        3.6771
        206.3875,             0.3853,                 0.2428,          0.3719,             135.5060,          0,                   52.2159,                       32.8986
        206.3875,             0.3853,                 0.2428,          0.3719,             135.5060,          5,                   44.5265,                       12.3827
        206.3875,             0.3853,                 0.2428,          0.3719,             135.5060,         10,                   37.9695,                        4.6606
        206.3875,             0.3853,                 0.2428,          0.3719,             135.5060,         15,                   32.3780,                        1.7541
        206.3875,             0.3853,                 0.2428,          0.3719,             135.5060,         20,                   27.6099,                        0.6602
        206.3875,             0.3853,                 0.2428,          0.3719,             135.5060,         30,                   20.0768,                        0.0935
        206.3875,             0.3853,                 0.2428,          0.3719,             135.5060,         40,                   14.5990,                        0.0132
        203.8257,             0.4248,                 0.2535,          0.3217,              69.6531,          0,                   29.5899,                       17.6547
        203.8257,             0.4248,                 0.2535,          0.3217,              69.6531,          5,                   25.7329,                        7.3739
        203.8257,             0.4248,                 0.2535,          0.3217,              69.6531,         10,                   22.3787,                        3.0799
        203.8257,             0.4248,                 0.2535,          0.3217,              69.6531,         15,                   19.4617,                        1.2863
        203.8257,             0.4248,                 0.2535,          0.3217,              69.6531,         20,                   16.9249,                        0.5372
        203.8257,             0.4248,                 0.2535,          0.3217,              69.6531,         30,                   12.8001,                        0.0937
        203.8257,             0.4248,                 0.2535,          0.3217,              69.6531,         40,                    9.6806,                        0.0163
        193.2124,             0.4944,                 0.1964,          0.3092,              88.5177,          0,                   43.7662,                       17.3827
        193.2124,             0.4944,                 0.1964,          0.3092,              88.5177,          5,                   40.9472,                       10.7949
        193.2124,             0.4944,                 0.1964,          0.3092,              88.5177,         10,                   38.3099,                        6.7037
        193.2124,             0.4944,                 0.1964,          0.3092,              88.5177,         15,                   35.8423,                        4.1630
        193.2124,             0.4944,                 0.1964,          0.3092,              88.5177,         20,                   33.5337,                        2.5853
        193.2124,             0.4944,                 0.1964,          0.3092,              88.5177,         30,                   29.3530,                        0.9970
        193.2124,             0.4944,                 0.1964,          0.3092,              88.5177,         40,                   25.6936,                        0.3845
        183.1540,             0.4081,                 0.2406,          0.3512,             114.5093,          0,                   46.7340,                       27.5558
        183.1540,             0.4081,                 0.2406,          0.3512,             114.5093,          5,                   45.0785,                       21.2008
        183.1540,             0.4081,                 0.2406,          0.3512,             114.5093,         10,                   43.4816,                       16.3114
        183.1540,             0.4081,                 0.2406,          0.3512,             114.5093,         15,                   41.9413,                       12.5496
        183.1540,             0.4081,                 0.2406,          0.3512,             114.5093,         20,                   40.4556,                        9.6553
        183.1540,             0.4081,                 0.2406,          0.3512,             114.5093,         30,                   37.6401,                        5.7153
        183.1540,             0.4081,                 0.2406,          0.3512,             114.5093,         40,                   35.0206,                        3.3830
        193.9683,             0.4963,                 0.2822,          0.2215,             127.9784,          0,                   63.5217,                       36.1098
        193.9683,             0.4963,                 0.2822,          0.2215,             127.9784,          5,                   59.2942,                       22.0665
        193.9683,             0.4963,                 0.2822,          0.2215,             127.9784,         10,                   55.3481,                       13.4846
        193.9683,             0.4963,                 0.2822,          0.2215,             127.9784,         15,                   51.6645,                        8.2403
        193.9683,             0.4963,                 0.2822,          0.2215,             127.9784,         20,                   48.2261,                        5.0355
        193.9683,             0.4963,                 0.2822,          0.2215,             127.9784,         30,                   42.0206,                        1.8803
        193.9683,             0.4963,                 0.2822,          0.2215,             127.9784,         40,                   36.6135,                        0.7021
        195.8156,             0.3945,                 0.2988,          0.3066,             117.3406,          0,                   46.2963,                       35.0669
        195.8156,             0.3945,                 0.2988,          0.3066,             117.3406,          5,                   42.8116,                       20.2801
        195.8156,             0.3945,                 0.2988,          0.3066,             117.3406,         10,                   39.5892,                       11.7285
        195.8156,             0.3945,                 0.2988,          0.3066,             117.3406,         15,                   36.6093,                        6.7828
        195.8156,             0.3945,                 0.2988,          0.3066,             117.3406,         20,                   33.8537,                        3.9226
        195.8156,             0.3945,                 0.2988,          0.3066,             117.3406,         30,                   28.9492,                        1.3119
        195.8156,             0.3945,                 0.2988,          0.3066,             117.3406,         40,                   24.7552,                        0.4387
        207.5677,             0.3915,                 0.2939,          0.3145,             147.0840,          0,                   57.5892,                       43.2344
        207.5677,             0.3915,                 0.2939,          0.3145,             147.0840,          5,                   48.6662,                       15.5112
        207.5677,             0.3915,                 0.2939,          0.3145,             147.0840,         10,                   41.1258,                        5.5648
        207.5677,             0.3915,                 0.2939,          0.3145,             147.0840,         15,                   34.7536,                        1.9964
        207.5677,             0.3915,                 0.2939,          0.3145,             147.0840,         20,                   29.3688,                        0.7162
        207.5677,             0.3915,                 0.2939,          0.3145,             147.0840,         30,                   20.9728,                        0.0922
        207.5677,             0.3915,                 0.2939,          0.3145,             147.0840,         40,                   14.9770,                        0.0119
        187.6335,             0.4063,                 0.2103,          0.3834,              51.6291,          0,                   20.9790,                       10.8570
        187.6335,             0.4063,                 0.2103,          0.3834,              51.6291,          5,                   19.9627,                        7.5930
        187.6335,             0.4063,                 0.2103,          0.3834,              51.6291,         10,                   18.9957,                        5.3102
        187.6335,             0.4063,                 0.2103,          0.3834,              51.6291,         15,                   18.0755,                        3.7138
        187.6335,             0.4063,                 0.2103,          0.3834,              51.6291,         20,                   17.1999,                        2.5973
        187.6335,             0.4063,                 0.2103,          0.3834,              51.6291,         30,                   15.5738,                        1.2703
        187.6335,             0.4063,                 0.2103,          0.3834,              51.6291,         40,                   14.1015,                        0.6213
        193.0695,             0.4422,                 0.1879,          0.3699,              83.0076,          0,                   36.7074,                       15.5952
        193.0695,             0.4422,                 0.1879,          0.3699,              83.0076,          5,                   34.3579,                        9.7144
        193.0695,             0.4422,                 0.1879,          0.3699,              83.0076,         10,                   32.1589,                        6.0511
        193.0695,             0.4422,                 0.1879,          0.3699,              83.0076,         15,                   30.1006,                        3.7692
        193.0695,             0.4422,                 0.1879,          0.3699,              83.0076,         20,                   28.1741,                        2.3478
        193.0695,             0.4422,                 0.1879,          0.3699,              83.0076,         30,                   24.6830,                        0.9109
        193.0695,             0.4422,                 0.1879,          0.3699,              83.0076,         40,                   21.6244,                        0.3534
        199.2328,             0.3550,                 0.2590,          0.3860,              89.1066,          0,                   31.6295,                       23.0809
        199.2328,             0.3550,                 0.2590,          0.3860,              89.1066,          5,                   28.4924,                       11.6180
        199.2328,             0.3550,                 0.2590,          0.3860,              89.1066,         10,                   25.6665,                        5.8480
        199.2328,             0.3550,                 0.2590,          0.3860,              89.1066,         15,                   23.1209,                        2.9436
        199.2328,             0.3550,                 0.2590,          0.3860,              89.1066,         20,                   20.8278,                        1.4816
        199.2328,             0.3550,                 0.2590,          0.3860,              89.1066,         30,                   16.9012,                        0.3754
        199.2328,             0.3550,                 0.2590,          0.3860,              89.1066,         40,                   13.7149,                        0.0951
        186.6684,             0.4353,                 0.2099,          0.3549,              80.3383,          0,                   34.9675,                       16.8597
        186.6684,             0.4353,                 0.2099,          0.3549,              80.3383,          5,                   33.3711,                       12.0359
        186.6684,             0.4353,                 0.2099,          0.3549,              80.3383,         10,                   31.8477,                        8.5923
        186.6684,             0.4353,                 0.2099,          0.3549,              80.3383,         15,                   30.3937,                        6.1339
        186.6684,             0.4353,                 0.2099,          0.3549,              80.3383,         20,                   29.0062,                        4.3789
        186.6684,             0.4353,                 0.2099,          0.3549,              80.3383,         30,                   26.4182,                        2.2316
        186.6684,             0.4353,                 0.2099,          0.3549,              80.3383,         40,                   24.0612,                        1.1373
        181.8760,             0.4361,                 0.2546,          0.3092,             137.7375,          0,                   60.0710,                       35.0733
        181.8760,             0.4361,                 0.2546,          0.3092,             137.7375,          5,                   58.1681,                       27.7292
        181.8760,             0.4361,                 0.2546,          0.3092,             137.7375,         10,                   56.3254,                       21.9229
        181.8760,             0.4361,                 0.2546,          0.3092,             137.7375,         15,                   54.5412,                       17.3324
        181.8760,             0.4361,                 0.2546,          0.3092,             137.7375,         20,                   52.8134,                       13.7031
        181.8760,             0.4361,                 0.2546,          0.3092,             137.7375,         30,                   49.5204,                        8.5651
        181.8760,             0.4361,                 0.2546,          0.3092,             137.7375,         40,                   46.4327,                        5.3536
        194.4668,             0.3770,                 0.2608,          0.3622,              64.0282,          0,                   24.1385,                       16.6975
        194.4668,             0.3770,                 0.2608,          0.3622,              64.0282,          5,                   22.4980,                       10.0960
        194.4668,             0.3770,                 0.2608,          0.3622,              64.0282,         10,                   20.9690,                        6.1044
        194.4668,             0.3770,                 0.2608,          0.3622,              64.0282,         15,                   19.5439,                        3.6909
        194.4668,             0.3770,                 0.2608,          0.3622,              64.0282,         20,                   18.2156,                        2.2317
        194.4668,             0.3770,                 0.2608,          0.3622,              64.0282,         30,                   15.8238,                        0.8158
        194.4668,             0.3770,                 0.2608,          0.3622,              64.0282,         40,                   13.7460,                        0.2982
        190.7401,             0.4906,                 0.2509,          0.2585,             104.1959,          0,                   51.1153,                       26.1419
        190.7401,             0.4906,                 0.2509,          0.2585,             104.1959,          5,                   48.1830,                       17.1122
        190.7401,             0.4906,                 0.2509,          0.2585,             104.1959,         10,                   45.4189,                       11.2014
        190.7401,             0.4906,                 0.2509,          0.2585,             104.1959,         15,                   42.8133,                        7.3322
        190.7401,             0.4906,                 0.2509,          0.2585,             104.1959,         20,                   40.3573,                        4.7995
        190.7401,             0.4906,                 0.2509,          0.2585,             104.1959,         30,                   35.8597,                        2.0565
        190.7401,             0.4906,                 0.2509,          0.2585,             104.1959,         40,                   31.8634,                        0.8811
        181.1607,             0.4221,                 0.2844,          0.2935,              78.8762,          0,                   33.2972,                       22.4327
        181.1607,             0.4221,                 0.2844,          0.2935,              78.8762,          5,                   32.3125,                       18.0077
        181.1607,             0.4221,                 0.2844,          0.2935,              78.8762,         10,                   31.3568,                       14.4556
        181.1607,             0.4221,                 0.2844,          0.2935,              78.8762,         15,                   30.4295,                       11.6041
        181.1607,             0.4221,                 0.2844,          0.2935,              78.8762,         20,                   29.5295,                        9.3151
        181.1607,             0.4221,                 0.2844,          0.2935,              78.8762,         30,                   27.8087,                        6.0026
        181.1607,             0.4221,                 0.2844,          0.2935,              78.8762,         40,                   26.1882,                        3.8680
        205.1097,             0.3887,                 0.2701,          0.3413,              90.5114,          0,                   35.1795,                       24.4441
        205.1097,             0.3887,                 0.2701,          0.3413,              90.5114,          5,                   30.2942,                        9.6908
        205.1097,             0.3887,                 0.2701,          0.3413,              90.5114,         10,                   26.0873,                        3.8418
        205.1097,             0.3887,                 0.2701,          0.3413,              90.5114,         15,                   22.4647,                        1.5230
        205.1097,             0.3887,                 0.2701,          0.3413,              90.5114,         20,                   19.3450,                        0.6037
        205.1097,             0.3887,                 0.2701,          0.3413,              90.5114,         30,                   14.3452,                        0.0949
        205.1097,             0.3887,                 0.2701,          0.3413,              90.5114,         40,                   10.6377,                        0.0149
        204.4098,             0.4517,                 0.2259,          0.3224,             136.8941,          0,                   61.8377,                       30.9205
        204.4098,             0.4517,                 0.2259,          0.3224,             136.8941,          5,                   53.5370,                       12.6119
        204.4098,             0.4517,                 0.2259,          0.3224,             136.8941,         10,                   46.3505,                        5.1440
        204.4098,             0.4517,                 0.2259,          0.3224,             136.8941,         15,                   40.1287,                        2.0981
        204.4098,             0.4517,                 0.2259,          0.3224,             136.8941,         20,                   34.7420,                        0.8557
        204.4098,             0.4517,                 0.2259,          0.3224,             136.8941,         30,                   26.0408,                        0.1423
        204.4098,             0.4517,                 0.2259,          0.3224,             136.8941,         40,                   19.5188,                        0.0237
        196.8512,             0.4735,                 0.1942,          0.3323,             121.2032,          0,                   57.3939,                       23.5381
        196.8512,             0.4735,                 0.1942,          0.3323,             121.2032,          5,                   52.6542,                       13.0519
        196.8512,             0.4735,                 0.1942,          0.3323,             121.2032,         10,                   48.3060,                        7.2372
        196.8512,             0.4735,                 0.1942,          0.3323,             121.2032,         15,                   44.3168,                        4.0130
        196.8512,             0.4735,                 0.1942,          0.3323,             121.2032,         20,                   40.6570,                        2.2251
        196.8512,             0.4735,                 0.1942,          0.3323,             121.2032,         30,                   34.2192,                        0.6841
        196.8512,             0.4735,                 0.1942,          0.3323,             121.2032,         40,                   28.8007,                        0.2103
        186.5561,             0.3874,                 0.2818,          0.3308,              52.1753,          0,                   20.2116,                       14.7022
        186.5561,             0.3874,                 0.2818,          0.3308,              52.1753,          5,                   19.2955,                       10.5209
        186.5561,             0.3874,                 0.2818,          0.3308,              52.1753,         10,                   18.4209,                        7.5287
        186.5561,             0.3874,                 0.2818,          0.3308,              52.1753,         15,                   17.5859,                        5.3875
        186.5561,             0.3874,                 0.2818,          0.3308,              52.1753,         20,                   16.7888,                        3.8552
        186.5561,             0.3874,                 0.2818,          0.3308,              52.1753,         30,                   15.3013,                        1.9741
        186.5561,             0.3874,                 0.2818,          0.3308,              52.1753,         40,                   13.9456,                        1.0109
        182.4237,             0.4674,                 0.1903,          0.3423,             141.8345,          0,                   66.2978,                       26.9868
        182.4237,             0.4674,                 0.1903,          0.3423,             141.8345,          5,                   64.0910,                       21.0885
        182.4237,             0.4674,                 0.1903,          0.3423,             141.8345,         10,                   61.9577,                       16.4793
        182.4237,             0.4674,                 0.1903,          0.3423,             141.8345,         15,                   59.8955,                       12.8775
        182.4237,             0.4674,                 0.1903,          0.3423,             141.8345,         20,                   57.9018,                       10.0629
        182.4237,             0.4674,                 0.1903,          0.3423,             141.8345,         30,                   54.1114,                        6.1448
        182.4237,             0.4674,                 0.1903,          0.3423,             141.8345,         40,                   50.5691,                        3.7522
        198.8654,             0.4319,                 0.2232,          0.3449,             118.9789,          0,                   51.3857,                       26.5606
        198.8654,             0.4319,                 0.2232,          0.3449,             118.9789,          5,                   46.4198,                       13.5706
        198.8654,             0.4319,                 0.2232,          0.3449,             118.9789,         10,                   41.9338,                        6.9336
        198.8654,             0.4319,                 0.2232,          0.3449,             118.9789,         15,                   37.8813,                        3.5425
        198.8654,             0.4319,                 0.2232,          0.3449,             118.9789,         20,                   34.2205,                        1.8099
        198.8654,             0.4319,                 0.2232,          0.3449,             118.9789,         30,                   27.9259,                        0.4724
        198.8654,             0.4319,                 0.2232,          0.3449,             118.9789,         40,                   22.7892,                        0.1233
        202.7870,             0.4855,                 0.2471,          0.2673,              84.8185,          0,                   41.1816,                       20.9609
        202.7870,             0.4855,                 0.2471,          0.2673,              84.8185,          5,                   36.1000,                        9.1322
        202.7870,             0.4855,                 0.2471,          0.2673,              84.8185,         10,                   31.6455,                        3.9786
        202.7870,             0.4855,                 0.2471,          0.2673,              84.8185,         15,                   27.7406,                        1.7334
        202.7870,             0.4855,                 0.2471,          0.2673,              84.8185,         20,                   24.3175,                        0.7551
        202.7870,             0.4855,                 0.2471,          0.2673,              84.8185,         30,                   18.6864,                        0.1433
        202.7870,             0.4855,                 0.2471,          0.2673,              84.8185,         40,                   14.3592,                        0.0272
        198.1429,             0.4463,                 0.1769,          0.3767,              58.8983,          0,                   26.2883,                       10.4204
        198.1429,             0.4463,                 0.1769,          0.3767,              58.8983,          5,                   23.8797,                        5.4827
        198.1429,             0.4463,                 0.1769,          0.3767,              58.8983,         10,                   21.6918,                        2.8847
        198.1429,             0.4463,                 0.1769,          0.3767,              58.8983,         15,                   19.7043,                        1.5177
        198.1429,             0.4463,                 0.1769,          0.3767,              58.8983,         20,                   17.8990,                        0.7985
        198.1429,             0.4463,                 0.1769,          0.3767,              58.8983,         30,                   14.7693,                        0.2210
        198.1429,             0.4463,                 0.1769,          0.3767,              58.8983,         40,                   12.1869,                        0.0612
        187.8427,             0.3792,                 0.2645,          0.3562,             110.5372,          0,                   41.9190,                       29.2416
        187.8427,             0.3792,                 0.2645,          0.3562,             110.5372,          5,                   39.8631,                       20.3596
        187.8427,             0.3792,                 0.2645,          0.3562,             110.5372,         10,                   37.9079,                       14.1754
        187.8427,             0.3792,                 0.2645,          0.3562,             110.5372,         15,                   36.0487,                        9.8697
        187.8427,             0.3792,                 0.2645,          0.3562,             110.5372,         20,                   34.2807,                        6.8717
        187.8427,             0.3792,                 0.2645,          0.3562,             110.5372,         30,                   31.0005,                        3.3311
        187.8427,             0.3792,                 0.2645,          0.3562,             110.5372,         40,                   28.0341,                        1.6148
        188.6302,             0.4613,                 0.1690,          0.3697,              53.6325,          0,                   24.7389,                        9.0644
        188.6302,             0.4613,                 0.1690,          0.3697,              53.6325,          5,                   23.4694,                        6.2061
        188.6302,             0.4613,                 0.1690,          0.3697,              53.6325,         10,                   22.2651,                        4.2492
        188.6302,             0.4613,                 0.1690,          0.3697,              53.6325,         15,                   21.1226,                        2.9093
        188.6302,             0.4613,                 0.1690,          0.3697,              53.6325,         20,                   20.0387,                        1.9919
        188.6302,             0.4613,                 0.1690,          0.3697,              53.6325,         30,                   18.0349,                        0.9337
        188.6302,             0.4613,                 0.1690,          0.3697,              53.6325,         40,                   16.2314,                        0.4377
        197.5862,             0.4994,                 0.1711,          0.3295,              62.3143,          0,                   31.1201,                       10.6605
        197.5862,             0.4994,                 0.1711,          0.3295,              62.3143,          5,                   28.3898,                        5.7373
        197.5862,             0.4994,                 0.1711,          0.3295,              62.3143,         10,                   25.8989,                        3.0877
        197.5862,             0.4994,                 0.1711,          0.3295,              62.3143,         15,                   23.6266,                        1.6617
        197.5862,             0.4994,                 0.1711,          0.3295,              62.3143,         20,                   21.5537,                        0.8943
        197.5862,             0.4994,                 0.1711,          0.3295,              62.3143,         30,                   17.9375,                        0.2590
        197.5862,             0.4994,                 0.1711,          0.3295,              62.3143,         40,                   14.9280,                        0.0750
        188.2101,             0.4385,                 0.2757,          0.2858,             111.7118,          0,                   48.9890,                       30.7986
        188.2101,             0.4385,                 0.2757,          0.2858,             111.7118,          5,                   46.5344,                       21.2765
        188.2101,             0.4385,                 0.2757,          0.2858,             111.7118,         10,                   44.2028,                       14.6984
        188.2101,             0.4385,                 0.2757,          0.2858,             111.7118,         15,                   41.9880,                       10.1540
        188.2101,             0.4385,                 0.2757,          0.2858,             111.7118,         20,                   39.8842,                        7.0146
        188.2101,             0.4385,                 0.2757,          0.2858,             111.7118,         30,                   35.9875,                        3.3476
        188.2101,             0.4385,                 0.2757,          0.2858,             111.7118,         40,                   32.4715,                        1.5975
        189.8588,             0.4264,                 0.2691,          0.3045,             148.0411,          0,                   63.1245,                       39.8393
        189.8588,             0.4264,                 0.2691,          0.3045,             148.0411,          5,                   59.6625,                       26.5725
        189.8588,             0.4264,                 0.2691,          0.3045,             148.0411,         10,                   56.3904,                       17.7235
        189.8588,             0.4264,                 0.2691,          0.3045,             148.0411,         15,                   53.2978,                       11.8214
        189.8588,             0.4264,                 0.2691,          0.3045,             148.0411,         20,                   50.3747,                        7.8847
        189.8588,             0.4264,                 0.2691,          0.3045,             148.0411,         30,                   45.0008,                        3.5076
        189.8588,             0.4264,                 0.2691,          0.3045,             148.0411,         40,                   40.2001,                        1.5604
        206.4652,             0.4801,                 0.2981,          0.2218,              98.2049,          0,                   47.1489,                       29.2768
        206.4652,             0.4801,                 0.2981,          0.2218,              98.2049,          5,                   40.1818,                       10.9848
        206.4652,             0.4801,                 0.2981,          0.2218,              98.2049,         10,                   34.2441,                        4.1214
        206.4652,             0.4801,                 0.2981,          0.2218,              98.2049,         15,                   29.1839,                        1.5463
        206.4652,             0.4801,                 0.2981,          0.2218,              98.2049,         20,                   24.8714,                        0.5801
        206.4652,             0.4801,                 0.2981,          0.2218,              98.2049,         30,                   18.0639,                        0.0817
        206.4652,             0.4801,                 0.2981,          0.2218,              98.2049,         40,                   13.1197,                        0.0115
        185.5230,             0.3588,                 0.2577,          0.3835,             129.9050,          0,                   46.6057,                       33.4821
        185.5230,             0.3588,                 0.2577,          0.3835,             129.9050,          5,                   44.6328,                       24.4928
        185.5230,             0.3588,                 0.2577,          0.3835,             129.9050,         10,                   42.7435,                       17.9169
        185.5230,             0.3588,                 0.2577,          0.3835,             129.9050,         15,                   40.9341,                       13.1065
        185.5230,             0.3588,                 0.2577,          0.3835,             129.9050,         20,                   39.2013,                        9.5876
        185.5230,             0.3588,                 0.2577,          0.3835,             129.9050,         30,                   35.9527,                        5.1304
        185.5230,             0.3588,                 0.2577,          0.3835,             129.9050,         40,                   32.9733,                        2.7453
        194.2305,             0.4711,                 0.1627,          0.3662,              99.4276,          0,                   46.8371,                       16.1785
        194.2305,             0.4711,                 0.1627,          0.3662,              99.4276,          5,                   43.6853,                        9.8315
        194.2305,             0.4711,                 0.1627,          0.3662,              99.4276,         10,                   40.7455,                        5.9745
        194.2305,             0.4711,                 0.1627,          0.3662,              99.4276,         15,                   38.0036,                        3.6306
        194.2305,             0.4711,                 0.1627,          0.3662,              99.4276,         20,                   35.4461,                        2.2062
        194.2305,             0.4711,                 0.1627,          0.3662,              99.4276,         30,                   30.8360,                        0.8147
        194.2305,             0.4711,                 0.1627,          0.3662,              99.4276,         40,                   26.8254,                        0.3008
        196.5206,             0.4578,                 0.2054,          0.3369,             100.8803,          0,                   46.1795,                       20.7176
        196.5206,             0.4578,                 0.2054,          0.3369,             100.8803,          5,                   42.4735,                       11.6432
        196.5206,             0.4578,                 0.2054,          0.3369,             100.8803,         10,                   39.0648,                        6.5434
        196.5206,             0.4578,                 0.2054,          0.3369,             100.8803,         15,                   35.9297,                        3.6773
        196.5206,             0.4578,                 0.2054,          0.3369,             100.8803,         20,                   33.0462,                        2.0666
        196.5206,             0.4578,                 0.2054,          0.3369,             100.8803,         30,                   27.9548,                        0.6527
        196.5206,             0.4578,                 0.2054,          0.3369,             100.8803,         40,                   23.6478,                        0.2061
        204.1999,             0.3705,                 0.2621,          0.3674,             116.1016,          0,                   43.0127,                       30.4296
        204.1999,             0.3705,                 0.2621,          0.3674,             116.1016,          5,                   37.2990,                       12.5179
        204.1999,             0.3705,                 0.2621,          0.3674,             116.1016,         10,                   32.3442,                        5.1494
        204.1999,             0.3705,                 0.2621,          0.3674,             116.1016,         15,                   28.0476,                        2.1183
        204.1999,             0.3705,                 0.2621,          0.3674,             116.1016,         20,                   24.3217,                        0.8713
        204.1999,             0.3705,                 0.2621,          0.3674,             116.1016,         30,                   18.2891,                        0.1474
        204.1999,             0.3705,                 0.2621,          0.3674,             116.1016,         40,                   13.7527,                        0.0249
        192.1907,             0.4157,                 0.2308,          0.3535,              70.6856,          0,                   29.3829,                       16.3127
        192.1907,             0.4157,                 0.2308,          0.3535,              70.6856,          5,                   27.5757,                       10.3532
        192.1907,             0.4157,                 0.2308,          0.3535,              70.6856,         10,                   25.8796,                        6.5709
        192.1907,             0.4157,                 0.2308,          0.3535,              70.6856,         15,                   24.2879,                        4.1703
        192.1907,             0.4157,                 0.2308,          0.3535,              70.6856,         20,                   22.7941,                        2.6468
        192.1907,             0.4157,                 0.2308,          0.3535,              70.6856,         30,                   20.0763,                        1.0661
        192.1907,             0.4157,                 0.2308,          0.3535,              70.6856,         40,                   17.6827,                        0.4294
        182.7192,             0.4872,                 0.2374,          0.2754,             124.5621,          0,                   60.6908,                       29.5717
        182.7192,             0.4872,                 0.2374,          0.2754,             124.5621,          5,                   58.6181,                       22.9635
        182.7192,             0.4872,                 0.2374,          0.2754,             124.5621,         10,                   56.6163,                       17.8320
        182.7192,             0.4872,                 0.2374,          0.2754,             124.5621,         15,                   54.6827,                       13.8471
        182.7192,             0.4872,                 0.2374,          0.2754,             124.5621,         20,                   52.8153,                       10.7527
        182.7192,             0.4872,                 0.2374,          0.2754,             124.5621,         30,                   49.2694,                        6.4839
        182.7192,             0.4872,                 0.2374,          0.2754,             124.5621,         40,                   45.9616,                        3.9098
        202.3341,             0.4824,                 0.2153,          0.3023,              75.0639,          0,                   36.2138,                       16.1598
        202.3341,             0.4824,                 0.2153,          0.3023,              75.0639,          5,                   31.8556,                        7.1712
        202.3341,             0.4824,                 0.2153,          0.3023,              75.0639,         10,                   28.0219,                        3.1823
        202.3341,             0.4824,                 0.2153,          0.3023,              75.0639,         15,                   24.6495,                        1.4122
        202.3341,             0.4824,                 0.2153,          0.3023,              75.0639,         20,                   21.6830,                        0.6266
        202.3341,             0.4824,                 0.2153,          0.3023,              75.0639,         30,                   16.7781,                        0.1234
        202.3341,             0.4824,                 0.2153,          0.3023,              75.0639,         40,                   12.9827,                        0.0243
        199.6871,             0.4446,                 0.2791,          0.2764,              94.0134,          0,                   41.7950,                       26.2366
        199.6871,             0.4446,                 0.2791,          0.2764,              94.0134,          5,                   37.5189,                       12.9649
        199.6871,             0.4446,                 0.2791,          0.2764,              94.0134,         10,                   33.6802,                        6.4066
        199.6871,             0.4446,                 0.2791,          0.2764,              94.0134,         15,                   30.2343,                        3.1658
        199.6871,             0.4446,                 0.2791,          0.2764,              94.0134,         20,                   27.1409,                        1.5643
        199.6871,             0.4446,                 0.2791,          0.2764,              94.0134,         30,                   21.8712,                        0.3819
        199.6871,             0.4446,                 0.2791,          0.2764,              94.0134,         40,                   17.6247,                        0.0933
        184.9235,             0.4560,                 0.2873,          0.2567,              96.3139,          0,                   43.9168,                       27.6728
        184.9235,             0.4560,                 0.2873,          0.2567,              96.3139,          5,                   42.1343,                       20.5033
        184.9235,             0.4560,                 0.2873,          0.2567,              96.3139,         10,                   40.4241,                       15.1913
        184.9235,             0.4560,                 0.2873,          0.2567,              96.3139,         15,                   38.7834,                       11.2555
        184.9235,             0.4560,                 0.2873,          0.2567,              96.3139,         20,                   37.2093,                        8.3393
        184.9235,             0.4560,                 0.2873,          0.2567,              96.3139,         30,                   34.2501,                        4.5779
        184.9235,             0.4560,                 0.2873,          0.2567,              96.3139,         40,                   31.5262,                        2.5130
        197.7524,             0.4931,                 0.2078,          0.2991,             144.7046,          0,                   71.3514,                       30.0749
        197.7524,             0.4931,                 0.2078,          0.2991,             144.7046,          5,                   65.0084,                       16.0770
        197.7524,             0.4931,                 0.2078,          0.2991,             144.7046,         10,                   59.2292,                        8.5941
        197.7524,             0.4931,                 0.2078,          0.2991,             144.7046,         15,                   53.9638,                        4.5940
        197.7524,             0.4931,                 0.2078,          0.2991,             144.7046,         20,                   49.1665,                        2.4557
        197.7524,             0.4931,                 0.2078,          0.2991,             144.7046,         30,                   40.8133,                        0.7017
        197.7524,             0.4931,                 0.2078,          0.2991,             144.7046,         40,                   33.8793,                        0.2005
        209.5739,             0.4685,                 0.2077,          0.3238,             103.0408,          0,                   48.2742,                       21.4004
        209.5739,             0.4685,                 0.2077,          0.3238,             103.0408,          5,                   40.1719,                        7.0769
        209.5739,             0.4685,                 0.2077,          0.3238,             103.0408,         10,                   33.4294,                        2.3402
        209.5739,             0.4685,                 0.2077,          0.3238,             103.0408,         15,                   27.8186,                        0.7738
        209.5739,             0.4685,                 0.2077,          0.3238,             103.0408,         20,                   23.1495,                        0.2559
        209.5739,             0.4685,                 0.2077,          0.3238,             103.0408,         30,                   16.0307,                        0.0280
        209.5739,             0.4685,                 0.2077,          0.3238,             103.0408,         40,                   11.1010,                        0.0031
        193.3040,             0.3315,                 0.2770,          0.3915,              72.7006,          0,                   24.1015,                       20.1393
        193.3040,             0.3315,                 0.2770,          0.3915,              72.7006,          5,                   22.5429,                       12.4824
        193.3040,             0.3315,                 0.2770,          0.3915,              72.7006,         10,                   21.0851,                        7.7366
        193.3040,             0.3315,                 0.2770,          0.3915,              72.7006,         15,                   19.7215,                        4.7951
        193.3040,             0.3315,                 0.2770,          0.3915,              72.7006,         20,                   18.4461,                        2.9720
        193.3040,             0.3315,                 0.2770,          0.3915,              72.7006,         30,                   16.1375,                        1.1416
        193.3040,             0.3315,                 0.2770,          0.3915,              72.7006,         40,                   14.1177,                        0.4385
        205.2624,             0.4391,                 0.2423,          0.3186,              55.2162,          0,                   24.2467,                       13.3781
        205.2624,             0.4391,                 0.2423,          0.3186,              55.2162,          5,                   20.8552,                        5.2709
        205.2624,             0.4391,                 0.2423,          0.3186,              55.2162,         10,                   17.9381,                        2.0767
        205.2624,             0.4391,                 0.2423,          0.3186,              55.2162,         15,                   15.4290,                        0.8182
        205.2624,             0.4391,                 0.2423,          0.3186,              55.2162,         20,                   13.2709,                        0.3223
        205.2624,             0.4391,                 0.2423,          0.3186,              55.2162,         30,                    9.8180,                        0.0500
        205.2624,             0.4391,                 0.2423,          0.3186,              55.2162,         40,                    7.2634,                        0.0078
        191.1016,             0.4804,                 0.2401,          0.2795,             119.3254,          0,                   57.3204,                       28.6555
        191.1016,             0.4804,                 0.2401,          0.2795,             119.3254,          5,                   53.9729,                       18.6137
        191.1016,             0.4804,                 0.2401,          0.2795,             119.3254,         10,                   50.8209,                       12.0908
        191.1016,             0.4804,                 0.2401,          0.2795,             119.3254,         15,                   47.8530,                        7.8537
        191.1016,             0.4804,                 0.2401,          0.2795,             119.3254,         20,                   45.0584,                        5.1015
        191.1016,             0.4804,                 0.2401,          0.2795,             119.3254,         30,                   39.9492,                        2.1524
        191.1016,             0.4804,                 0.2401,          0.2795,             119.3254,         40,                   35.4194,                        0.9081
        198.0637,             0.4149,                 0.2233,          0.3618,              51.8148,          0,                   21.4967,                       11.5727
        198.0637,             0.4149,                 0.2233,          0.3618,              51.8148,          5,                   19.5390,                        6.1086
        198.0637,             0.4149,                 0.2233,          0.3618,              51.8148,         10,                   17.7596,                        3.2244
        198.0637,             0.4149,                 0.2233,          0.3618,              51.8148,         15,                   16.1422,                        1.7019
        198.0637,             0.4149,                 0.2233,          0.3618,              51.8148,         20,                   14.6721,                        0.8983
        198.0637,             0.4149,                 0.2233,          0.3618,              51.8148,         30,                   12.1214,                        0.2503
        198.0637,             0.4149,                 0.2233,          0.3618,              51.8148,         40,                   10.0141,                        0.0697
        202.6041,             0.3770,                 0.2964,          0.3267,              58.0447,          0,                   21.8814,                       17.2016
        202.6041,             0.3770,                 0.2964,          0.3267,              58.0447,          5,                   19.2082,                        7.5502
        202.6041,             0.3770,                 0.2964,          0.3267,              58.0447,         10,                   16.8616,                        3.3140
        202.6041,             0.3770,                 0.2964,          0.3267,              58.0447,         15,                   14.8017,                        1.4545
        202.6041,             0.3770,                 0.2964,          0.3267,              58.0447,         20,                   12.9934,                        0.6384
        202.6041,             0.3770,                 0.2964,          0.3267,              58.0447,         30,                   10.0126,                        0.1230
        202.6041,             0.3770,                 0.2964,          0.3267,              58.0447,         40,                    7.7156,                        0.0237
        197.6262,             0.4831,                 0.1897,          0.3272,             131.9345,          0,                   63.7362,                       25.0314
        197.6262,             0.4831,                 0.1897,          0.3272,             131.9345,          5,                   58.1264,                       13.4497
        197.6262,             0.4831,                 0.1897,          0.3272,             131.9345,         10,                   53.0103,                        7.2266
        197.6262,             0.4831,                 0.1897,          0.3272,             131.9345,         15,                   48.3445,                        3.8829
        197.6262,             0.4831,                 0.1897,          0.3272,             131.9345,         20,                   44.0893,                        2.0862
        197.6262,             0.4831,                 0.1897,          0.3272,             131.9345,         30,                   36.6697,                        0.6023
        197.6262,             0.4831,                 0.1897,          0.3272,             131.9345,         40,                   30.4986,                        0.1739
        201.5062,             0.4978,                 0.1674,          0.3348,              74.9490,          0,                   37.3079,                       12.5482
        201.5062,             0.4978,                 0.1674,          0.3348,              74.9490,          5,                   33.0270,                        5.7590
        201.5062,             0.4978,                 0.1674,          0.3348,              74.9490,         10,                   29.2373,                        2.6430
        201.5062,             0.4978,                 0.1674,          0.3348,              74.9490,         15,                   25.8824,                        1.2130
        201.5062,             0.4978,                 0.1674,          0.3348,              74.9490,         20,                   22.9125,                        0.5567
        201.5062,             0.4978,                 0.1674,          0.3348,              74.9490,         30,                   17.9559,                        0.1172
        201.5062,             0.4978,                 0.1674,          0.3348,              74.9490,         40,                   14.0716,                        0.0247
        197.9219,             0.3095,                 0.2918,          0.3987,              93.6775,          0,                   28.9946,                       27.3332
        197.9219,             0.3095,                 0.2918,          0.3987,              93.6775,          5,                   26.3827,                       14.5111
        197.9219,             0.3095,                 0.2918,          0.3987,              93.6775,         10,                   24.0061,                        7.7038
        197.9219,             0.3095,                 0.2918,          0.3987,              93.6775,         15,                   21.8436,                        4.0898
        197.9219,             0.3095,                 0.2918,          0.3987,              93.6775,         20,                   19.8759,                        2.1712
        197.9219,             0.3095,                 0.2918,          0.3987,              93.6775,         30,                   16.4562,                        0.6119
        197.9219,             0.3095,                 0.2918,          0.3987,              93.6775,         40,                   13.6249,                        0.1724
        181.7854,             0.3946,                 0.2623,          0.3431,              78.5392,          0,                   30.9898,                       20.5988
        181.7854,             0.3946,                 0.2623,          0.3431,              78.5392,          5,                   30.0163,                       16.3170
        181.7854,             0.3946,                 0.2623,          0.3431,              78.5392,         10,                   29.0735,                       12.9253
        181.7854,             0.3946,                 0.2623,          0.3431,              78.5392,         15,                   28.1602,                       10.2385
        181.7854,             0.3946,                 0.2623,          0.3431,              78.5392,         20,                   27.2756,                        8.1102
        181.7854,             0.3946,                 0.2623,          0.3431,              78.5392,         30,                   25.5890,                        5.0889
        181.7854,             0.3946,                 0.2623,          0.3431,              78.5392,         40,                   24.0066,                        3.1931
        192.8858,             0.4122,                 0.1935,          0.3944,              99.8618,          0,                   41.1593,                       19.3219
        192.8858,             0.4122,                 0.1935,          0.3944,              99.8618,          5,                   38.5464,                       12.0829
        192.8858,             0.4122,                 0.1935,          0.3944,              99.8618,         10,                   36.0994,                        7.5560
        192.8858,             0.4122,                 0.1935,          0.3944,              99.8618,         15,                   33.8077,                        4.7250
        192.8858,             0.4122,                 0.1935,          0.3944,              99.8618,         20,                   31.6615,                        2.9547
        192.8858,             0.4122,                 0.1935,          0.3944,              99.8618,         30,                   27.7692,                        1.1554
        192.8858,             0.4122,                 0.1935,          0.3944,              99.8618,         40,                   24.3554,                        0.4518
        192.2435,             0.4938,                 0.1656,          0.3407,              66.9687,          0,                   33.0677,                       11.0880
        192.2435,             0.4938,                 0.1656,          0.3407,              66.9687,          5,                   31.0289,                        7.0294
        192.2435,             0.4938,                 0.1656,          0.3407,              66.9687,         10,                   29.1158,                        4.4563
        192.2435,             0.4938,                 0.1656,          0.3407,              66.9687,         15,                   27.3206,                        2.8251
        192.2435,             0.4938,                 0.1656,          0.3407,              66.9687,         20,                   25.6362,                        1.7910
        192.2435,             0.4938,                 0.1656,          0.3407,              66.9687,         30,                   22.5724,                        0.7198
        192.2435,             0.4938,                 0.1656,          0.3407,              66.9687,         40,                   19.8747,                        0.2893
        191.4681,             0.3895,                 0.2656,          0.3449,              60.1445,          0,                   23.4258,                       15.9757
        191.4681,             0.3895,                 0.2656,          0.3449,              60.1445,          5,                   22.0332,                       10.2966
        191.4681,             0.3895,                 0.2656,          0.3449,              60.1445,         10,                   20.7234,                        6.6363
        191.4681,             0.3895,                 0.2656,          0.3449,              60.1445,         15,                   19.4915,                        4.2772
        191.4681,             0.3895,                 0.2656,          0.3449,              60.1445,         20,                   18.3328,                        2.7567
        191.4681,             0.3895,                 0.2656,          0.3449,              60.1445,         30,                   16.2179,                        1.1451
        191.4681,             0.3895,                 0.2656,          0.3449,              60.1445,         40,                   14.3470,                        0.4756
        185.5637,             0.3340,                 0.2785,          0.3875,             123.3966,          0,                   41.2182,                       34.3607
        185.5637,             0.3340,                 0.2785,          0.3875,             123.3966,          5,                   39.4686,                       25.1138
        185.5637,             0.3340,                 0.2785,          0.3875,             123.3966,         10,                   37.7932,                       18.3553
        185.5637,             0.3340,                 0.2785,          0.3875,             123.3966,         15,                   36.1889,                       13.4156
        185.5637,             0.3340,                 0.2785,          0.3875,             123.3966,         20,                   34.6527,                        9.8052
        185.5637,             0.3340,                 0.2785,          0.3875,             123.3966,         30,                   31.7732,                        5.2378
        185.5637,             0.3340,                 0.2785,          0.3875,             123.3966,         40,                   29.1329,                        2.7979
        203.0351,             0.4854,                 0.2474,          0.2673,              63.5860,          0,                   30.8624,                       15.7301
        203.0351,             0.4854,                 0.2474,          0.2673,              63.5860,          5,                   27.0027,                        6.7845
        203.0351,             0.4854,                 0.2474,          0.2673,              63.5860,         10,                   23.6257,                        2.9262
        203.0351,             0.4854,                 0.2474,          0.2673,              63.5860,         15,                   20.6711,                        1.2620
        203.0351,             0.4854,                 0.2474,          0.2673,              63.5860,         20,                   18.0859,                        0.5443
        203.0351,             0.4854,                 0.2474,          0.2673,              63.5860,         30,                   13.8450,                        0.1012
        203.0351,             0.4854,                 0.2474,          0.2673,              63.5860,         40,                   10.5986,                        0.0188
        204.2910,             0.4960,                 0.2608,          0.2433,             112.6535,          0,                   55.8719,                       29.3746
        204.2910,             0.4960,                 0.2608,          0.2433,             112.6535,          5,                   48.4160,                       12.0393
        204.2910,             0.4960,                 0.2608,          0.2433,             112.6535,         10,                   41.9551,                        4.9342
        204.2910,             0.4960,                 0.2608,          0.2433,             112.6535,         15,                   36.3564,                        2.0222
        204.2910,             0.4960,                 0.2608,          0.2433,             112.6535,         20,                   31.5048,                        0.8288
        204.2910,             0.4960,                 0.2608,          0.2433,             112.6535,         30,                   23.6574,                        0.1392
        204.2910,             0.4960,                 0.2608,          0.2433,             112.6535,         40,                   17.7646,                        0.0234
        204.3824,             0.4245,                 0.2530,          0.3225,             122.2919,          0,                   51.9157,                       30.9428
        204.3824,             0.4245,                 0.2530,          0.3225,             122.2919,          5,                   44.9563,                       12.6350
        204.3824,             0.4245,                 0.2530,          0.3225,             122.2919,         10,                   38.9298,                        5.1592
        204.3824,             0.4245,                 0.2530,          0.3225,             122.2919,         15,                   33.7112,                        2.1066
        204.3824,             0.4245,                 0.2530,          0.3225,             122.2919,         20,                   29.1921,                        0.8601
        204.3824,             0.4245,                 0.2530,          0.3225,             122.2919,         30,                   21.8900,                        0.1434
        204.3824,             0.4245,                 0.2530,          0.3225,             122.2919,         40,                   16.4145,                        0.0239
        189.6921,             0.4890,                 0.2835,          0.2275,             108.8271,          0,                   53.2148,                       30.8538
        189.6921,             0.4890,                 0.2835,          0.2275,             108.8271,          5,                   50.3218,                       20.6524
        189.6921,             0.4890,                 0.2835,          0.2275,             108.8271,         10,                   47.5860,                       13.8239
        189.6921,             0.4890,                 0.2835,          0.2275,             108.8271,         15,                   44.9990,                        9.2532
        189.6921,             0.4890,                 0.2835,          0.2275,             108.8271,         20,                   42.5526,                        6.1937
        189.6921,             0.4890,                 0.2835,          0.2275,             108.8271,         30,                   38.0516,                        2.7750
        189.6921,             0.4890,                 0.2835,          0.2275,             108.8271,         40,                   34.0266,                        1.2433
        203.3988,             0.4660,                 0.1716,          0.3624,             146.9834,          0,                   68.4963,                       25.2257
        203.3988,             0.4660,                 0.1716,          0.3624,             146.9834,          5,                   59.7632,                       10.7205
        203.3988,             0.4660,                 0.1716,          0.3624,             146.9834,         10,                   52.1436,                        4.5560
        203.3988,             0.4660,                 0.1716,          0.3624,             146.9834,         15,                   45.4954,                        1.9361
        203.3988,             0.4660,                 0.1716,          0.3624,             146.9834,         20,                   39.6948,                        0.8228
        203.3988,             0.4660,                 0.1716,          0.3624,             146.9834,         30,                   30.2180,                        0.1486
        203.3988,             0.4660,                 0.1716,          0.3624,             146.9834,         40,                   23.0037,                        0.0268
        199.6135,             0.4079,                 0.2796,          0.3125,              77.7268,          0,                   31.7047,                       21.7331
        199.6135,             0.4079,                 0.2796,          0.3125,              77.7268,          5,                   28.4770,                       10.7716
        199.6135,             0.4079,                 0.2796,          0.3125,              77.7268,         10,                   25.5778,                        5.3387
        199.6135,             0.4079,                 0.2796,          0.3125,              77.7268,         15,                   22.9739,                        2.6460
        199.6135,             0.4079,                 0.2796,          0.3125,              77.7268,         20,                   20.6350,                        1.3114
        199.6135,             0.4079,                 0.2796,          0.3125,              77.7268,         30,                   16.6473,                        0.3221
        199.6135,             0.4079,                 0.2796,          0.3125,              77.7268,         40,                   13.4302,                        0.0791
        192.4213,             0.4023,                 0.2171,          0.3806,              92.7687,          0,                   37.3164,                       20.1419
        192.4213,             0.4023,                 0.2171,          0.3806,              92.7687,          5,                   34.9968,                       12.7209
        192.4213,             0.4023,                 0.2171,          0.3806,              92.7687,         10,                   32.8213,                        8.0340
        192.4213,             0.4023,                 0.2171,          0.3806,              92.7687,         15,                   30.7811,                        5.0740
        192.4213,             0.4023,                 0.2171,          0.3806,              92.7687,         20,                   28.8677,                        3.2045
        192.4213,             0.4023,                 0.2171,          0.3806,              92.7687,         30,                   25.3903,                        1.2781
        192.4213,             0.4023,                 0.2171,          0.3806,              92.7687,         40,                   22.3318,                        0.5098
        198.3823,             0.3865,                 0.2625,          0.3510,             105.4331,          0,                   40.7481,                       27.6788
        198.3823,             0.3865,                 0.2625,          0.3510,             105.4331,          5,                   36.9468,                       14.4222
        198.3823,             0.3865,                 0.2625,          0.3510,             105.4331,         10,                   33.5001,                        7.5147
        198.3823,             0.3865,                 0.2625,          0.3510,             105.4331,         15,                   30.3750,                        3.9155
        198.3823,             0.3865,                 0.2625,          0.3510,             105.4331,         20,                   27.5413,                        2.0401
        198.3823,             0.3865,                 0.2625,          0.3510,             105.4331,         30,                   22.6424,                        0.5538
        198.3823,             0.3865,                 0.2625,          0.3510,             105.4331,         40,                   18.6149,                        0.1503
        183.7742,             0.5000,                 0.2028,          0.2972,             126.4854,          0,                   63.2396,                       25.6520
        183.7742,             0.5000,                 0.2028,          0.2972,             126.4854,          5,                   60.8847,                       19.4771
        183.7742,             0.5000,                 0.2028,          0.2972,             126.4854,         10,                   58.6175,                       14.7885
        183.7742,             0.5000,                 0.2028,          0.2972,             126.4854,         15,                   56.4347,                       11.2286
        183.7742,             0.5000,                 0.2028,          0.2972,             126.4854,         20,                   54.3333,                        8.5256
        183.7742,             0.5000,                 0.2028,          0.2972,             126.4854,         30,                   50.3621,                        4.9150
        183.7742,             0.5000,                 0.2028,          0.2972,             126.4854,         40,                   46.6812,                        2.8334
        185.8439,             0.4438,                 0.1607,          0.3955,             142.5920,          0,                   63.2840,                       22.9096
        185.8439,             0.4438,                 0.1607,          0.3955,             142.5920,          5,                   60.5462,                       16.6447
        185.8439,             0.4438,                 0.1607,          0.3955,             142.5920,         10,                   57.9268,                       12.0929
        185.8439,             0.4438,                 0.1607,          0.3955,             142.5920,         15,                   55.4207,                        8.7859
        185.8439,             0.4438,                 0.1607,          0.3955,             142.5920,         20,                   53.0231,                        6.3832
        185.8439,             0.4438,                 0.1607,          0.3955,             142.5920,         30,                   48.5345,                        3.3693
        185.8439,             0.4438,                 0.1607,          0.3955,             142.5920,         40,                   44.4258,                        1.7785
        181.3815,             0.4757,                 0.2671,          0.2572,             107.3174,          0,                   51.0510,                       28.6599
        181.3815,             0.4757,                 0.2671,          0.2572,             107.3174,          5,                   49.5080,                       22.8987
        181.3815,             0.4757,                 0.2671,          0.2572,             107.3174,         10,                   48.0117,                       18.2955
        181.3815,             0.4757,                 0.2671,          0.2572,             107.3174,         15,                   46.5606,                       14.6177
        181.3815,             0.4757,                 0.2671,          0.2572,             107.3174,         20,                   45.1533,                       11.6792
        181.3815,             0.4757,                 0.2671,          0.2572,             107.3174,         30,                   42.4651,                        7.4555
        181.3815,             0.4757,                 0.2671,          0.2572,             107.3174,         40,                   39.9369,                        4.7593
        190.1364,             0.4765,                 0.2882,          0.2353,              90.5302,          0,                   43.1406,                       26.0892
        190.1364,             0.4765,                 0.2882,          0.2353,              90.5302,          5,                   40.7403,                       17.2987
        190.1364,             0.4765,                 0.2882,          0.2353,              90.5302,         10,                   38.4736,                       11.4700
        190.1364,             0.4765,                 0.2882,          0.2353,              90.5302,         15,                   36.3329,                        7.6053
        190.1364,             0.4765,                 0.2882,          0.2353,              90.5302,         20,                   34.3114,                        5.0427
        190.1364,             0.4765,                 0.2882,          0.2353,              90.5302,         30,                   30.5995,                        2.2169
        190.1364,             0.4765,                 0.2882,          0.2353,              90.5302,         40,                   27.2892,                        0.9746
        180.0651,             0.4498,                 0.1906,          0.3596,             127.4301,          0,                   57.3169,                       24.2938
        180.0651,             0.4498,                 0.1906,          0.3596,             127.4301,          5,                   55.8069,                       19.9621
        180.0651,             0.4498,                 0.1906,          0.3596,             127.4301,         10,                   54.3367,                       16.4028
        180.0651,             0.4498,                 0.1906,          0.3596,             127.4301,         15,                   52.9052,                       13.4781
        180.0651,             0.4498,                 0.1906,          0.3596,             127.4301,         20,                   51.5115,                       11.0749
        180.0651,             0.4498,                 0.1906,          0.3596,             127.4301,         30,                   48.8332,                        7.4775
        180.0651,             0.4498,                 0.1906,          0.3596,             127.4301,         40,                   46.2941,                        5.0487
        208.5403,             0.4518,                 0.2397,          0.3085,             102.2019,          0,                   46.1748,                       24.4971
        208.5403,             0.4518,                 0.2397,          0.3085,             102.2019,          5,                   38.7306,                        8.4483
        208.5403,             0.4518,                 0.2397,          0.3085,             102.2019,         10,                   32.4864,                        2.9135
        208.5403,             0.4518,                 0.2397,          0.3085,             102.2019,         15,                   27.2489,                        1.0047
        208.5403,             0.4518,                 0.2397,          0.3085,             102.2019,         20,                   22.8558,                        0.3465
        208.5403,             0.4518,                 0.2397,          0.3085,             102.2019,         30,                   16.0801,                        0.0412
        208.5403,             0.4518,                 0.2397,          0.3085,             102.2019,         40,                   11.3131,                        0.0049
        198.6769,             0.4220,                 0.2349,          0.3430,              98.9769,          0,                   41.7723,                       23.2531
        198.6769,             0.4220,                 0.2349,          0.3430,              98.9769,          5,                   37.7900,                       11.9720
        198.6769,             0.4220,                 0.2349,          0.3430,              98.9769,         10,                   34.1874,                        6.1638
        198.6769,             0.4220,                 0.2349,          0.3430,              98.9769,         15,                   30.9282,                        3.1734
        198.6769,             0.4220,                 0.2349,          0.3430,              98.9769,         20,                   27.9797,                        1.6338
        198.6769,             0.4220,                 0.2349,          0.3430,              98.9769,         30,                   22.8991,                        0.4330
        198.6769,             0.4220,                 0.2349,          0.3430,              98.9769,         40,                   18.7411,                        0.1148
        193.8842,             0.4912,                 0.2740,          0.2348,              73.1124,          0,                   35.9136,                       20.0344
        193.8842,             0.4912,                 0.2740,          0.2348,              73.1124,          5,                   33.5320,                       12.2648
        193.8842,             0.4912,                 0.2740,          0.2348,              73.1124,         10,                   31.3084,                        7.5084
        193.8842,             0.4912,                 0.2740,          0.2348,              73.1124,         15,                   29.2322,                        4.5965
        193.8842,             0.4912,                 0.2740,          0.2348,              73.1124,         20,                   27.2937,                        2.8139
        193.8842,             0.4912,                 0.2740,          0.2348,              73.1124,         30,                   23.7938,                        1.0545
        193.8842,             0.4912,                 0.2740,          0.2348,              73.1124,         40,                   20.7427,                        0.3952
        187.3174,             0.4312,                 0.1851,          0.3837,              88.4190,          0,                   38.1247,                       16.3661
        187.3174,             0.4312,                 0.1851,          0.3837,              88.4190,          5,                   36.3126,                       11.5232
        187.3174,             0.4312,                 0.1851,          0.3837,              88.4190,         10,                   34.5867,                        8.1134
        187.3174,             0.4312,                 0.1851,          0.3837,              88.4190,         15,                   32.9428,                        5.7125
        187.3174,             0.4312,                 0.1851,          0.3837,              88.4190,         20,                   31.3771,                        4.0221
        187.3174,             0.4312,                 0.1851,          0.3837,              88.4190,         30,                   28.4653,                        1.9939
        187.3174,             0.4312,                 0.1851,          0.3837,              88.4190,         40,                   25.8237,                        0.9884
        182.2818,             0.3537,                 0.2975,          0.3489,              81.8689,          0,                   28.9549,                       24.3538
        182.2818,             0.3537,                 0.2975,          0.3489,              81.8689,          5,                   28.0032,                       19.0886
        182.2818,             0.3537,                 0.2975,          0.3489,              81.8689,         10,                   27.0828,                       14.9617
        182.2818,             0.3537,                 0.2975,          0.3489,              81.8689,         15,                   26.1926,                       11.7270
        182.2818,             0.3537,                 0.2975,          0.3489,              81.8689,         20,                   25.3317,                        9.1916
        182.2818,             0.3537,                 0.2975,          0.3489,              81.8689,         30,                   23.6938,                        5.6468
        182.2818,             0.3537,                 0.2975,          0.3489,              81.8689,         40,                   22.1618,                        3.4690
        204.7982,             0.3455,                 0.2999,          0.3546,              70.0451,          0,                   24.2015,                       21.0031
        204.7982,             0.3455,                 0.2999,          0.3546,              70.0451,          5,                   20.8905,                        8.4327
        204.7982,             0.3455,                 0.2999,          0.3546,              70.0451,         10,                   18.0326,                        3.3856
        204.7982,             0.3455,                 0.2999,          0.3546,              70.0451,         15,                   15.5656,                        1.3593
        204.7982,             0.3455,                 0.2999,          0.3546,              70.0451,         20,                   13.4360,                        0.5457
        204.7982,             0.3455,                 0.2999,          0.3546,              70.0451,         30,                   10.0112,                        0.0879
        204.7982,             0.3455,                 0.2999,          0.3546,              70.0451,         40,                    7.4593,                        0.0142
        207.3739,             0.4334,                 0.1752,          0.3914,             118.1190,          0,                   51.1979,                       20.6941
        207.3739,             0.4334,                 0.1752,          0.3914,             118.1190,          5,                   43.3295,                        7.4831
        207.3739,             0.4334,                 0.1752,          0.3914,             118.1190,         10,                   36.6704,                        2.7058
        207.3739,             0.4334,                 0.1752,          0.3914,             118.1190,         15,                   31.0346,                        0.9784
        207.3739,             0.4334,                 0.1752,          0.3914,             118.1190,         20,                   26.2650,                        0.3538
        207.3739,             0.4334,                 0.1752,          0.3914,             118.1190,         30,                   18.8121,                        0.0462
        207.3739,             0.4334,                 0.1752,          0.3914,             118.1190,         40,                   13.4740,                        0.0060
        200.6443,             0.3791,                 0.2261,          0.3948,             140.4780,          0,                   53.2500,                       31.7636
        200.6443,             0.3791,                 0.2261,          0.3948,             140.4780,          5,                   47.4524,                       15.0974
        200.6443,             0.3791,                 0.2261,          0.3948,             140.4780,         10,                   42.2860,                        7.1758
        200.6443,             0.3791,                 0.2261,          0.3948,             140.4780,         15,                   37.6820,                        3.4106
        200.6443,             0.3791,                 0.2261,          0.3948,             140.4780,         20,                   33.5793,                        1.6210
        200.6443,             0.3791,                 0.2261,          0.3948,             140.4780,         30,                   26.6653,                        0.3662
        200.6443,             0.3791,                 0.2261,          0.3948,             140.4780,         40,                   21.1749,                        0.0827
        203.8513,             0.3935,                 0.2591,          0.3474,              89.8893,          0,                   35.3710,                       23.2865
        203.8513,             0.3935,                 0.2591,          0.3474,              89.8893,          5,                   30.7544,                        9.7161
        203.8513,             0.3935,                 0.2591,          0.3474,              89.8893,         10,                   26.7404,                        4.0539
        203.8513,             0.3935,                 0.2591,          0.3474,              89.8893,         15,                   23.2502,                        1.6914
        203.8513,             0.3935,                 0.2591,          0.3474,              89.8893,         20,                   20.2156,                        0.7057
        203.8513,             0.3935,                 0.2591,          0.3474,              89.8893,         30,                   15.2829,                        0.1228
        203.8513,             0.3935,                 0.2591,          0.3474,              89.8893,         40,                   11.5537,                        0.0214
        195.0053,             0.3819,                 0.2218,          0.3964,              59.0470,          0,                   22.5475,                       13.0962
        195.0053,             0.3819,                 0.2218,          0.3964,              59.0470,          5,                   20.9803,                        7.8274
        195.0053,             0.3819,                 0.2218,          0.3964,              59.0470,         10,                   19.5220,                        4.6783
        195.0053,             0.3819,                 0.2218,          0.3964,              59.0470,         15,                   18.1651,                        2.7961
        195.0053,             0.3819,                 0.2218,          0.3964,              59.0470,         20,                   16.9025,                        1.6712
        195.0053,             0.3819,                 0.2218,          0.3964,              59.0470,         30,                   14.6345,                        0.5969
        195.0053,             0.3819,                 0.2218,          0.3964,              59.0470,         40,                   12.6708,                        0.2132
        202.3150,             0.4877,                 0.2711,          0.2412,             130.4576,          0,                   63.6202,                       35.3697
        202.3150,             0.4877,                 0.2711,          0.2412,             130.4576,          5,                   55.9720,                       15.7082
        202.3150,             0.4877,                 0.2711,          0.2412,             130.4576,         10,                   49.2432,                        6.9761
        202.3150,             0.4877,                 0.2711,          0.2412,             130.4576,         15,                   43.3233,                        3.0981
        202.3150,             0.4877,                 0.2711,          0.2412,             130.4576,         20,                   38.1150,                        1.3758
        202.3150,             0.4877,                 0.2711,          0.2412,             130.4576,         30,                   29.5016,                        0.2713
        202.3150,             0.4877,                 0.2711,          0.2412,             130.4576,         40,                   22.8347,                        0.0535
        193.1519,             0.4608,                 0.1954,          0.3438,              96.1481,          0,                   44.3081,                       18.7871
        193.1519,             0.4608,                 0.1954,          0.3438,              96.1481,          5,                   41.4618,                       11.6821
        193.1519,             0.4608,                 0.1954,          0.3438,              96.1481,         10,                   38.7984,                        7.2640
        193.1519,             0.4608,                 0.1954,          0.3438,              96.1481,         15,                   36.3061,                        4.5168
        193.1519,             0.4608,                 0.1954,          0.3438,              96.1481,         20,                   33.9738,                        2.8086
        193.1519,             0.4608,                 0.1954,          0.3438,              96.1481,         30,                   29.7492,                        1.0859
        193.1519,             0.4608,                 0.1954,          0.3438,              96.1481,         40,                   26.0499,                        0.4198
        196.1112,             0.4472,                 0.2899,          0.2629,             101.6287,          0,                   45.4474,                       29.4581
        196.1112,             0.4472,                 0.2899,          0.2629,             101.6287,          5,                   41.9315,                       16.8331
        196.1112,             0.4472,                 0.2899,          0.2629,             101.6287,         10,                   38.6876,                        9.6187
        196.1112,             0.4472,                 0.2899,          0.2629,             101.6287,         15,                   35.6946,                        5.4963
        196.1112,             0.4472,                 0.2899,          0.2629,             101.6287,         20,                   32.9332,                        3.1406
        196.1112,             0.4472,                 0.2899,          0.2629,             101.6287,         30,                   28.0347,                        1.0254
        196.1112,             0.4472,                 0.2899,          0.2629,             101.6287,         40,                   23.8647,                        0.3348
        186.9312,             0.4015,                 0.1997,          0.3988,             144.8996,          0,                   58.1730,                       28.9408
        186.9312,             0.4015,                 0.1997,          0.3988,             144.8996,          5,                   55.4730,                       20.5453
        186.9312,             0.4015,                 0.1997,          0.3988,             144.8996,         10,                   52.8984,                       14.5852
        186.9312,             0.4015,                 0.1997,          0.3988,             144.8996,         15,                   50.4432,                       10.3540
        186.9312,             0.4015,                 0.1997,          0.3988,             144.8996,         20,                   48.1020,                        7.3503
        186.9312,             0.4015,                 0.1997,          0.3988,             144.8996,         30,                   43.7405,                        3.7042
        186.9312,             0.4015,                 0.1997,          0.3988,             144.8996,         40,                   39.7744,                        1.8667
        199.2869,             0.4043,                 0.2725,          0.3233,             120.1487,          0,                   48.5702,                       32.7394
        199.2869,             0.4043,                 0.2725,          0.3233,             120.1487,          5,                   43.7348,                       16.4435
        199.2869,             0.4043,                 0.2725,          0.3233,             120.1487,         10,                   39.3808,                        8.2587
        199.2869,             0.4043,                 0.2725,          0.3233,             120.1487,         15,                   35.4603,                        4.1479
        199.2869,             0.4043,                 0.2725,          0.3233,             120.1487,         20,                   31.9300,                        2.0832
        199.2869,             0.4043,                 0.2725,          0.3233,             120.1487,         30,                   25.8889,                        0.5254
        199.2869,             0.4043,                 0.2725,          0.3233,             120.1487,         40,                   20.9907,                        0.1325
        184.0407,             0.4635,                 0.2338,          0.3027,             109.7516,          0,                   50.8710,                       25.6553
        184.0407,             0.4635,                 0.2338,          0.3027,             109.7516,          5,                   48.9371,                       19.3693
        184.0407,             0.4635,                 0.2338,          0.3027,             109.7516,         10,                   47.0768,                       14.6235
        184.0407,             0.4635,                 0.2338,          0.3027,             109.7516,         15,                   45.2871,                       11.0404
        184.0407,             0.4635,                 0.2338,          0.3027,             109.7516,         20,                   43.5655,                        8.3353
        184.0407,             0.4635,                 0.2338,          0.3027,             109.7516,         30,                   40.3161,                        4.7510
        184.0407,             0.4635,                 0.2338,          0.3027,             109.7516,         40,                   37.3091,                        2.7080
        186.6180,             0.4544,                 0.1882,          0.3573,             113.1120,          0,                   51.4032,                       21.2903
        186.6180,             0.4544,                 0.1882,          0.3573,             113.1120,          5,                   49.0640,                       15.2153
        186.6180,             0.4544,                 0.1882,          0.3573,             113.1120,         10,                   46.8313,                       10.8737
        186.6180,             0.4544,                 0.1882,          0.3573,             113.1120,         15,                   44.7002,                        7.7709
        186.6180,             0.4544,                 0.1882,          0.3573,             113.1120,         20,                   42.6660,                        5.5535
        186.6180,             0.4544,                 0.1882,          0.3573,             113.1120,         30,                   38.8712,                        2.8363
        186.6180,             0.4544,                 0.1882,          0.3573,             113.1120,         40,                   35.4139,                        1.4485
        181.0528,             0.4789,                 0.2753,          0.2457,              95.4703,          0,                   45.7233,                       26.2876
        181.0528,             0.4789,                 0.2753,          0.2457,              95.4703,          5,                   44.3855,                       21.1507
        181.0528,             0.4789,                 0.2753,          0.2457,              95.4703,         10,                   43.0870,                       17.0177
        181.0528,             0.4789,                 0.2753,          0.2457,              95.4703,         15,                   41.8264,                       13.6922
        181.0528,             0.4789,                 0.2753,          0.2457,              95.4703,         20,                   40.6027,                       11.0166
        181.0528,             0.4789,                 0.2753,          0.2457,              95.4703,         30,                   38.2616,                        7.1317
        181.0528,             0.4789,                 0.2753,          0.2457,              95.4703,         40,                   36.0555,                        4.6168
        188.6605,             0.4401,                 0.1763,          0.3836,              84.8743,          0,                   37.3528,                       14.9614
        188.6605,             0.4401,                 0.1763,          0.3836,              84.8743,          5,                   35.4328,                       10.2371
        188.6605,             0.4401,                 0.1763,          0.3836,              84.8743,         10,                   33.6115,                        7.0045
        188.6605,             0.4401,                 0.1763,          0.3836,              84.8743,         15,                   31.8838,                        4.7927
        188.6605,             0.4401,                 0.1763,          0.3836,              84.8743,         20,                   30.2449,                        3.2793
        188.6605,             0.4401,                 0.1763,          0.3836,              84.8743,         30,                   27.2155,                        1.5352
        188.6605,             0.4401,                 0.1763,          0.3836,              84.8743,         40,                   24.4896,                        0.7187
        205.9404,             0.4360,                 0.1773,          0.3867,             114.8128,          0,                   50.0610,                       20.3531
        205.9404,             0.4360,                 0.1773,          0.3867,             114.8128,          5,                   42.8355,                        7.8012
        205.9404,             0.4360,                 0.1773,          0.3867,             114.8128,         10,                   36.6529,                        2.9900
        205.9404,             0.4360,                 0.1773,          0.3867,             114.8128,         15,                   31.3626,                        1.1460
        205.9404,             0.4360,                 0.1773,          0.3867,             114.8128,         20,                   26.8359,                        0.4392
        205.9404,             0.4360,                 0.1773,          0.3867,             114.8128,         30,                   19.6482,                        0.0645
        205.9404,             0.4360,                 0.1773,          0.3867,             114.8128,         40,                   14.3856,                        0.0095
        187.6976,             0.4213,                 0.2088,          0.3699,             145.9499,          0,                   61.4909,                       30.4756
        187.6976,             0.4213,                 0.2088,          0.3699,             145.9499,          5,                   58.5008,                       21.2845
        187.6976,             0.4213,                 0.2088,          0.3699,             145.9499,         10,                   55.6561,                       14.8653
        187.6976,             0.4213,                 0.2088,          0.3699,             145.9499,         15,                   52.9497,                       10.3820
        187.6976,             0.4213,                 0.2088,          0.3699,             145.9499,         20,                   50.3749,                        7.2508
        187.6976,             0.4213,                 0.2088,          0.3699,             145.9499,         30,                   45.5948,                        3.5367
        187.6976,             0.4213,                 0.2088,          0.3699,             145.9499,         40,                   41.2683,                        1.7251
        209.2132,             0.4264,                 0.2307,          0.3429,              94.2492,          0,                   40.1890,                       21.7416
        209.2132,             0.4264,                 0.2307,          0.3429,              94.2492,          5,                   33.5363,                        7.2958
        209.2132,             0.4264,                 0.2307,          0.3429,              94.2492,         10,                   27.9849,                        2.4482
        209.2132,             0.4264,                 0.2307,          0.3429,              94.2492,         15,                   23.3523,                        0.8215
        209.2132,             0.4264,                 0.2307,          0.3429,              94.2492,         20,                   19.4867,                        0.2756
        209.2132,             0.4264,                 0.2307,          0.3429,              94.2492,         30,                   13.5691,                        0.0310
        209.2132,             0.4264,                 0.2307,          0.3429,              94.2492,         40,                    9.4485,                        0.0035
        186.3229,             0.4587,                 0.2835,          0.2578,             128.5620,          0,                   58.9742,                       36.4469
        186.3229,             0.4587,                 0.2835,          0.2578,             128.5620,          5,                   56.3409,                       26.2112
        186.3229,             0.4587,                 0.2835,          0.2578,             128.5620,         10,                   53.8252,                       18.8501
        186.3229,             0.4587,                 0.2835,          0.2578,             128.5620,         15,                   51.4218,                       13.5562
        186.3229,             0.4587,                 0.2835,          0.2578,             128.5620,         20,                   49.1258,                        9.7491
        186.3229,             0.4587,                 0.2835,          0.2578,             128.5620,         30,                   44.8366,                        5.0420
        186.3229,             0.4587,                 0.2835,          0.2578,             128.5620,         40,                   40.9219,                        2.6076
        183.3020,             0.4459,                 0.2498,          0.3043,              71.7191,          0,                   31.9778,                       17.9163
        183.3020,             0.4459,                 0.2498,          0.3043,              71.7191,          5,                   30.8312,                       13.7410
        183.3020,             0.4459,                 0.2498,          0.3043,              71.7191,         10,                   29.7257,                       10.5387
        183.3020,             0.4459,                 0.2498,          0.3043,              71.7191,         15,                   28.6598,                        8.0827
        183.3020,             0.4459,                 0.2498,          0.3043,              71.7191,         20,                   27.6321,                        6.1991
        183.3020,             0.4459,                 0.2498,          0.3043,              71.7191,         30,                   25.6860,                        3.6464
        183.3020,             0.4459,                 0.2498,          0.3043,              71.7191,         40,                   23.8770,                        2.1448
        206.8020,             0.4531,                 0.2446,          0.3024,             110.4003,          0,                   50.0173,                       27.0011
        206.8020,             0.4531,                 0.2446,          0.3024,             110.4003,          5,                   42.5164,                        9.9933
        206.8020,             0.4531,                 0.2446,          0.3024,             110.4003,         10,                   36.1403,                        3.6985
        206.8020,             0.4531,                 0.2446,          0.3024,             110.4003,         15,                   30.7205,                        1.3688
        206.8020,             0.4531,                 0.2446,          0.3024,             110.4003,         20,                   26.1134,                        0.5065
        206.8020,             0.4531,                 0.2446,          0.3024,             110.4003,         30,                   18.8683,                        0.0694
        206.8020,             0.4531,                 0.2446,          0.3024,             110.4003,         40,                   13.6333,                        0.0095
        193.6972,             0.3566,                 0.2867,          0.3566,              82.8228,          0,                   29.5382,                       23.7479
        193.6972,             0.3566,                 0.2867,          0.3566,              82.8228,          5,                   27.5951,                       14.5962
        193.6972,             0.3566,                 0.2867,          0.3566,              82.8228,         10,                   25.7798,                        8.9713
        193.6972,             0.3566,                 0.2867,          0.3566,              82.8228,         15,                   24.0839,                        5.5140
        193.6972,             0.3566,                 0.2867,          0.3566,              82.8228,         20,                   22.4995,                        3.3890
        193.6972,             0.3566,                 0.2867,          0.3566,              82.8228,         30,                   19.6366,                        1.2802
        193.6972,             0.3566,                 0.2867,          0.3566,              82.8228,         40,                   17.1380,                        0.4836
        189.5879,             0.4282,                 0.2569,          0.3149,              91.5504,          0,                   39.2032,                       23.5171
        189.5879,             0.4282,                 0.2569,          0.3149,              91.5504,          5,                   37.0837,                       15.7764
        189.5879,             0.4282,                 0.2569,          0.3149,              91.5504,         10,                   35.0787,                       10.5836
        189.5879,             0.4282,                 0.2569,          0.3149,              91.5504,         15,                   33.1821,                        7.0999
        189.5879,             0.4282,                 0.2569,          0.3149,              91.5504,         20,                   31.3880,                        4.7629
        189.5879,             0.4282,                 0.2569,          0.3149,              91.5504,         30,                   28.0857,                        2.1434
        189.5879,             0.4282,                 0.2569,          0.3149,              91.5504,         40,                   25.1308,                        0.9646
        206.4025,             0.4167,                 0.2485,          0.3348,             104.4686,          0,                   43.5300,                       25.9653
        206.4025,             0.4167,                 0.2485,          0.3348,             104.4686,          5,                   37.1154,                        9.7672
        206.4025,             0.4167,                 0.2485,          0.3348,             104.4686,         10,                   31.6461,                        3.6739
        206.4025,             0.4167,                 0.2485,          0.3348,             104.4686,         15,                   26.9828,                        1.3819
        206.4025,             0.4167,                 0.2485,          0.3348,             104.4686,         20,                   23.0066,                        0.5198
        206.4025,             0.4167,                 0.2485,          0.3348,             104.4686,         30,                   16.7256,                        0.0735
        206.4025,             0.4167,                 0.2485,          0.3348,             104.4686,         40,                   12.1594,                        0.0104
        202.0315,             0.4710,                 0.2926,          0.2364,             125.2802,          0,                   59.0047,                       36.6619
        202.0315,             0.4710,                 0.2926,          0.2364,             125.2802,          5,                   52.0243,                       16.4707
        202.0315,             0.4710,                 0.2926,          0.2364,             125.2802,         10,                   45.8697,                        7.3995
        202.0315,             0.4710,                 0.2926,          0.2364,             125.2802,         15,                   40.4432,                        3.3242
        202.0315,             0.4710,                 0.2926,          0.2364,             125.2802,         20,                   35.6586,                        1.4934
        202.0315,             0.4710,                 0.2926,          0.2364,             125.2802,         30,                   27.7205,                        0.3014
        202.0315,             0.4710,                 0.2926,          0.2364,             125.2802,         40,                   21.5496,                        0.0608
        182.8742,             0.3993,                 0.2949,          0.3058,             121.3529,          0,                   48.4581,                       35.7855
        182.8742,             0.3993,                 0.2949,          0.3058,             121.3529,          5,                   46.7812,                       27.6971
        182.8742,             0.3993,                 0.2949,          0.3058,             121.3529,         10,                   45.1623,                       21.4368
        182.8742,             0.3993,                 0.2949,          0.3058,             121.3529,         15,                   43.5994,                       16.5915
        182.8742,             0.3993,                 0.2949,          0.3058,             121.3529,         20,                   42.0906,                       12.8414
        182.8742,             0.3993,                 0.2949,          0.3058,             121.3529,         30,                   39.2279,                        7.6924
        182.8742,             0.3993,                 0.2949,          0.3058,             121.3529,         40,                   36.5599,                        4.6079
        194.8680,             0.4578,                 0.2105,          0.3317,             141.8742,          0,                   64.9524,                       29.8643
        194.8680,             0.4578,                 0.2105,          0.3317,             141.8742,          5,                   60.4644,                       17.9036
        194.8680,             0.4578,                 0.2105,          0.3317,             141.8742,         10,                   56.2866,                       10.7331
        194.8680,             0.4578,                 0.2105,          0.3317,             141.8742,         15,                   52.3974,                        6.4343
        194.8680,             0.4578,                 0.2105,          0.3317,             141.8742,         20,                   48.7769,                        3.8573
        194.8680,             0.4578,                 0.2105,          0.3317,             141.8742,         30,                   42.2691,                        1.3862
        194.8680,             0.4578,                 0.2105,          0.3317,             141.8742,         40,                   36.6296,                        0.4982
        200.0407,             0.4083,                 0.2516,          0.3401,              69.2218,          0,                   28.2618,                       17.4183
        200.0407,             0.4083,                 0.2516,          0.3401,              69.2218,          5,                   25.3016,                        8.4846
        200.0407,             0.4083,                 0.2516,          0.3401,              69.2218,         10,                   22.6514,                        4.1328
        200.0407,             0.4083,                 0.2516,          0.3401,              69.2218,         15,                   20.2789,                        2.0131
        200.0407,             0.4083,                 0.2516,          0.3401,              69.2218,         20,                   18.1548,                        0.9805
        200.0407,             0.4083,                 0.2516,          0.3401,              69.2218,         30,                   14.5508,                        0.2326
        200.0407,             0.4083,                 0.2516,          0.3401,              69.2218,         40,                   11.6622,                        0.0552
        199.1149,             0.4722,                 0.1842,          0.3436,             134.3253,          0,                   63.4256,                       24.7422
        199.1149,             0.4722,                 0.1842,          0.3436,             134.3253,          5,                   57.1867,                       12.5140
        199.1149,             0.4722,                 0.1842,          0.3436,             134.3253,         10,                   51.5614,                        6.3292
        199.1149,             0.4722,                 0.1842,          0.3436,             134.3253,         15,                   46.4895,                        3.2011
        199.1149,             0.4722,                 0.1842,          0.3436,             134.3253,         20,                   41.9165,                        1.6190
        199.1149,             0.4722,                 0.1842,          0.3436,             134.3253,         30,                   34.0756,                        0.4141
        199.1149,             0.4722,                 0.1842,          0.3436,             134.3253,         40,                   27.7014,                        0.1059
        182.0235,             0.4654,                 0.1620,          0.3726,              68.3745,          0,                   31.8187,                       11.0791
        182.0235,             0.4654,                 0.1620,          0.3726,              68.3745,          5,                   30.7970,                        8.7318
        182.0235,             0.4654,                 0.1620,          0.3726,              68.3745,         10,                   29.8081,                        6.8817
        182.0235,             0.4654,                 0.1620,          0.3726,              68.3745,         15,                   28.8509,                        5.4237
        182.0235,             0.4654,                 0.1620,          0.3726,              68.3745,         20,                   27.9245,                        4.2745
        182.0235,             0.4654,                 0.1620,          0.3726,              68.3745,         30,                   26.1599,                        2.6551
        182.0235,             0.4654,                 0.1620,          0.3726,              68.3745,         40,                   24.5068,                        1.6492
        196.2375,             0.3731,                 0.2371,          0.3898,              50.3898,          0,                   18.8010,                       11.9472
        196.2375,             0.3731,                 0.2371,          0.3898,              50.3898,          5,                   17.3298,                        6.7920
        196.2375,             0.3731,                 0.2371,          0.3898,              50.3898,         10,                   15.9736,                        3.8612
        196.2375,             0.3731,                 0.2371,          0.3898,              50.3898,         15,                   14.7236,                        2.1951
        196.2375,             0.3731,                 0.2371,          0.3898,              50.3898,         20,                   13.5714,                        1.2479
        196.2375,             0.3731,                 0.2371,          0.3898,              50.3898,         30,                   11.5304,                        0.4033
        196.2375,             0.3731,                 0.2371,          0.3898,              50.3898,         40,                    9.7964,                        0.1303
        207.0438,             0.3689,                 0.2318,          0.3993,             124.6778,          0,                   45.9950,                       28.8960
        207.0438,             0.3689,                 0.2318,          0.3993,             124.6778,          5,                   39.0249,                       10.5900
        207.0438,             0.3689,                 0.2318,          0.3993,             124.6778,         10,                   33.1110,                        3.8810
        207.0438,             0.3689,                 0.2318,          0.3993,             124.6778,         15,                   28.0933,                        1.4223
        207.0438,             0.3689,                 0.2318,          0.3993,             124.6778,         20,                   23.8359,                        0.5212
        207.0438,             0.3689,                 0.2318,          0.3993,             124.6778,         30,                   17.1590,                        0.0700
        207.0438,             0.3689,                 0.2318,          0.3993,             124.6778,         40,                   12.3523,                        0.0094
        207.7256,             0.4810,                 0.2886,          0.2304,              87.2930,          0,                   41.9905,                       25.1890
        207.7256,             0.4810,                 0.2886,          0.2304,              87.2930,          5,                   35.4415,                        8.9793
        207.7256,             0.4810,                 0.2886,          0.2304,              87.2930,         10,                   29.9139,                        3.2008
        207.7256,             0.4810,                 0.2886,          0.2304,              87.2930,         15,                   25.2483,                        1.1410
        207.7256,             0.4810,                 0.2886,          0.2304,              87.2930,         20,                   21.3105,                        0.4067
        207.7256,             0.4810,                 0.2886,          0.2304,              87.2930,         30,                   15.1814,                        0.0517
        207.7256,             0.4810,                 0.2886,          0.2304,              87.2930,         40,                   10.8151,                        0.0066
        205.7049,             0.4832,                 0.2500,          0.2668,              99.9734,          0,                   48.3083,                       24.9888
        205.7049,             0.4832,                 0.2500,          0.2668,              99.9734,          5,                   41.4105,                        9.6700
        205.7049,             0.4832,                 0.2500,          0.2668,              99.9734,         10,                   35.4976,                        3.7420
        205.7049,             0.4832,                 0.2500,          0.2668,              99.9734,         15,                   30.4289,                        1.4480
        205.7049,             0.4832,                 0.2500,          0.2668,              99.9734,         20,                   26.0840,                        0.5603
        205.7049,             0.4832,                 0.2500,          0.2668,              99.9734,         30,                   19.1668,                        0.0839
        205.7049,             0.4832,                 0.2500,          0.2668,              99.9734,         40,                   14.0839,                        0.0126
        199.0272,             0.4964,                 0.2111,          0.2924,             137.4437,          0,                   68.2304,                       29.0188
        199.0272,             0.4964,                 0.2111,          0.2924,             137.4437,          5,                   61.5602,                       14.7294
        199.0272,             0.4964,                 0.2111,          0.2924,             137.4437,         10,                   55.5420,                        7.4763
        199.0272,             0.4964,                 0.2111,          0.2924,             137.4437,         15,                   50.1122,                        3.7947
        199.0272,             0.4964,                 0.2111,          0.2924,             137.4437,         20,                   45.2132,                        1.9261
        199.0272,             0.4964,                 0.2111,          0.2924,             137.4437,         30,                   36.8052,                        0.4962
        199.0272,             0.4964,                 0.2111,          0.2924,             137.4437,         40,                   29.9607,                        0.1278
        193.9945,             0.3367,                 0.2656,          0.3977,              55.6472,          0,                   18.7363,                       14.7825
        193.9945,             0.3367,                 0.2656,          0.3977,              55.6472,          5,                   17.4879,                        9.0285
        193.9945,             0.3367,                 0.2656,          0.3977,              55.6472,         10,                   16.3228,                        5.5141
        193.9945,             0.3367,                 0.2656,          0.3977,              55.6472,         15,                   15.2353,                        3.3677
        193.9945,             0.3367,                 0.2656,          0.3977,              55.6472,         20,                   14.2202,                        2.0568
        193.9945,             0.3367,                 0.2656,          0.3977,              55.6472,         30,                   12.3884,                        0.7672
        193.9945,             0.3367,                 0.2656,          0.3977,              55.6472,         40,                   10.7926,                        0.2862
        205.9863,             0.4505,                 0.2144,          0.3351,              74.8013,          0,                   33.7004,                       16.0382
        205.9863,             0.4505,                 0.2144,          0.3351,              74.8013,          5,                   28.8262,                        6.1358
        205.9863,             0.4505,                 0.2144,          0.3351,              74.8013,         10,                   24.6569,                        2.3474
        205.9863,             0.4505,                 0.2144,          0.3351,              74.8013,         15,                   21.0906,                        0.8980
        205.9863,             0.4505,                 0.2144,          0.3351,              74.8013,         20,                   18.0402,                        0.3435
        205.9863,             0.4505,                 0.2144,          0.3351,              74.8013,         30,                   13.1990,                        0.0503
        205.9863,             0.4505,                 0.2144,          0.3351,              74.8013,         40,                    9.6570,                        0.0074
        197.2062,             0.4167,                 0.2458,          0.3375,             132.9643,          0,                   55.4099,                       32.6795
        197.2062,             0.4167,                 0.2458,          0.3375,             132.9643,          5,                   50.6959,                       17.8613
        197.2062,             0.4167,                 0.2458,          0.3375,             132.9643,         10,                   46.3829,                        9.7622
        197.2062,             0.4167,                 0.2458,          0.3375,             132.9643,         15,                   42.4369,                        5.3355
        197.2062,             0.4167,                 0.2458,          0.3375,             132.9643,         20,                   38.8265,                        2.9161
        197.2062,             0.4167,                 0.2458,          0.3375,             132.9643,         30,                   32.5011,                        0.8710
        197.2062,             0.4167,                 0.2458,          0.3375,             132.9643,         40,                   27.2062,                        0.2602
        185.3939,             0.3963,                 0.2171,          0.3866,              93.4612,          0,                   37.0408,                       20.2882
        185.3939,             0.3963,                 0.2171,          0.3866,              93.4612,          5,                   35.4867,                       14.8821
        185.3939,             0.3963,                 0.2171,          0.3866,              93.4612,         10,                   33.9978,                       10.9165
        185.3939,             0.3963,                 0.2171,          0.3866,              93.4612,         15,                   32.5714,                        8.0076
        185.3939,             0.3963,                 0.2171,          0.3866,              93.4612,         20,                   31.2049,                        5.8738
        185.3939,             0.3963,                 0.2171,          0.3866,              93.4612,         30,                   28.6414,                        3.1605
        185.3939,             0.3963,                 0.2171,          0.3866,              93.4612,         40,                   26.2884,                        1.7005
        182.6062,             0.4187,                 0.2533,          0.3279,             110.7930,          0,                   46.3932,                       28.0657
        182.6062,             0.4187,                 0.2533,          0.3279,             110.7930,          5,                   44.8242,                       21.8465
        182.6062,             0.4187,                 0.2533,          0.3279,             110.7930,         10,                   43.3082,                       17.0054
        182.6062,             0.4187,                 0.2533,          0.3279,             110.7930,         15,                   41.8435,                       13.2371
        182.6062,             0.4187,                 0.2533,          0.3279,             110.7930,         20,                   40.4283,                       10.3038
        182.6062,             0.4187,                 0.2533,          0.3279,             110.7930,         30,                   37.7400,                        6.2431
        182.6062,             0.4187,                 0.2533,          0.3279,             110.7930,         40,                   35.2304,                        3.7827
        180.7425,             0.3943,                 0.2555,          0.3502,              96.9256,          0,                   38.2144,                       24.7670
        180.7425,             0.3943,                 0.2555,          0.3502,              96.9256,          5,                   37.1313,                       20.0595
        180.7425,             0.3943,                 0.2555,          0.3502,              96.9256,         10,                   36.0789,                       16.2467
        180.7425,             0.3943,                 0.2555,          0.3502,              96.9256,         15,                   35.0563,                       13.1586
        180.7425,             0.3943,                 0.2555,          0.3502,              96.9256,         20,                   34.0627,                       10.6575
        180.7425,             0.3943,                 0.2555,          0.3502,              96.9256,         30,                   32.1592,                        6.9910
        180.7425,             0.3943,                 0.2555,          0.3502,              96.9256,         40,                   30.3621,                        4.5859
        181.6380,             0.4544,                 0.2028,          0.3428,              81.7589,          0,                   37.1539,                       16.5802
        181.6380,             0.4544,                 0.2028,          0.3428,              81.7589,          5,                   36.0029,                       13.1751
        181.6380,             0.4544,                 0.2028,          0.3428,              81.7589,         10,                   34.8876,                       10.4692
        181.6380,             0.4544,                 0.2028,          0.3428,              81.7589,         15,                   33.8068,                        8.3191
        181.6380,             0.4544,                 0.2028,          0.3428,              81.7589,         20,                   32.7595,                        6.6105
        181.6380,             0.4544,                 0.2028,          0.3428,              81.7589,         30,                   30.7613,                        4.1740
        181.6380,             0.4544,                 0.2028,          0.3428,              81.7589,         40,                   28.8849,                        2.6356
        187.4136,             0.4728,                 0.2251,          0.3021,              56.8768,          0,                   26.8898,                       12.8021
        187.4136,             0.4728,                 0.2251,          0.3021,              56.8768,          5,                   25.6042,                        8.9954
        187.4136,             0.4728,                 0.2251,          0.3021,              56.8768,         10,                   24.3802,                        6.3206
        187.4136,             0.4728,                 0.2251,          0.3021,              56.8768,         15,                   23.2146,                        4.4411
        187.4136,             0.4728,                 0.2251,          0.3021,              56.8768,         20,                   22.1048,                        3.1205
        187.4136,             0.4728,                 0.2251,          0.3021,              56.8768,         30,                   20.0418,                        1.5406
        187.4136,             0.4728,                 0.2251,          0.3021,              56.8768,         40,                   18.1713,                        0.7606
        209.4599,             0.4340,                 0.2375,          0.3285,             106.6732,          0,                   46.3013,                       25.3336
        209.4599,             0.4340,                 0.2375,          0.3285,             106.6732,          5,                   38.5638,                        8.4164
        209.4599,             0.4340,                 0.2375,          0.3285,             106.6732,         10,                   32.1193,                        2.7961
        209.4599,             0.4340,                 0.2375,          0.3285,             106.6732,         15,                   26.7517,                        0.9289
        209.4599,             0.4340,                 0.2375,          0.3285,             106.6732,         20,                   22.2812,                        0.3086
        209.4599,             0.4340,                 0.2375,          0.3285,             106.6732,         30,                   15.4564,                        0.0340
        209.4599,             0.4340,                 0.2375,          0.3285,             106.6732,         40,                   10.7220,                        0.0038
        194.3854,             0.4573,                 0.2904,          0.2523,              60.6755,          0,                   27.7459,                       17.6198
        194.3854,             0.4573,                 0.2904,          0.2523,              60.6755,          5,                   25.8666,                       10.6722
        194.3854,             0.4573,                 0.2904,          0.2523,              60.6755,         10,                   24.1146,                        6.4640
        194.3854,             0.4573,                 0.2904,          0.2523,              60.6755,         15,                   22.4812,                        3.9151
        194.3854,             0.4573,                 0.2904,          0.2523,              60.6755,         20,                   20.9585,                        2.3713
        194.3854,             0.4573,                 0.2904,          0.2523,              60.6755,         30,                   18.2155,                        0.8699
        194.3854,             0.4573,                 0.2904,          0.2523,              60.6755,         40,                   15.8315,                        0.3191
        184.0472,             0.4658,                 0.1632,          0.3709,              53.8504,          0,                   25.0849,                        8.7903
        184.0472,             0.4658,                 0.1632,          0.3709,              53.8504,          5,                   24.1308,                        6.6356
        184.0472,             0.4658,                 0.1632,          0.3709,              53.8504,         10,                   23.2130,                        5.0091
        184.0472,             0.4658,                 0.1632,          0.3709,              53.8504,         15,                   22.3301,                        3.7812
        184.0472,             0.4658,                 0.1632,          0.3709,              53.8504,         20,                   21.4808,                        2.8543
        184.0472,             0.4658,                 0.1632,          0.3709,              53.8504,         30,                   19.8778,                        1.6265
        184.0472,             0.4658,                 0.1632,          0.3709,              53.8504,         40,                   18.3945,                        0.9268
        197.9315,             0.4779,                 0.2047,          0.3174,             121.1445,          0,                   57.8927,                       24.7946
        197.9315,             0.4779,                 0.2047,          0.3174,             121.1445,          5,                   52.6737,                       13.1582
        197.9315,             0.4779,                 0.2047,          0.3174,             121.1445,         10,                   47.9252,                        6.9828
        197.9315,             0.4779,                 0.2047,          0.3174,             121.1445,         15,                   43.6048,                        3.7056
        197.9315,             0.4779,                 0.2047,          0.3174,             121.1445,         20,                   39.6739,                        1.9665
        197.9315,             0.4779,                 0.2047,          0.3174,             121.1445,         30,                   32.8431,                        0.5538
        197.9315,             0.4779,                 0.2047,          0.3174,             121.1445,         40,                   27.1884,                        0.1559
        199.8790,             0.4090,                 0.2491,          0.3420,             109.4333,          0,                   44.7542,                       27.2545
        199.8790,             0.4090,                 0.2491,          0.3420,             109.4333,          5,                   40.1162,                       13.3633
        199.8790,             0.4090,                 0.2491,          0.3420,             109.4333,         10,                   35.9589,                        6.5522
        199.8790,             0.4090,                 0.2491,          0.3420,             109.4333,         15,                   32.2323,                        3.2125
        199.8790,             0.4090,                 0.2491,          0.3420,             109.4333,         20,                   28.8920,                        1.5751
        199.8790,             0.4090,                 0.2491,          0.3420,             109.4333,         30,                   23.2139,                        0.3786
        199.8790,             0.4090,                 0.2491,          0.3420,             109.4333,         40,                   18.6517,                        0.0910
        188.9364,             0.4284,                 0.2417,          0.3299,             119.8765,          0,                   51.3543,                       28.9776
        188.9364,             0.4284,                 0.2417,          0.3299,             119.8765,          5,                   48.6738,                       19.7113
        188.9364,             0.4284,                 0.2417,          0.3299,             119.8765,         10,                   46.1333,                       13.4081
        188.9364,             0.4284,                 0.2417,          0.3299,             119.8765,         15,                   43.7253,                        9.1204
        188.9364,             0.4284,                 0.2417,          0.3299,             119.8765,         20,                   41.4431,                        6.2039
        188.9364,             0.4284,                 0.2417,          0.3299,             119.8765,         30,                   37.2297,                        2.8705
        188.9364,             0.4284,                 0.2417,          0.3299,             119.8765,         40,                   33.4447,                        1.3281
        181.5232,             0.4235,                 0.2592,          0.3173,             141.9144,          0,                   60.1061,                       36.7837
        181.5232,             0.4235,                 0.2592,          0.3173,             141.9144,          5,                   58.2644,                       29.3009
        181.5232,             0.4235,                 0.2592,          0.3173,             141.9144,         10,                   56.4792,                       23.3402
        181.5232,             0.4235,                 0.2592,          0.3173,             141.9144,         15,                   54.7486,                       18.5921
        181.5232,             0.4235,                 0.2592,          0.3173,             141.9144,         20,                   53.0710,                       14.8099
        181.5232,             0.4235,                 0.2592,          0.3173,             141.9144,         30,                   49.8686,                        9.3971
        181.5232,             0.4235,                 0.2592,          0.3173,             141.9144,         40,                   46.8593,                        5.9626
        204.0085,             0.3739,                 0.2880,          0.3381,              76.2717,          0,                   28.5196,                       21.9629
        204.0085,             0.3739,                 0.2880,          0.3381,              76.2717,          5,                   24.7674,                        9.1055
        204.0085,             0.3739,                 0.2880,          0.3381,              76.2717,         10,                   21.5089,                        3.7749
        204.0085,             0.3739,                 0.2880,          0.3381,              76.2717,         15,                   18.6790,                        1.5650
        204.0085,             0.3739,                 0.2880,          0.3381,              76.2717,         20,                   16.2215,                        0.6488
        204.0085,             0.3739,                 0.2880,          0.3381,              76.2717,         30,                   12.2338,                        0.1115
        204.0085,             0.3739,                 0.2880,          0.3381,              76.2717,         40,                    9.2264,                        0.0192
        206.7940,             0.4606,                 0.2183,          0.3211,              80.2313,          0,                   36.9546,                       17.5149
        206.7940,             0.4606,                 0.2183,          0.3211,              80.2313,          5,                   31.4145,                        6.4845
        206.7940,             0.4606,                 0.2183,          0.3211,              80.2313,         10,                   26.7050,                        2.4007
        206.7940,             0.4606,                 0.2183,          0.3211,              80.2313,         15,                   22.7015,                        0.8887
        206.7940,             0.4606,                 0.2183,          0.3211,              80.2313,         20,                   19.2982,                        0.3290
        206.7940,             0.4606,                 0.2183,          0.3211,              80.2313,         30,                   13.9456,                        0.0451
        206.7940,             0.4606,                 0.2183,          0.3211,              80.2313,         40,                   10.0777,                        0.0062
        191.6151,             0.4701,                 0.1860,          0.3439,              51.1593,          0,                   24.0518,                        9.5157
        191.6151,             0.4701,                 0.1860,          0.3439,              51.1593,          5,                   22.6120,                        6.1139
        191.6151,             0.4701,                 0.1860,          0.3439,              51.1593,         10,                   21.2583,                        3.9281
        191.6151,             0.4701,                 0.1860,          0.3439,              51.1593,         15,                   19.9857,                        2.5238
        191.6151,             0.4701,                 0.1860,          0.3439,              51.1593,         20,                   18.7892,                        1.6215
        191.6151,             0.4701,                 0.1860,          0.3439,              51.1593,         30,                   16.6069,                        0.6694
        191.6151,             0.4701,                 0.1860,          0.3439,              51.1593,         40,                   14.6780,                        0.2763
        191.8799,             0.3779,                 0.2406,          0.3815,              79.3030,          0,                   29.9714,                       19.0812
        191.8799,             0.3779,                 0.2406,          0.3815,              79.3030,          5,                   28.1546,                       12.1908
        191.8799,             0.3779,                 0.2406,          0.3815,              79.3030,         10,                   26.4478,                        7.7885
        191.8799,             0.3779,                 0.2406,          0.3815,              79.3030,         15,                   24.8445,                        4.9759
        191.8799,             0.3779,                 0.2406,          0.3815,              79.3030,         20,                   23.3385,                        3.1790
        191.8799,             0.3779,                 0.2406,          0.3815,              79.3030,         30,                   20.5946,                        1.2976
        191.8799,             0.3779,                 0.2406,          0.3815,              79.3030,         40,                   18.1734,                        0.5296
        207.1839,             0.3934,                 0.2806,          0.3261,             101.1200,          0,                   39.7780,                       28.3698
        207.1839,             0.3934,                 0.2806,          0.3261,             101.1200,          5,                   33.7138,                       10.3382
        207.1839,             0.3934,                 0.2806,          0.3261,             101.1200,         10,                   28.5740,                        3.7672
        207.1839,             0.3934,                 0.2806,          0.3261,             101.1200,         15,                   24.2178,                        1.3727
        207.1839,             0.3934,                 0.2806,          0.3261,             101.1200,         20,                   20.5257,                        0.5002
        207.1839,             0.3934,                 0.2806,          0.3261,             101.1200,         30,                   14.7443,                        0.0664
        207.1839,             0.3934,                 0.2806,          0.3261,             101.1200,         40,                   10.5913,                        0.0088
        204.7523,             0.4208,                 0.2707,          0.3085,             129.3549,          0,                   54.4380,                       35.0114
        204.7523,             0.4208,                 0.2707,          0.3085,             129.3549,          5,                   47.0070,                       14.0831
        204.7523,             0.4208,                 0.2707,          0.3085,             129.3549,         10,                   40.5904,                        5.6647
        204.7523,             0.4208,                 0.2707,          0.3085,             129.3549,         15,                   35.0496,                        2.2785
        204.7523,             0.4208,                 0.2707,          0.3085,             129.3549,         20,                   30.2651,                        0.9165
        204.7523,             0.4208,                 0.2707,          0.3085,             129.3549,         30,                   22.5663,                        0.1483
        204.7523,             0.4208,                 0.2707,          0.3085,             129.3549,         40,                   16.8259,                        0.0240
        190.6605,             0.4256,                 0.2097,          0.3647,              69.6672,          0,                   29.6527,                       14.6101
        190.6605,             0.4256,                 0.2097,          0.3647,              69.6672,          5,                   27.9584,                        9.5798
        190.6605,             0.4256,                 0.2097,          0.3647,              69.6672,         10,                   26.3609,                        6.2814
        190.6605,             0.4256,                 0.2097,          0.3647,              69.6672,         15,                   24.8546,                        4.1187
        190.6605,             0.4256,                 0.2097,          0.3647,              69.6672,         20,                   23.4344,                        2.7006
        190.6605,             0.4256,                 0.2097,          0.3647,              69.6672,         30,                   20.8329,                        1.1610
        190.6605,             0.4256,                 0.2097,          0.3647,              69.6672,         40,                   18.5201,                        0.4992
        202.7289,             0.4508,                 0.2837,          0.2656,             121.8547,          0,                   54.9262,                       34.5693
        202.7289,             0.4508,                 0.2837,          0.2656,             121.8547,          5,                   48.1701,                       15.0967
        202.7289,             0.4508,                 0.2837,          0.2656,             121.8547,         10,                   42.2449,                        6.5928
        202.7289,             0.4508,                 0.2837,          0.2656,             121.8547,         15,                   37.0486,                        2.8790
        202.7289,             0.4508,                 0.2837,          0.2656,             121.8547,         20,                   32.4914,                        1.2572
        202.7289,             0.4508,                 0.2837,          0.2656,             121.8547,         30,                   24.9897,                        0.2397
        202.7289,             0.4508,                 0.2837,          0.2656,             121.8547,         40,                   19.2200,                        0.0457
        195.8084,             0.4883,                 0.1836,          0.3281,              84.0102,          0,                   41.0219,                       15.4268
        195.8084,             0.4883,                 0.1836,          0.3281,              84.0102,          5,                   37.9363,                        8.9244
        195.8084,             0.4883,                 0.1836,          0.3281,              84.0102,         10,                   35.0828,                        5.1627
        195.8084,             0.4883,                 0.1836,          0.3281,              84.0102,         15,                   32.4440,                        2.9865
        195.8084,             0.4883,                 0.1836,          0.3281,              84.0102,         20,                   30.0036,                        1.7277
        195.8084,             0.4883,                 0.1836,          0.3281,              84.0102,         30,                   25.6597,                        0.5781
        195.8084,             0.4883,                 0.1836,          0.3281,              84.0102,         40,                   21.9447,                        0.1935
        209.0417,             0.3526,                 0.2725,          0.3749,             112.0578,          0,                   39.5127,                       30.5326
        209.0417,             0.3526,                 0.2725,          0.3749,             112.0578,          5,                   33.0153,                       10.3175
        209.0417,             0.3526,                 0.2725,          0.3749,             112.0578,         10,                   27.5863,                        3.4863
        209.0417,             0.3526,                 0.2725,          0.3749,             112.0578,         15,                   23.0501,                        1.1780
        209.0417,             0.3526,                 0.2725,          0.3749,             112.0578,         20,                   19.2597,                        0.3980
        209.0417,             0.3526,                 0.2725,          0.3749,             112.0578,         30,                   13.4464,                        0.0454
        209.0417,             0.3526,                 0.2725,          0.3749,             112.0578,         40,                    9.3877,                        0.0052
        193.5302,             0.4092,                 0.2685,          0.3223,              65.4406,          0,                   26.7786,                       17.5728
        193.5302,             0.4092,                 0.2685,          0.3223,              65.4406,          5,                   25.0297,                       10.8393
        193.5302,             0.4092,                 0.2685,          0.3223,              65.4406,         10,                   23.3950,                        6.6859
        193.5302,             0.4092,                 0.2685,          0.3223,              65.4406,         15,                   21.8670,                        4.1240
        193.5302,             0.4092,                 0.2685,          0.3223,              65.4406,         20,                   20.4389,                        2.5437
        193.5302,             0.4092,                 0.2685,          0.3223,              65.4406,         30,                   17.8563,                        0.9678
        193.5302,             0.4092,                 0.2685,          0.3223,              65.4406,         40,                   15.6000,                        0.3682
        180.0933,             0.4008,                 0.2779,          0.3213,              51.6777,          0,                   20.7147,                       14.3599
        180.0933,             0.4008,                 0.2779,          0.3213,              51.6777,          5,                   20.1673,                       11.7924
        180.0933,             0.4008,                 0.2779,          0.3213,              51.6777,         10,                   19.6343,                        9.6840
        180.0933,             0.4008,                 0.2779,          0.3213,              51.6777,         15,                   19.1154,                        7.9525
        180.0933,             0.4008,                 0.2779,          0.3213,              51.6777,         20,                   18.6102,                        6.5306
        180.0933,             0.4008,                 0.2779,          0.3213,              51.6777,         30,                   17.6396,                        4.4040
        180.0933,             0.4008,                 0.2779,          0.3213,              51.6777,         40,                   16.7196,                        2.9699
        189.1643,             0.4629,                 0.2585,          0.2786,             104.3540,          0,                   48.3082,                       26.9745
        189.1643,             0.4629,                 0.2585,          0.2786,             104.3540,          5,                   45.7551,                       18.2599
        189.1643,             0.4629,                 0.2585,          0.2786,             104.3540,         10,                   43.3369,                       12.3606
        189.1643,             0.4629,                 0.2585,          0.2786,             104.3540,         15,                   41.0466,                        8.3672
        189.1643,             0.4629,                 0.2585,          0.2786,             104.3540,         20,                   38.8772,                        5.6640
        189.1643,             0.4629,                 0.2585,          0.2786,             104.3540,         30,                   34.8765,                        2.5954
        189.1643,             0.4629,                 0.2585,          0.2786,             104.3540,         40,                   31.2874,                        1.1892
        209.9504,             0.3449,                 0.2979,          0.3572,             112.9218,          0,                   38.9492,                       33.6412
        209.9504,             0.3449,                 0.2979,          0.3572,             112.9218,          5,                   32.3186,                       10.9559
        209.9504,             0.3449,                 0.2979,          0.3572,             112.9218,         10,                   26.8167,                        3.5679
        209.9504,             0.3449,                 0.2979,          0.3572,             112.9218,         15,                   22.2514,                        1.1619
        209.9504,             0.3449,                 0.2979,          0.3572,             112.9218,         20,                   18.4633,                        0.3784
        209.9504,             0.3449,                 0.2979,          0.3572,             112.9218,         30,                   12.7120,                        0.0401
        209.9504,             0.3449,                 0.2979,          0.3572,             112.9218,         40,                    8.7522,                        0.0043
        190.3448,             0.4137,                 0.2759,          0.3104,              73.6097,          0,                   30.4494,                       20.3104
        190.3448,             0.4137,                 0.2759,          0.3104,              73.6097,          5,                   28.7371,                       13.4074
        190.3448,             0.4137,                 0.2759,          0.3104,              73.6097,         10,                   27.1210,                        8.8505
        190.3448,             0.4137,                 0.2759,          0.3104,              73.6097,         15,                   25.5958,                        5.8423
        190.3448,             0.4137,                 0.2759,          0.3104,              73.6097,         20,                   24.1564,                        3.8566
        190.3448,             0.4137,                 0.2759,          0.3104,              73.6097,         30,                   21.5159,                        1.6805
        190.3448,             0.4137,                 0.2759,          0.3104,              73.6097,         40,                   19.1640,                        0.7323
        184.3780,             0.4026,                 0.2306,          0.3668,              91.6493,          0,                   36.8983,                       21.1312
        184.3780,             0.4026,                 0.2306,          0.3668,              91.6493,          5,                   35.4593,                       15.8395
        184.3780,             0.4026,                 0.2306,          0.3668,              91.6493,         10,                   34.0764,                       11.8729
        184.3780,             0.4026,                 0.2306,          0.3668,              91.6493,         15,                   32.7475,                        8.8997
        184.3780,             0.4026,                 0.2306,          0.3668,              91.6493,         20,                   31.4703,                        6.6709
        184.3780,             0.4026,                 0.2306,          0.3668,              91.6493,         30,                   29.0636,                        3.7481
        184.3780,             0.4026,                 0.2306,          0.3668,              91.6493,         40,                   26.8409,                        2.1059
        204.2076,             0.4465,                 0.2281,          0.3254,              65.5859,          0,                   29.2814,                       14.9626
        204.2076,             0.4465,                 0.2281,          0.3254,              65.5859,          5,                   25.3902,                        6.1533
        204.2076,             0.4465,                 0.2281,          0.3254,              65.5859,         10,                   22.0161,                        2.5305
        204.2076,             0.4465,                 0.2281,          0.3254,              65.5859,         15,                   19.0903,                        1.0406
        204.2076,             0.4465,                 0.2281,          0.3254,              65.5859,         20,                   16.5534,                        0.4279
        204.2076,             0.4465,                 0.2281,          0.3254,              65.5859,         30,                   12.4461,                        0.0724
        204.2076,             0.4465,                 0.2281,          0.3254,              65.5859,         40,                    9.3579,                        0.0122
        187.0068,             0.4416,                 0.2271,          0.3313,             128.6010,          0,                   56.7868,                       29.2090
        187.0068,             0.4416,                 0.2271,          0.3313,             128.6010,          5,                   54.1387,                       20.7022
        187.0068,             0.4416,                 0.2271,          0.3313,             128.6010,         10,                   51.6141,                       14.6729
        187.0068,             0.4416,                 0.2271,          0.3313,             128.6010,         15,                   49.2073,                       10.3995
        187.0068,             0.4416,                 0.2271,          0.3313,             128.6010,         20,                   46.9127,                        7.3707
        187.0068,             0.4416,                 0.2271,          0.3313,             128.6010,         30,                   42.6394,                        3.7025
        187.0068,             0.4416,                 0.2271,          0.3313,             128.6010,         40,                   38.7554,                        1.8599
        186.0124,             0.3420,                 0.2745,          0.3836,              67.4647,          0,                   23.0718,                       18.5166
        186.0124,             0.3420,                 0.2745,          0.3836,              67.4647,          5,                   22.0624,                       13.4048
        186.0124,             0.3420,                 0.2745,          0.3836,              67.4647,         10,                   21.0971,                        9.7042
        186.0124,             0.3420,                 0.2745,          0.3836,              67.4647,         15,                   20.1741,                        7.0251
        186.0124,             0.3420,                 0.2745,          0.3836,              67.4647,         20,                   19.2914,                        5.0857
        186.0124,             0.3420,                 0.2745,          0.3836,              67.4647,         30,                   17.6403,                        2.6653
        186.0124,             0.3420,                 0.2745,          0.3836,              67.4647,         40,                   16.1305,                        1.3968
        206.4058,             0.4744,                 0.1695,          0.3561,             139.8792,          0,                   66.3617,                       23.7082
        206.4058,             0.4744,                 0.1695,          0.3561,             139.8792,          5,                   56.5812,                        8.9169
        206.4058,             0.4744,                 0.1695,          0.3561,             139.8792,         10,                   48.2422,                        3.3537
        206.4058,             0.4744,                 0.1695,          0.3561,             139.8792,         15,                   41.1322,                        1.2613
        206.4058,             0.4744,                 0.1695,          0.3561,             139.8792,         20,                   35.0701,                        0.4744
        206.4058,             0.4744,                 0.1695,          0.3561,             139.8792,         30,                   25.4944,                        0.0671
        206.4058,             0.4744,                 0.1695,          0.3561,             139.8792,         40,                   18.5332,                        0.0095
        199.2635,             0.3203,                 0.2860,          0.3937,             117.1477,          0,                   37.5269,                       33.5023
        199.2635,             0.3203,                 0.2860,          0.3937,             117.1477,          5,                   33.7970,                       16.8427
        199.2635,             0.3203,                 0.2860,          0.3937,             117.1477,         10,                   30.4378,                        8.4672
        199.2635,             0.3203,                 0.2860,          0.3937,             117.1477,         15,                   27.4125,                        4.2566
        199.2635,             0.3203,                 0.2860,          0.3937,             117.1477,         20,                   24.6879,                        2.1399
        199.2635,             0.3203,                 0.2860,          0.3937,             117.1477,         30,                   20.0241,                        0.5408
        199.2635,             0.3203,                 0.2860,          0.3937,             117.1477,         40,                   16.2414,                        0.1367
        199.7670,             0.4451,                 0.2383,          0.3166,              72.1905,          0,                   32.1313,                       17.2023
        199.7670,             0.4451,                 0.2383,          0.3166,              72.1905,          5,                   28.8262,                        8.4730
        199.7670,             0.4451,                 0.2383,          0.3166,              72.1905,         10,                   25.8611,                        4.1734
        199.7670,             0.4451,                 0.2383,          0.3166,              72.1905,         15,                   23.2010,                        2.0555
        199.7670,             0.4451,                 0.2383,          0.3166,              72.1905,         20,                   20.8144,                        1.0124
        199.7670,             0.4451,                 0.2383,          0.3166,              72.1905,         30,                   16.7526,                        0.2456
        199.7670,             0.4451,                 0.2383,          0.3166,              72.1905,         40,                   13.4834,                        0.0596
        196.8255,             0.4993,                 0.2066,          0.2942,             143.2010,          0,                   71.4977,                       29.5800
        196.8255,             0.4993,                 0.2066,          0.2942,             143.2010,          5,                   65.6062,                       16.4192
        196.8255,             0.4993,                 0.2066,          0.2942,             143.2010,         10,                   60.2002,                        9.1139
        196.8255,             0.4993,                 0.2066,          0.2942,             143.2010,         15,                   55.2396,                        5.0588
        196.8255,             0.4993,                 0.2066,          0.2942,             143.2010,         20,                   50.6878,                        2.8080
        196.8255,             0.4993,                 0.2066,          0.2942,             143.2010,         30,                   42.6784,                        0.8651
        196.8255,             0.4993,                 0.2066,          0.2942,             143.2010,         40,                   35.9346,                        0.2665
        201.1263,             0.3250,                 0.2984,          0.3766,              61.9846,          0,                   20.1445,                       18.4945
        201.1263,             0.3250,                 0.2984,          0.3766,              61.9846,          5,                   17.8850,                        8.6201
        201.1263,             0.3250,                 0.2984,          0.3766,              61.9846,         10,                   15.8790,                        4.0177
        201.1263,             0.3250,                 0.2984,          0.3766,              61.9846,         15,                   14.0979,                        1.8725
        201.1263,             0.3250,                 0.2984,          0.3766,              61.9846,         20,                   12.5166,                        0.8727
        201.1263,             0.3250,                 0.2984,          0.3766,              61.9846,         30,                    9.8663,                        0.1896
        201.1263,             0.3250,                 0.2984,          0.3766,              61.9846,         40,                    7.7771,                        0.0412
        185.0499,             0.3324,                 0.2789,          0.3886,             126.3532,          0,                   42.0021,                       35.2452
        185.0499,             0.3324,                 0.2789,          0.3886,             126.3532,          5,                   40.2819,                       26.0437
        185.0499,             0.3324,                 0.2789,          0.3886,             126.3532,         10,                   38.6322,                       19.2444
        185.0499,             0.3324,                 0.2789,          0.3886,             126.3532,         15,                   37.0500,                       14.2201
        185.0499,             0.3324,                 0.2789,          0.3886,             126.3532,         20,                   35.5326,                       10.5076
        185.0499,             0.3324,                 0.2789,          0.3886,             126.3532,         30,                   32.6816,                        5.7372
        185.0499,             0.3324,                 0.2789,          0.3886,             126.3532,         40,                   30.0594,                        3.1325
        190.0952,             0.4669,                 0.1765,          0.3566,             124.8114,          0,                   58.2733,                       22.0353
        190.0952,             0.4669,                 0.1765,          0.3566,             124.8114,          5,                   55.0379,                       14.6236
        190.0952,             0.4669,                 0.1765,          0.3566,             124.8114,         10,                   51.9821,                        9.7048
        190.0952,             0.4669,                 0.1765,          0.3566,             124.8114,         15,                   49.0960,                        6.4404
        190.0952,             0.4669,                 0.1765,          0.3566,             124.8114,         20,                   46.3702,                        4.2741
        190.0952,             0.4669,                 0.1765,          0.3566,             124.8114,         30,                   41.3640,                        1.8823
        190.0952,             0.4669,                 0.1765,          0.3566,             124.8114,         40,                   36.8984,                        0.8290
        183.8225,             0.4314,                 0.1939,          0.3747,             134.1617,          0,                   57.8777,                       26.0101
        183.8225,             0.4314,                 0.1939,          0.3747,             134.1617,          5,                   55.7143,                       19.7286
        183.8225,             0.4314,                 0.1939,          0.3747,             134.1617,         10,                   53.6318,                       14.9641
        183.8225,             0.4314,                 0.1939,          0.3747,             134.1617,         15,                   51.6271,                       11.3502
        183.8225,             0.4314,                 0.1939,          0.3747,             134.1617,         20,                   49.6974,                        8.6091
        183.8225,             0.4314,                 0.1939,          0.3747,             134.1617,         30,                   46.0516,                        4.9529
        183.8225,             0.4314,                 0.1939,          0.3747,             134.1617,         40,                   42.6732,                        2.8494
        182.0019,             0.4930,                 0.2513,          0.2557,             127.0880,          0,                   62.6559,                       31.9413
        182.0019,             0.4930,                 0.2513,          0.2557,             127.0880,          5,                   60.6479,                       25.1854
        182.0019,             0.4930,                 0.2513,          0.2557,             127.0880,         10,                   58.7043,                       19.8584
        182.0019,             0.4930,                 0.2513,          0.2557,             127.0880,         15,                   56.8230,                       15.6581
        182.0019,             0.4930,                 0.2513,          0.2557,             127.0880,         20,                   55.0019,                       12.3462
        182.0019,             0.4930,                 0.2513,          0.2557,             127.0880,         30,                   51.5331,                        7.6757
        182.0019,             0.4930,                 0.2513,          0.2557,             127.0880,         40,                   48.2830,                        4.7721
        201.9234,             0.4920,                 0.1919,          0.3161,             115.2538,          0,                   56.6995,                       22.1224
        201.9234,             0.4920,                 0.1919,          0.3161,             115.2538,          5,                   50.0333,                        9.9824
        201.9234,             0.4920,                 0.1919,          0.3161,             115.2538,         10,                   44.1507,                        4.5043
        201.9234,             0.4920,                 0.1919,          0.3161,             115.2538,         15,                   38.9598,                        2.0325
        201.9234,             0.4920,                 0.1919,          0.3161,             115.2538,         20,                   34.3791,                        0.9171
        201.9234,             0.4920,                 0.1919,          0.3161,             115.2538,         30,                   26.7702,                        0.1867
        201.9234,             0.4920,                 0.1919,          0.3161,             115.2538,         40,                   20.8453,                        0.0380
        188.1037,             0.4858,                 0.1787,          0.3355,             114.6943,          0,                   55.7194,                       20.4909
        188.1037,             0.4858,                 0.1787,          0.3355,             114.6943,          5,                   52.9447,                       14.1879
        188.1037,             0.4858,                 0.1787,          0.3355,             114.6943,         10,                   50.3082,                        9.8236
        188.1037,             0.4858,                 0.1787,          0.3355,             114.6943,         15,                   47.8029,                        6.8018
        188.1037,             0.4858,                 0.1787,          0.3355,             114.6943,         20,                   45.4224,                        4.7095
        188.1037,             0.4858,                 0.1787,          0.3355,             114.6943,         30,                   41.0111,                        2.2577
        188.1037,             0.4858,                 0.1787,          0.3355,             114.6943,         40,                   37.0282,                        1.0823
        189.4301,             0.4382,                 0.2956,          0.2662,             122.8473,          0,                   53.8286,                       36.3119
        189.4301,             0.4382,                 0.2956,          0.2662,             122.8473,          5,                   50.9426,                       24.4419
        189.4301,             0.4382,                 0.2956,          0.2662,             122.8473,         10,                   48.2114,                       16.4520
        189.4301,             0.4382,                 0.2956,          0.2662,             122.8473,         15,                   45.6266,                       11.0739
        189.4301,             0.4382,                 0.2956,          0.2662,             122.8473,         20,                   43.1804,                        7.4539
        189.4301,             0.4382,                 0.2956,          0.2662,             122.8473,         30,                   38.6744,                        3.3770
        189.4301,             0.4382,                 0.2956,          0.2662,             122.8473,         40,                   34.6385,                        1.5300
        202.2116,             0.4961,                 0.2434,          0.2605,             116.7112,          0,                   57.8994,                       28.4104
        202.2116,             0.4961,                 0.2434,          0.2605,             116.7112,          5,                   50.9793,                       12.6705
        202.2116,             0.4961,                 0.2434,          0.2605,             116.7112,         10,                   44.8862,                        5.6507
        202.2116,             0.4961,                 0.2434,          0.2605,             116.7112,         15,                   39.5214,                        2.5200
        202.2116,             0.4961,                 0.2434,          0.2605,             116.7112,         20,                   34.7978,                        1.1238
        202.2116,             0.4961,                 0.2434,          0.2605,             116.7112,         30,                   26.9767,                        0.2235
        202.2116,             0.4961,                 0.2434,          0.2605,             116.7112,         40,                   20.9134,                        0.0444
        188.0298,             0.4257,                 0.2049,          0.3694,             122.7262,          0,                   52.2390,                       25.1485
        188.0298,             0.4257,                 0.2049,          0.3694,             122.7262,          5,                   49.6487,                       17.4401
        188.0298,             0.4257,                 0.2049,          0.3694,             122.7262,         10,                   47.1869,                       12.0944
        188.0298,             0.4257,                 0.2049,          0.3694,             122.7262,         15,                   44.8471,                        8.3873
        188.0298,             0.4257,                 0.2049,          0.3694,             122.7262,         20,                   42.6233,                        5.8164
        188.0298,             0.4257,                 0.2049,          0.3694,             122.7262,         30,                   38.5011,                        2.7972
        188.0298,             0.4257,                 0.2049,          0.3694,             122.7262,         40,                   34.7776,                        1.3452
        206.4283,             0.4777,                 0.2776,          0.2448,             102.3904,          0,                   48.9081,                       28.4195
        206.4283,             0.4777,                 0.2776,          0.2448,             102.3904,          5,                   41.6928,                       10.6791
        206.4283,             0.4777,                 0.2776,          0.2448,             102.3904,         10,                   35.5419,                        4.0128
        206.4283,             0.4777,                 0.2776,          0.2448,             102.3904,         15,                   30.2984,                        1.5078
        206.4283,             0.4777,                 0.2776,          0.2448,             102.3904,         20,                   25.8285,                        0.5665
        206.4283,             0.4777,                 0.2776,          0.2448,             102.3904,         30,                   18.7697,                        0.0800
        206.4283,             0.4777,                 0.2776,          0.2448,             102.3904,         40,                   13.6400,                        0.0113
        199.4459,             0.3769,                 0.2799,          0.3432,              59.1204,          0,                   22.2851,                       16.5455
        199.4459,             0.3769,                 0.2799,          0.3432,              59.1204,          5,                   20.0421,                        8.2565
        199.4459,             0.3769,                 0.2799,          0.3432,              59.1204,         10,                   18.0248,                        4.1201
        199.4459,             0.3769,                 0.2799,          0.3432,              59.1204,         15,                   16.2106,                        2.0560
        199.4459,             0.3769,                 0.2799,          0.3432,              59.1204,         20,                   14.5790,                        1.0259
        199.4459,             0.3769,                 0.2799,          0.3432,              59.1204,         30,                   11.7919,                        0.2555
        199.4459,             0.3769,                 0.2799,          0.3432,              59.1204,         40,                    9.5376,                        0.0636
        192.2636,             0.4906,                 0.2616,          0.2479,             132.0673,          0,                   64.7919,                       34.5424
        192.2636,             0.4906,                 0.2616,          0.2479,             132.0673,          5,                   60.7934,                       21.8892
        192.2636,             0.4906,                 0.2616,          0.2479,             132.0673,         10,                   57.0417,                       13.8709
        192.2636,             0.4906,                 0.2616,          0.2479,             132.0673,         15,                   53.5214,                        8.7897
        192.2636,             0.4906,                 0.2616,          0.2479,             132.0673,         20,                   50.2185,                        5.5699
        192.2636,             0.4906,                 0.2616,          0.2479,             132.0673,         30,                   44.2114,                        2.2365
        192.2636,             0.4906,                 0.2616,          0.2479,             132.0673,         40,                   38.9229,                        0.8981
        198.6624,             0.4439,                 0.2027,          0.3533,              53.4938,          0,                   23.7479,                       10.8453
        198.6624,             0.4439,                 0.2027,          0.3533,              53.4938,          5,                   21.4863,                        5.5871
        198.6624,             0.4439,                 0.2027,          0.3533,              53.4938,         10,                   19.4401,                        2.8782
        198.6624,             0.4439,                 0.2027,          0.3533,              53.4938,         15,                   17.5888,                        1.4827
        198.6624,             0.4439,                 0.2027,          0.3533,              53.4938,         20,                   15.9137,                        0.7638
        198.6624,             0.4439,                 0.2027,          0.3533,              53.4938,         30,                   13.0270,                        0.2027
        198.6624,             0.4439,                 0.2027,          0.3533,              53.4938,         40,                   10.6639,                        0.0538
        206.9971,             0.4213,                 0.1919,          0.3867,              96.8105,          0,                   40.7911,                       18.5780
        206.9971,             0.4213,                 0.1919,          0.3867,              96.8105,          5,                   34.6220,                        6.8215
        206.9971,             0.4213,                 0.1919,          0.3867,              96.8105,         10,                   29.3859,                        2.5047
        206.9971,             0.4213,                 0.1919,          0.3867,              96.8105,         15,                   24.9416,                        0.9196
        206.9971,             0.4213,                 0.1919,          0.3867,              96.8105,         20,                   21.1695,                        0.3377
        206.9971,             0.4213,                 0.1919,          0.3867,              96.8105,         30,                   15.2504,                        0.0455
        206.9971,             0.4213,                 0.1919,          0.3867,              96.8105,         40,                   10.9863,                        0.0061
        194.2929,             0.4671,                 0.1770,          0.3558,             140.2685,          0,                   65.5260,                       24.8327
        194.2929,             0.4671,                 0.1770,          0.3558,             140.2685,          5,                   61.1049,                       15.0706
        194.2929,             0.4671,                 0.1770,          0.3558,             140.2685,         10,                   56.9821,                        9.1460
        194.2929,             0.4671,                 0.1770,          0.3558,             140.2685,         15,                   53.1375,                        5.5505
        194.2929,             0.4671,                 0.1770,          0.3558,             140.2685,         20,                   49.5523,                        3.3685
        194.2929,             0.4671,                 0.1770,          0.3558,             140.2685,         30,                   43.0911,                        1.2406
        194.2929,             0.4671,                 0.1770,          0.3558,             140.2685,         40,                   37.4725,                        0.4569
        186.1881,             0.4618,                 0.1569,          0.3813,             114.1216,          0,                   52.6979,                       17.9060
        186.1881,             0.4618,                 0.1569,          0.3813,             114.1216,          5,                   50.3654,                       12.9144
        186.1881,             0.4618,                 0.1569,          0.3813,             114.1216,         10,                   48.1362,                        9.3142
        186.1881,             0.4618,                 0.1569,          0.3813,             114.1216,         15,                   46.0056,                        6.7176
        186.1881,             0.4618,                 0.1569,          0.3813,             114.1216,         20,                   43.9694,                        4.8449
        186.1881,             0.4618,                 0.1569,          0.3813,             114.1216,         30,                   40.1632,                        2.5201
        186.1881,             0.4618,                 0.1569,          0.3813,             114.1216,         40,                   36.6866,                        1.3109
        195.2393,             0.4378,                 0.2941,          0.2681,              89.9624,          0,                   39.3832,                       26.4572
        195.2393,             0.4378,                 0.2941,          0.2681,              89.9624,          5,                   36.5801,                       15.6635
        195.2393,             0.4378,                 0.2941,          0.2681,              89.9624,         10,                   33.9765,                        9.2732
        195.2393,             0.4378,                 0.2941,          0.2681,              89.9624,         15,                   31.5583,                        5.4899
        195.2393,             0.4378,                 0.2941,          0.2681,              89.9624,         20,                   29.3121,                        3.2501
        195.2393,             0.4378,                 0.2941,          0.2681,              89.9624,         30,                   25.2880,                        1.1391
        195.2393,             0.4378,                 0.2941,          0.2681,              89.9624,         40,                   21.8164,                        0.3992
        184.8482,             0.4554,                 0.2676,          0.2770,              79.9878,          0,                   36.4256,                       21.4071
        184.8482,             0.4554,                 0.2676,          0.2770,              79.9878,          5,                   34.9551,                       15.8864
        184.8482,             0.4554,                 0.2676,          0.2770,              79.9878,         10,                   33.5440,                       11.7894
        184.8482,             0.4554,                 0.2676,          0.2770,              79.9878,         15,                   32.1899,                        8.7490
        184.8482,             0.4554,                 0.2676,          0.2770,              79.9878,         20,                   30.8904,                        6.4927
        184.8482,             0.4554,                 0.2676,          0.2770,              79.9878,         30,                   28.4468,                        3.5756
        184.8482,             0.4554,                 0.2676,          0.2770,              79.9878,         40,                   26.1964,                        1.9691
        187.2604,             0.4042,                 0.2991,          0.2968,             119.8039,          0,                   48.4231,                       35.8278
        187.2604,             0.4042,                 0.2991,          0.2968,             119.8039,          5,                   46.1296,                       25.2566
        187.2604,             0.4042,                 0.2991,          0.2968,             119.8039,         10,                   43.9446,                       17.8044
        187.2604,             0.4042,                 0.2991,          0.2968,             119.8039,         15,                   41.8632,                       12.5511
        187.2604,             0.4042,                 0.2991,          0.2968,             119.8039,         20,                   39.8804,                        8.8477
        187.2604,             0.4042,                 0.2991,          0.2968,             119.8039,         30,                   36.1920,                        4.3967
        187.2604,             0.4042,                 0.2991,          0.2968,             119.8039,         40,                   32.8447,                        2.1848
        180.1881,             0.4128,                 0.2682,          0.3189,             143.1225,          0,                   59.0878,                       38.3904
        180.1881,             0.4128,                 0.2682,          0.3189,             143.1225,          5,                   57.5097,                       31.4627
        180.1881,             0.4128,                 0.2682,          0.3189,             143.1225,         10,                   55.9738,                       25.7852
        180.1881,             0.4128,                 0.2682,          0.3189,             143.1225,         15,                   54.4788,                       21.1321
        180.1881,             0.4128,                 0.2682,          0.3189,             143.1225,         20,                   53.0239,                       17.3187
        180.1881,             0.4128,                 0.2682,          0.3189,             143.1225,         30,                   50.2294,                       11.6321
        180.1881,             0.4128,                 0.2682,          0.3189,             143.1225,         40,                   47.5822,                        7.8127
        190.6951,             0.4289,                 0.2249,          0.3461,             103.8394,          0,                   44.5383,                       23.3572
        190.6951,             0.4289,                 0.2249,          0.3461,             103.8394,          5,                   41.9890,                       15.3040
        190.6951,             0.4289,                 0.2249,          0.3461,             103.8394,         10,                   39.5856,                       10.0274
        190.6951,             0.4289,                 0.2249,          0.3461,             103.8394,         15,                   37.3198,                        6.5700
        190.6951,             0.4289,                 0.2249,          0.3461,             103.8394,         20,                   35.1837,                        4.3047
        190.6951,             0.4289,                 0.2249,          0.3461,             103.8394,         30,                   31.2712,                        1.8480
        190.6951,             0.4289,                 0.2249,          0.3461,             103.8394,         40,                   27.7938,                        0.7933
        193.1111,             0.3792,                 0.2841,          0.3367,             132.2493,          0,                   50.1547,                       37.5701
        193.1111,             0.3792,                 0.2841,          0.3367,             132.2493,          5,                   46.9387,                       23.3819
        193.1111,             0.3792,                 0.2841,          0.3367,             132.2493,         10,                   43.9289,                       14.5518
        193.1111,             0.3792,                 0.2841,          0.3367,             132.2493,         15,                   41.1121,                        9.0562
        193.1111,             0.3792,                 0.2841,          0.3367,             132.2493,         20,                   38.4759,                        5.6361
        193.1111,             0.3792,                 0.2841,          0.3367,             132.2493,         30,                   33.6998,                        2.1829
        193.1111,             0.3792,                 0.2841,          0.3367,             132.2493,         40,                   29.5165,                        0.8454
        182.2933,             0.4796,                 0.1969,          0.3234,              87.9350,          0,                   42.1763,                       17.3161
        182.2933,             0.4796,                 0.1969,          0.3234,              87.9350,          5,                   40.7886,                       13.5691
        182.2933,             0.4796,                 0.1969,          0.3234,              87.9350,         10,                   39.4465,                       10.6329
        182.2933,             0.4796,                 0.1969,          0.3234,              87.9350,         15,                   38.1486,                        8.3320
        182.2933,             0.4796,                 0.1969,          0.3234,              87.9350,         20,                   36.8934,                        6.5290
        182.2933,             0.4796,                 0.1969,          0.3234,              87.9350,         30,                   34.5056,                        4.0091
        182.2933,             0.4796,                 0.1969,          0.3234,              87.9350,         40,                   32.2722,                        2.4617
        207.5549,             0.4978,                 0.2619,          0.2403,              79.3760,          0,                   39.5148,                       20.7849
        207.5549,             0.4978,                 0.2619,          0.2403,              79.3760,          5,                   33.3956,                        7.4609
        207.5549,             0.4978,                 0.2619,          0.2403,              79.3760,         10,                   28.2240,                        2.6781
        207.5549,             0.4978,                 0.2619,          0.2403,              79.3760,         15,                   23.8532,                        0.9613
        207.5549,             0.4978,                 0.2619,          0.2403,              79.3760,         20,                   20.1593,                        0.3450
        207.5549,             0.4978,                 0.2619,          0.2403,              79.3760,         30,                   14.3989,                        0.0444
        207.5549,             0.4978,                 0.2619,          0.2403,              79.3760,         40,                   10.2845,                        0.0057
        203.9409,             0.4583,                 0.2754,          0.2663,             133.9158,          0,                   61.3727,                       36.8752
        203.9409,             0.4583,                 0.2754,          0.2663,             133.9158,          5,                   53.3258,                       15.3300
        203.9409,             0.4583,                 0.2754,          0.2663,             133.9158,         10,                   46.3339,                        6.3729
        203.9409,             0.4583,                 0.2754,          0.2663,             133.9158,         15,                   40.2588,                        2.6493
        203.9409,             0.4583,                 0.2754,          0.2663,             133.9158,         20,                   34.9802,                        1.1013
        203.9409,             0.4583,                 0.2754,          0.2663,             133.9158,         30,                   26.4086,                        0.1903
        203.9409,             0.4583,                 0.2754,          0.2663,             133.9158,         40,                   19.9373,                        0.0329
        199.3529,             0.4357,                 0.1694,          0.3949,             104.1288,          0,                   45.3663,                       17.6391
        199.3529,             0.4357,                 0.1694,          0.3949,             104.1288,          5,                   40.8292,                        8.8356
        199.3529,             0.4357,                 0.1694,          0.3949,             104.1288,         10,                   36.7459,                        4.4258
        199.3529,             0.4357,                 0.1694,          0.3949,             104.1288,         15,                   33.0709,                        2.2169
        199.3529,             0.4357,                 0.1694,          0.3949,             104.1288,         20,                   29.7635,                        1.1104
        199.3529,             0.4357,                 0.1694,          0.3949,             104.1288,         30,                   24.1078,                        0.2786
        199.3529,             0.4357,                 0.1694,          0.3949,             104.1288,         40,                   19.5268,                        0.0699
        186.8013,             0.4768,                 0.1559,          0.3673,              59.5377,          0,                   28.3897,                        9.2799
        186.8013,             0.4768,                 0.1559,          0.3673,              59.5377,          5,                   27.0827,                        6.6061
        186.8013,             0.4768,                 0.1559,          0.3673,              59.5377,         10,                   25.8359,                        4.7027
        186.8013,             0.4768,                 0.1559,          0.3673,              59.5377,         15,                   24.6465,                        3.3477
        186.8013,             0.4768,                 0.1559,          0.3673,              59.5377,         20,                   23.5118,                        2.3831
        186.8013,             0.4768,                 0.1559,          0.3673,              59.5377,         30,                   21.3968,                        1.2076
        186.8013,             0.4768,                 0.1559,          0.3673,              59.5377,         40,                   19.4721,                        0.6120
        189.0204,             0.4053,                 0.2977,          0.2969,              89.9985,          0,                   36.4793,                       26.7956
        189.0204,             0.4053,                 0.2977,          0.2969,              89.9985,          5,                   34.5665,                       18.1944
        189.0204,             0.4053,                 0.2977,          0.2969,              89.9985,         10,                   32.7539,                       12.3541
        189.0204,             0.4053,                 0.2977,          0.2969,              89.9985,         15,                   31.0364,                        8.3885
        189.0204,             0.4053,                 0.2977,          0.2969,              89.9985,         20,                   29.4089,                        5.6958
        189.0204,             0.4053,                 0.2977,          0.2969,              89.9985,         30,                   26.4056,                        2.6260
        189.0204,             0.4053,                 0.2977,          0.2969,              89.9985,         40,                   23.7089,                        1.2107
        200.8130,             0.3607,                 0.2706,          0.3686,              72.8044,          0,                   26.2639,                       19.7037
        200.8130,             0.3607,                 0.2706,          0.3686,              72.8044,          5,                   23.3742,                        9.3013
        200.8130,             0.3607,                 0.2706,          0.3686,              72.8044,         10,                   20.8023,                        4.3907
        200.8130,             0.3607,                 0.2706,          0.3686,              72.8044,         15,                   18.5135,                        2.0726
        200.8130,             0.3607,                 0.2706,          0.3686,              72.8044,         20,                   16.4765,                        0.9784
        200.8130,             0.3607,                 0.2706,          0.3686,              72.8044,         30,                   13.0502,                        0.2180
        200.8130,             0.3607,                 0.2706,          0.3686,              72.8044,         40,                   10.3364,                        0.0486
        205.6322,             0.4199,                 0.2258,          0.3543,             115.5771,          0,                   48.5290,                       26.0960
        205.6322,             0.4199,                 0.2258,          0.3543,             115.5771,          5,                   41.6229,                       10.1284
        205.6322,             0.4199,                 0.2258,          0.3543,             115.5771,         10,                   35.6995,                        3.9309
        205.6322,             0.4199,                 0.2258,          0.3543,             115.5771,         15,                   30.6191,                        1.5256
        205.6322,             0.4199,                 0.2258,          0.3543,             115.5771,         20,                   26.2617,                        0.5921
        205.6322,             0.4199,                 0.2258,          0.3543,             115.5771,         30,                   19.3189,                        0.0892
        205.6322,             0.4199,                 0.2258,          0.3543,             115.5771,         40,                   14.2115,                        0.0134
        204.4288,             0.3987,                 0.2906,          0.3107,             139.9156,          0,                   55.7881,                       40.6542
        204.4288,             0.3987,                 0.2906,          0.3107,             139.9156,          5,                   48.2925,                       16.5693
        204.4288,             0.3987,                 0.2906,          0.3107,             139.9156,         10,                   41.8039,                        6.7529
        204.4288,             0.3987,                 0.2906,          0.3107,             139.9156,         15,                   36.1871,                        2.7521
        204.4288,             0.3987,                 0.2906,          0.3107,             139.9156,         20,                   31.3249,                        1.1216
        204.4288,             0.3987,                 0.2906,          0.3107,             139.9156,         30,                   23.4727,                        0.1863
        204.4288,             0.3987,                 0.2906,          0.3107,             139.9156,         40,                   17.5887,                        0.0309
        181.3564,             0.4662,                 0.1531,          0.3806,              54.7049,          0,                   25.5050,                        8.3772
        181.3564,             0.4662,                 0.1531,          0.3806,              54.7049,          5,                   24.7360,                        6.6968
        181.3564,             0.4662,                 0.1531,          0.3806,              54.7049,         10,                   23.9902,                        5.3535
        181.3564,             0.4662,                 0.1531,          0.3806,              54.7049,         15,                   23.2669,                        4.2796
        181.3564,             0.4662,                 0.1531,          0.3806,              54.7049,         20,                   22.5654,                        3.4211
        181.3564,             0.4662,                 0.1531,          0.3806,              54.7049,         30,                   21.2252,                        2.1862
        181.3564,             0.4662,                 0.1531,          0.3806,              54.7049,         40,                   19.9646,                        1.3971
        195.3939,             0.4277,                 0.2007,          0.3715,              94.6625,          0,                   40.4913,                       19.0031
        195.3939,             0.4277,                 0.2007,          0.3715,              94.6625,          5,                   37.5648,                       11.1800
        195.3939,             0.4277,                 0.2007,          0.3715,              94.6625,         10,                   34.8498,                        6.5774
        195.3939,             0.4277,                 0.2007,          0.3715,              94.6625,         15,                   32.3311,                        3.8696
        195.3939,             0.4277,                 0.2007,          0.3715,              94.6625,         20,                   29.9943,                        2.2765
        195.3939,             0.4277,                 0.2007,          0.3715,              94.6625,         30,                   25.8153,                        0.7879
        195.3939,             0.4277,                 0.2007,          0.3715,              94.6625,         40,                   22.2186,                        0.2727
        188.6104,             0.4497,                 0.1937,          0.3566,             133.6096,          0,                   60.0908,                       25.8761
        188.6104,             0.4497,                 0.1937,          0.3566,             133.6096,          5,                   57.0106,                       17.7242
        188.6104,             0.4497,                 0.1937,          0.3566,             133.6096,         10,                   54.0884,                       12.1404
        188.6104,             0.4497,                 0.1937,          0.3566,             133.6096,         15,                   51.3160,                        8.3156
        188.6104,             0.4497,                 0.1937,          0.3566,             133.6096,         20,                   48.6856,                        5.6959
        188.6104,             0.4497,                 0.1937,          0.3566,             133.6096,         30,                   43.8225,                        2.6723
        188.6104,             0.4497,                 0.1937,          0.3566,             133.6096,         40,                   39.4451,                        1.2537
        206.1394,             0.3848,                 0.2736,          0.3416,              74.8660,          0,                   28.8099,                       20.4837
        206.1394,             0.3848,                 0.2736,          0.3416,              74.8660,          5,                   24.6141,                        7.7880
        206.1394,             0.3848,                 0.2736,          0.3416,              74.8660,         10,                   21.0294,                        2.9610
        206.1394,             0.3848,                 0.2736,          0.3416,              74.8660,         15,                   17.9667,                        1.1257
        206.1394,             0.3848,                 0.2736,          0.3416,              74.8660,         20,                   15.3500,                        0.4280
        206.1394,             0.3848,                 0.2736,          0.3416,              74.8660,         30,                   11.2044,                        0.0619
        206.1394,             0.3848,                 0.2736,          0.3416,              74.8660,         40,                    8.1785,                        0.0089
