Cellulose          , Hemicellulose       , Lignin             , Solids_Loading     , Enzyme_Loading      , Time                 , Glucose            , Xylose              , Cellobiose
0.5249080237694725 , 0.1019081785136218  , 0.3731837977169057 , 184.5405988417796  , 0.7391941800573469  , 62.232667591470914   , 69.21208146272905  , 11.25874381493437   , 1.6690479832907503
0.6401428612819833 , 0.09791818776297309 , 0.2619389509550436 , 209.33627943827446 , 0.6407640334976006  , 16.549090762095958   , 42.948617627529266 ,  8.842394673822541  , 1.096866037782599
0.596398788362281  , 0.05256420658064357 , 0.3510370050570754 , 100.0935797584998  , 0.3814122048534589  , 83.74987808206222    , 60.4510806774051   ,  5.164753969337743  , 1.587774279086683
0.5697316968394073 , 0.08412478276261563 , 0.3461435203979771 , 174.97481992139979 , 0.057434011458167136, 58.859158950647185   , 43.364138241676194 ,  7.28958220538669   , 0.8615733621982158
0.4812037280884873 , 0.0880195618785857  , 0.43077671003292695, 164.34919662874972 , 0.620675105185936   , 15.091572821467608   , 45.98232657083389  ,  9.164174942379452  , 1.1720471839589934
0.48119890406724053, 0.08988227808969004 , 0.4289188178430694 , 216.56607535765423 , 0.3784698868465795  , 92.38445351819585    , 74.34230309446963  , 11.145064182180985  , 1.262844999536621
0.4616167224336399 , 0.10801723692273323 , 0.43036604064362693, 231.2174120962521  , 0.8947995458171153  , 49.763084480190784   , 64.23321406714147  , 11.113694651757987  , 1.649332508056558
0.6232352291549871 , 0.10336025467268783 , 0.2734045161723251 ,  52.43135429547736 , 0.07753820506105602 ,  6.99825137967888    , 15.574522129626505 ,  2.7946945988152    , 0.18756515114499828
0.5702230023486418 , 0.11079050927934446 , 0.31898648837201377, 184.80398381175854 , 0.7225519830016595  , 60.17595882384646    , 69.12781154927278  , 11.377991630150927  , 1.584588789568322
0.5916145155592091 , 0.12648832615421282 , 0.28189715828657813,  60.367159823945805, 1.132695373131975   , 24.30709507322978    , 36.18719106014223  ,  7.512406244660289  , 1.4792487857087016
0.4541168988591605 , 0.13129857387160934 , 0.4145845272692301 , 159.77173301547117 , 0.2505706571782244  , 77.15457138022103    , 61.47756563389326  ,  9.529534592246804  , 0.5488010847060905
0.6439819704323989 , 0.12181230762264944 , 0.23420572194495165, 107.52654580873565 , 0.5923969143631846  , 78.5109190623543     , 66.05928722791423  , 11.215057608744628  , 1.530398063814426
0.6164885281600844 , 0.14555236959549345 , 0.23795910224442218, 111.35531990442824 , 0.15513529058970887 , 93.97894616204754    , 60.577662689461306 ,  8.644736820343253  , 0.8042456971695753
0.49246782213565526, 0.05182325826763617 , 0.4557089195967085 , 120.59170069047131 , 0.7695341991005555  , 48.17947497835236    , 56.64637087105118  ,  6.2146728462837135 , 1.510181010618414
0.48636499344142015, 0.06957779856835461 , 0.44405720799022524, 174.25848980992203 , 0.6831114326856594  , 43.67586045386277    , 66.25506235524436  , 11.057466471085903  , 1.5509462123761408
0.48668090197068675, 0.05075628749781422 , 0.46256281053149895, 116.80999313375384 , 0.5184703528447572  , 72.33365812286215    , 57.365656835160316 ,  6.117225149856698  , 1.5233108778593252
0.5108484485919076 , 0.1147474714154603  , 0.37440407999263214, 196.53981011805607 , 0.6495835746948024  , 12.71718300882495    , 43.18124348921155  ,  8.507794166565898  , 1.0178989133560417
0.5549512863264476 , 0.13980305489499867 , 0.3052456587785537 , 130.90547711477393 , 1.0810608572393616  , 52.50388932413992    , 65.03037077584386  , 11.522130649317441  , 1.8290275477195426
0.5363890037284231 , 0.07434822965762992 , 0.38926276661394693,  63.67064006199172 , 0.2757384476577271  , 52.43976961256169    , 35.61990408528328  ,  4.5536140025383745 , 1.349575101152978
0.5082458280396084 , 0.14270345447963068 , 0.34905071748076094, 206.75196849682146 , 0.07594918846114931 ,  8.589419789797173   , 20.587060073411404 ,  4.596817375666172  , 0.32676046991486174
0.572370578944476  , 0.05602673902895609 , 0.37160268202656793, 107.1516649185412  , 1.040914617403966   , 40.1264722086637     , 59.76303638103377  ,  6.471528809120104  , 1.7789493198932396
0.4778987721304084 , 0.14344360268055142 , 0.3786576251890401 , 136.55337591985253 , 0.7136846447460925  , 81.91534066245138    , 66.16396923418613  , 12.031504282729916  , 1.585745528243262
0.5084289297070437 , 0.08516226872396344 , 0.4064088015689929 , 187.08877664438032 , 1.0742572237811188  , 82.19074771148739    , 70.31790863207746  , 11.55319731447304   , 1.7656424097094898
0.5232723686587384 , 0.06014208284492165 , 0.41658554849633994, 116.4912314297424  , 0.7364870069251485  ,  9.526815832289376   , 42.23687751021805  ,  7.311987337410801  , 1.1694935960959434
0.5412139968434072 , 0.09858717591863256 , 0.36019882723796026,  61.317131229343126, 0.9816852534536579  ,  8.709204743791762   , 33.764964745025054 ,  5.843826774209606  , 1.2128921154837413
0.6070351922786028 , 0.0756776567720508  , 0.3172871509493464 , 124.78420940256272 , 0.5441243678584201  , 25.21876579218579    , 57.74972042547154  ,  9.939032705607424  , 1.3904467055291485
0.48993475643167195, 0.07848729019619229 , 0.4315779533721358 , 238.88971653886068 , 0.912338920981509   , 83.97754200518338    , 69.60605923745425  , 11.68272282592217   , 1.763954480209944
0.5528468876827224 , 0.08072899649262866 , 0.36642411582464895, 178.34687945971163 , 1.0999976869233343  , 12.374648167055899   , 44.85800466160465  ,  8.734875224842042  , 1.1881715034020872
0.5684829137724086 , 0.13030258978326634 , 0.3012144964443251 , 184.2958297334414  , 0.7079414082805372  , 69.11969305223484    , 65.7617394494409   , 11.573642516602598  , 1.6266069630005524
0.45929008254399956, 0.10391612766752545 , 0.43679378978847494, 176.45643072752796 , 0.25790292314673646 ,  9.711899482857909   , 25.036370370027868 ,  5.489242447837088  , 0.6313092167195739
0.5715089703802877 , 0.08113076991560036 , 0.34736025970411194,  89.79842779188735 , 0.3591172572847279  , 59.821233959791236   , 51.47693439795079  ,  7.362009303114995  , 1.733857895449785
0.4841048247374583 , 0.11103337833109184 , 0.40486179693144986, 133.66677282045603 , 0.27844126343201664 , 34.1824607154379     , 49.980478978684005 ,  7.496182371976377  , 1.205080873786125
0.46301031859705594, 0.12161506742231935 , 0.41537461398062464, 200.18795967266365 , 0.3338855817350928  , 75.73574044472323    , 68.75627317038709  , 10.59976978037737   , 1.6271821033586555
0.6397771074506666 , 0.07726240007335337 , 0.28296049247598   ,  70.27457951063184 , 0.4023777667536918  , 22.434283087234906   , 45.91251969383703  ,  5.744365637626098  , 1.3966280869855046
0.6431264066149118 , 0.09135491015253515 , 0.265518683232553  , 105.57055521794246 , 0.6884038547661667  , 61.36337562143615    , 67.66833168503041  ,  9.66076512530764   , 1.5159739524528775
0.6116794696232922 , 0.06218860933369476 , 0.32613192104301303, 105.26382169317073 , 0.7261903738834077  , 22.625523319284955   , 58.03192872439422  ,  6.494310182441171  , 1.433649360317477
0.5109227538346741 , 0.06811493495346803 , 0.42096231121185784, 136.4037855189012  , 0.5404747093281402  , 68.51138717876677    , 66.85469431409891  ,  9.327259826754325  , 1.4882980981322378
0.4695344228012768 , 0.11811178539649828 , 0.412353791802225  , 246.073748188437   , 0.7577338967939607  , 83.87309131783188    , 70.04140906817395  , 11.631309946556279  , 1.573554936414717
0.5868466053024314 , 0.06814383476956269 , 0.3450095599280059 ,  63.50050933676439 , 0.1438111644530708  , 12.172972716168964   , 35.343990342683924 ,  4.070061914097172  , 0.9994248897934539
0.5380304987479203 , 0.10251633836670601 , 0.35945316288537366, 153.740198876119   , 0.15095647261688394 , 83.19318610516834    , 59.99957699157601  ,  7.9507788417403    , 0.9446763819418882
0.47440764696895577, 0.12090462617224326 , 0.40468772685880094,  85.8729364024421  , 0.24760387941130718 , 56.9832244237726     , 39.77426681963654  ,  8.802603066063503  , 1.3213485133132437
0.549035382022254  , 0.060687692309474385, 0.3902769256682716 , 244.13530908194883 , 0.6457891227463964  , 12.202607123234301   , 44.116588695306426 ,  8.647801695207411  , 1.042511572661829
0.4568777042230437 , 0.10673122196289035 , 0.436391073814066  ,  72.66070094549283 , 0.29609388050306057 , 41.04401811453235    , 33.234972422419396 ,  7.705592656373332  , 1.4269727201547593
0.6318640804157565 , 0.07565627837013637 , 0.29247964121410713, 130.72020047231825 , 0.3757770640164639  , 15.442588174569398   , 42.69402275625822  ,  6.791679720160543  , 1.0508636077029225
0.5017559963200033 , 0.14629268752375796 , 0.3519513161562387 , 197.57699696692123 , 0.5103597615989431  , 67.23339733119067    , 69.286793092302    , 11.729963007371403  , 1.6340891289032806
0.5825044568707964 , 0.09835456467199247 , 0.3191409784572111 , 190.91088560548906 , 0.9836460426119368  , 72.85134090412316    , 70.46541333172193  , 11.373251455047201  , 1.7216567650960508
0.5123422152178823 , 0.1305992549775158  , 0.35705852980460195, 134.54572737878647 , 0.06594145629978913 , 10.1564659461887     , 23.669570291971663 ,  4.235681837261618  , 0.40613295839416863
0.5540136042355621 , 0.10502265421562618 , 0.3409637415488117 , 119.30483359054365 , 0.7967856432721158  , 48.58942585868586    , 67.53650080378338  , 11.463655884024533  , 1.767926431801843
0.5593420558686559 , 0.05434125328548192 , 0.3863166908458622 , 129.5224757105741  , 0.8192080106967882  , 78.20400537848805    , 69.60796675049389  ,  7.116407486012897  , 1.8198113169689767
0.48697089110510544, 0.11331513755940223 , 0.39971397133549236, 102.85525263172786 , 0.968454147410132   , 89.87165198889566    , 49.38247084136787  , 11.62211907076384   , 1.6953992122912476
0.6439169255529118 , 0.1451403342206657  , 0.2109427402264225 ,  91.06658774135997 , 1.12266587991936    , 49.29771520720992    , 59.78675596526572  , 11.712356978657144  , 1.7463187576864139
0.6050265646722229 , 0.11016118201463312 , 0.28481225331314397, 146.607939511778   , 0.0731585262916833  , 91.22680546669508    , 50.282913017156105 ,  7.949652682229912  , 0.8135292252395412
0.6378997883128379 , 0.13191888594267903 , 0.23018132574448308, 103.70675121352147 , 0.22685126134019862 , 51.426141163778865   , 60.49345060928287  ,  8.683336975507512  , 1.2861702456442878
0.6289654700855298 , 0.13842064633484077 , 0.2326138835796294 , 107.49233297945003 , 1.069096988164392   , 37.842287481591164   , 63.584476190573895 , 11.689400552427086  , 1.7741325735725724
0.5695799957622171 , 0.07280797719489325 , 0.3576120270428897 , 181.35121269491142 , 0.5772963465150677  , 81.42750034107797    , 69.64707006825046  , 11.420870366568986  , 1.5958054850415704
0.6343748470046233 , 0.07120448399082266 , 0.294420669004554  , 243.70746633997845 , 0.699279234773483   , 47.32634020397655    , 59.81464201322058  , 11.104378182398628  , 1.4478946603248208
0.4676985004103839 , 0.11109809888509917 , 0.4212034007045169 , 170.727440111875   , 0.8124812842816195  , 45.30264101419421    , 68.30543473075281  , 11.06064663952237   , 1.7490553423652044
0.4891965724838291 , 0.09110284698067048 , 0.4197005805355004 ,  65.39589341299326 , 0.830926595169983   , 47.06999898334352    , 32.724743070121285 ,  6.128150932093682  , 1.7377965859303428
0.45904545778210765, 0.13398613028667203 , 0.40696841193122024,  65.1167227708134  , 1.1215014638139844  , 81.29136017949556    , 30.17206084743049  ,  9.282925944537054  , 1.8226989299804117
0.5150660661526529 , 0.1400023123398011  , 0.34493162150754597, 240.2846441691132  , 1.19649183002342    , 79.866388002053      , 70.89141980655484  , 11.469167757125254  , 1.7631937138446108
0.5277354579378964 , 0.08534213793027182 , 0.38692240413183177, 109.45815806146672 , 0.8781810800705813  , 38.73791927426028    , 56.57900787987083  ,  9.508006011133201  , 1.7227248197124718
0.5042698063547792 , 0.0736870558974482  , 0.4220431377477726 ,  68.41339721649508 , 0.3803043905859234  , 31.9967865475704     , 36.41406587435811  ,  5.209977189108488  , 1.4608169864271323
0.615747501830386  , 0.12805255152438616 , 0.2561999466452279 , 169.8089174300763  , 1.0617152626384951  , 47.22509030775641    , 68.70502586069404  , 11.37957087018115   , 1.736304372953983
0.5213506653387179 , 0.0774806035548136  , 0.4011687311064685 , 174.72975565805322 , 0.10660405172187584 , 54.98616093476247    , 43.73165425591261  ,  7.0359893694743585 , 0.8914369011797907
0.5061869019374762 , 0.13226143185136785 , 0.361551666211156  , 179.70096402373764 , 0.3157429808056706  , 22.880372220287708   , 49.94119914610934  ,  7.859838733277691  , 1.2470216866459658
0.5585392166316497 , 0.09237382536487629 , 0.349086958003474  , 103.48040557150826 , 1.081993575083272   , 76.2196881326967     , 57.119346174263704 ,  9.654372354310933  , 1.8554147174168791
0.47818484499495256, 0.11675498992914704 , 0.40506016507590037,  53.02213684289501 , 0.34462024160525817 , 46.7023455103126     , 24.40965086473421  ,  6.561610441907199  , 1.6819734057036828
0.6104393961508079 , 0.05955353138346682 , 0.3300070724657253 , 243.00307389089437 , 0.30374871856501073 , 32.06837264831612    , 45.98694678418809  ,  8.029146797268602  , 1.0811772708682705
0.46491012873595416, 0.1123859324676573  , 0.42270393879638857, 100.1786091382205  , 0.20884408711128433 , 10.254815324543099   , 36.88577453570683  ,  4.312980033738549  , 1.0277877918806066
0.6473773873201034 , 0.09517676787372291 , 0.25744584480617366, 185.2052576105095  , 1.0379785212939538  , 22.929135398746265   , 50.985807245893064 , 10.12113121041168   , 1.3405542731868931
0.6044489538593315 , 0.10866084631754741 , 0.2868901998231211 , 191.3259739757419  , 0.6250669980697497  , 91.13099248857444    , 74.70743722902372  , 11.467684465686123  , 1.2821402581402397
0.4897431363068345 , 0.06680142077448634 , 0.4434554429186791 , 172.00148341589716 , 0.826127183512278   , 29.289569934674553   , 57.834215346430184 , 10.435046651594213  , 1.5053459963004372
0.4511044234247205 , 0.1236873744944182  , 0.42520820208086124, 112.58147884272964 , 0.3249263416862841  , 16.21049177923539    , 42.56831501972407  ,  6.807037478172113  , 1.0393368159230438
0.6130922856909669 , 0.13627970775432285 , 0.2506280065547103 , 104.21925075281315 , 0.921746484162899   , 44.22458799887934    , 64.50284744534221  , 11.485560455906977  , 1.682424110253443
0.5913714687695234 , 0.07167398000907757 , 0.33695455122139906, 169.53365654054062 , 0.9240063767064133  , 29.480423362583874   , 58.492758777602496 , 10.381159731576618  , 1.4767129243225288
0.5958014336081975 , 0.05957145555201618 , 0.34462711083978637, 223.2191267223383  , 0.40948772864454513 ,  3.3752880260346387  , 16.518135067027785 ,  4.496008143474782  , 0.2437770470636911
0.6042540693371892 , 0.05236385860463364 , 0.34338207205817717, 239.34674578467911 , 0.5222850279618253  , 31.021940858824056   , 53.435957930393684 ,  9.770180293795987  , 1.3562530276911011
0.4648089303468181 , 0.1141971500443266  , 0.42099391960885524,  71.18116088075152 , 0.29114381904473097 , 52.23442789818898    , 31.64334756678296  ,  8.712461680760526  , 1.3845201185787095
0.5216931457088545 , 0.11070940360887807 , 0.36759745068226746,  80.96572251954397 , 1.17304517682134    , 52.96438771391682    , 42.78816049778591  ,  8.640003145170304  , 1.737081016693154
0.47317381190502594, 0.10466974127140699 , 0.42215644682356707, 238.94725175661594 , 0.7924429636171734  , 34.229656432981315   , 51.29966016128226  , 10.13676566453341   , 1.419207052566628
0.6226206851751187 , 0.07319470961159755 , 0.3041846052132837 , 197.30704566695852 , 1.124725462822843   , 42.94106460024966    , 60.53900500383026  , 11.360006487838435  , 1.660072682153711
0.5746596253655116 , 0.08909059959055146 , 0.33624977504393694, 226.59876496595462 , 0.3988933751735031  , 92.68972015053757    , 73.91221362081659  , 11.062564003958741  , 1.2869285478065273
0.5161796049705298 , 0.1094476335186173  , 0.37437276151085286,  90.52652682706864 , 0.9491745499464231  , 36.22545381410991    , 45.609749766875794 , 10.272301314392564  , 1.7480512779754023
0.46271167005720476, 0.09967668588591694 , 0.43761164405687836, 167.51717422188037 , 0.9307374404674533  , 24.789774072958366   , 56.8243236148101   , 10.590980995574045  , 1.4142205479453458
0.5121964643431325 , 0.1487785520214887  , 0.3390249836353788 , 190.22791888349474 , 0.8454039996465228  , 23.37283623040897    , 51.19837558417278  ,  9.84207949114196   , 1.349652533090902
0.5150366644053495 , 0.06364397525567331 , 0.4213193603389772 , 186.02237708939452 , 1.1604848215568204  , 43.94540281959688    , 62.845384741388635 , 10.609843858929054  , 1.5997020111575018
0.5959212356676128 , 0.11951445540475937 , 0.28456430892762785, 131.63033817333962 , 0.5025886365222628  , 72.91393427682664    , 66.62062967182351  , 11.522929184841873  , 1.5184764682543435
0.5775114942710426 , 0.09043187681042922 , 0.33205662891852816,  53.07897833826169 , 0.2003249221282209  , 19.774865682093427   , 28.77642972215893  ,  4.760907096605475  , 1.3086315299232958
0.6274425485152653 , 0.09281996149256147 , 0.2797374899921733 , 166.5852113608526  , 0.8224651881306698  , 68.09242820551373    , 70.55607127792777  , 11.503379241770299  , 1.8126293328841245
0.5444429850323899 , 0.12175977656581762 , 0.33379723840179254, 100.62030783592175 , 0.888706270548787   ,  2.0303830415439634  , 37.85570132414775  ,  2.274282308863595  , 1.091091967912665
0.47391884918766036, 0.11924361513243696 , 0.40683753567990266, 140.05084922857807 , 0.7113196594776369  , 40.217565886458814   , 64.27333632874578  , 11.474560540745081  , 1.5412729143041022
0.592648957444599  , 0.14912559937021883 , 0.25822544318518215, 241.51620301676346 , 0.2878405771034057  , 74.48304625946754    , 68.8492271589538   , 11.24660666950118   , 1.2446735773966213
0.6021570097233795 , 0.06283942894541253 , 0.335003561331208  , 129.80706352848694 , 0.6301243329197587  , 32.518363754345415   , 57.47798478843327  ,  8.380786453533451  , 1.3278648704929747
0.5622554395138992 , 0.060410964938416634, 0.37733359554768414, 217.96032133288534 , 0.40901819705449877 , 54.11876173875835    , 63.60059086242976  ,  9.852269014415448  , 1.6451329663324634
0.6041934359909122 , 0.12243388171287412 , 0.27337268229621364,  87.70812114985023 , 0.5415865073916925  , 19.678006351287436   , 53.55355818693076  ,  9.981893159165718  , 1.3883496055441964
0.5487591192728781 , 0.1078386917006409  , 0.34340218902648095, 184.49209960500576 , 0.7920013622213635  , 71.23155754811253    , 67.96096037009171  , 11.525437674567524  , 1.7786095830150659
0.5545465658763988 , 0.07741606665598058 , 0.3680373674676206 , 245.4013908877887  , 0.9069969540944597  ,  5.018793913800923   , 38.42443833560096  ,  7.470926953571663  , 0.9080246344272194
0.5355082036717099 , 0.05794193689889866 , 0.4065498594293914 ,  70.37862017458735 , 0.31705839453654455 , 81.84409390804804    , 37.91426367665299  ,  4.122452875118101  , 1.5339041052204878
0.455083825348819  , 0.058565824959643055, 0.48635034969153795,  51.663988445438406, 0.5161241647439964  , 19.026853096480142   , 23.334936769717242 ,  2.6437199984928235 , 1.3889603477908479
0.4715782853986609 , 0.13941908746641182 , 0.38900262713492717, 136.71655852652287 , 0.35953580664037355 , 83.94221104399975    , 65.60548222054035  , 10.308309915812945  , 1.6428818071578275
0.4562858371373469 , 0.06918673247187429 , 0.4745274303907789 ,  68.52509661027344 , 0.27842635594114945 , 33.84280716484966    , 31.558757811799694 ,  5.033537720357477  , 1.2490560452082209
0.5772820822527561 , 0.08233715621155208 , 0.3403807615356918 , 199.67686993524626 , 0.9508953029952141  , 69.37762314955071    , 69.4509282718881   , 11.137011503677247  , 1.8598433439083843
0.5128711962152653 , 0.07266564022269881 , 0.41446316356203583, 232.90973276971178 , 1.0956405986025413  , 30.645628587474093   , 55.6287290478854   , 10.204094827417418  , 1.3614862515908017
0.5517141382329406 , 0.08549963058319374 , 0.36278623118386566, 136.80419454175177 , 0.4757670135372632  , 86.96752043852617    , 66.98568879716117  , 10.406737393374527  , 1.4693905162382512
0.6315132947852187 , 0.05694238427460934 , 0.311544320940172  , 101.7423284310882  , 0.9139707630298318  , 12.157164049763939   , 49.52804353410285  ,  5.909401539329901  , 1.3575496913554639
0.499858445829775  , 0.10190597909082703 , 0.39823557507939794, 136.88066380132196 , 1.0815445827690726  , 17.137899770169476   , 50.5816936012039   ,  9.563597615391974  , 1.3888065707414763
0.5320765846071259 , 0.056761256359221496, 0.4111621590336526 , 194.6895635700002  , 1.0230428421097661  , 47.33089201524502    , 63.12240225278786  , 11.225811622297982  , 1.6223025663881248
0.6011102277086098 , 0.13003565078223617 , 0.26885412150915405,  51.8108323160742  , 0.26023539682010977 ,  7.866090147662028   , 29.36016893944568  ,  4.720375647880111  , 0.817417442898545
0.4957596330983245 , 0.0733712081910433  , 0.4308691587106322 , 167.89079789693943 , 1.1497356637403655  , 18.814097731369145   , 55.0307238277768   , 10.291300026699508  , 1.4845407402763318
0.4653959819657586 , 0.10400119146045106 , 0.43060282657379034, 172.6583369774758  , 0.4831779064938818  , 90.60157269235339    , 66.05197570904912  , 10.924865753250073  , 1.3783118462297668
0.5079502905827536 , 0.13800790875614583 , 0.3540418006611005 , 177.5376493791871  , 0.4401267603499117  , 93.74300747019717    , 72.67496717792187  , 11.302894267821701  , 1.246998812824232
0.4822442574508009 , 0.11508773690471942 , 0.4026680056444797 ,  98.40441599617544 , 0.12179602636944738 , 36.12089561572051    , 41.12931855048522  ,  7.06990035947811   , 0.8196619823588095
0.6359395304685147 , 0.10329577865513354 , 0.2607646908763518 , 192.81054467562535 , 0.6090997022206155  , 88.63545801733783    , 74.66574952596412  , 11.534299972844542  , 1.2471990448235974
0.6116240759128835 , 0.08243337531153756 , 0.30594254877557897,  68.27829726635528 , 0.175365657987068   , 52.30316886464945    , 40.70360058910182  ,  5.6712434351010526 , 1.076605639884726
0.5766807513020847 , 0.0833001913058198  , 0.3400190573920955 ,  89.85406729336016 , 0.33582079406653986 , 25.895276723881636   , 50.125406438278    ,  7.552503263586028  , 1.383880959185163
0.6242921180375436 , 0.11694869551981901 , 0.2587591864426374 , 225.49400933089638 , 0.41448401503237353 , 67.43027722373748    , 68.14589386588763  , 10.479095333428484  , 1.7209791554542047
0.6107344153798229 , 0.14941393612211673 , 0.2398516484980604 , 197.74463014531327 , 0.9801502720154366  , 63.25457343118629    , 69.9985714508502   , 11.355273957287984  , 1.8103477539510928
0.4873140117772072 , 0.11618391898493786 , 0.3965020692378549 ,  52.74911080226905 , 1.0568119479552809  , 94.9560306344384     , 23.699335182344218 ,  5.865030573165593  , 1.6908108201015428
0.6285117996979956 , 0.10577834173700248 , 0.26570985856500184,  99.67525207396004 , 0.3978362650806901  , 25.444539591291196   , 56.22992600216477  ,  8.210347876569202  , 1.4381224730572877
0.5578684483831302 , 0.12306505102392461 , 0.31906650059294517,  92.88129659863291 , 1.03750283943126    , 64.5177122555266     , 52.77642714121593  , 11.595910522021336  , 1.8028049167501683
0.6114880310328126 , 0.09652056122837181 , 0.2919914077388156 , 104.16126560739451 , 1.0358155779752596  ,  4.994280482826902   , 41.33236119938894  ,  5.3905943772520475 , 1.1463494320708913
0.6292182599846987 , 0.056014234260078524, 0.3147675057552228 ,  99.51195405597728 , 0.9293485929426045  , 10.910019714885063   , 51.15071545964844  ,  5.691396467040117  , 1.3603979254875733
0.5136006949943728 , 0.10622968158779098 , 0.3801696234178362 ,  62.50525914856915 , 0.21869938111745874 ,  0.37616399530495315 ,  3.102615199547317 ,  0.22108078037787926, 0.034740314259025476
0.4720103849055354 , 0.145762528450538   , 0.38222708664392663, 141.78810331936407 , 0.8438712739358383  , 95.94822538172862    , 66.49786041379723  , 11.75972323821168   , 1.5911122230665087
0.49558703250838837, 0.06753029423576597 , 0.4368826732558456 , 196.54669495723303 , 1.136777674267654   , 77.01827492615786    , 70.446111339538    , 11.736029995279477  , 1.7607345679070172
0.5354215577252512 , 0.11900048908206658 , 0.3455779531926822 , 171.34634494348728 , 0.8349215505822306  , 75.52540941441991    , 68.71626572342119  , 11.743660086373062  , 1.7563916585976407
0.6136029531844986 , 0.07009336886590564 , 0.3163036779495957 , 184.57433371961596 , 0.431359376474009   , 48.93370322766525    , 62.30959664971967  ,  9.921222896658628  , 1.680626510833989
0.6221461166512687 , 0.10358276844730813 , 0.27427111490142314,  66.22983570724783 , 0.6256662150454559  , 28.806439958922233   , 43.012385836667214 ,  6.828500543920235  , 1.3931600324637554
0.45139042610623814, 0.059667644964671966, 0.4889419289290899 , 240.29814203535744 , 0.7925837998537116  , 14.521371308416889   , 42.32662313753195  ,  9.044855796775224  , 1.186867614349
0.5521494605155132 , 0.09503709362581851 , 0.3528134458586683 , 217.69836676860496 , 0.6371559700377791  , 27.32877492926051    , 49.957080916654164 , 10.027072656221483  , 1.3210884283905202
0.5334822006297558 , 0.12561633288952462 , 0.34090146648071956, 211.01806369913254 , 0.18794588299061527 , 36.093237305197356   , 53.31047458878891  ,  9.139772562980559  , 1.2179815122878686
0.49442156209414606, 0.08475715242389821 , 0.4208212854819557 , 214.5967610083535  , 0.40887365134982373 , 72.60576931010823    , 70.71865306762291  , 11.216176071076095  , 1.6300794459007004
0.47397307346673656, 0.1164911724487218  , 0.4095357540845416 , 236.54210162655227 , 0.9727554351366774  , 51.807531734702636   , 63.00921819654727  , 10.88699093053662   , 1.6895684731157767
0.5175230342807255 , 0.1295449960789729  , 0.35293196964030155, 158.85079322273953 , 1.0406307530098449  ,  7.438428149326338   , 43.60512480487767  ,  7.998310392120078  , 1.2334074131603883
0.6385819407825039 , 0.14271778194794527 , 0.21870027726955088,  90.05640357352519 , 0.20789503762290573 ,  1.730784860055575   , 13.12136627634888  ,  2.544984384122916  , 0.23674490434645512
0.514640586404151  , 0.07346420818554536 , 0.41189520541030367, 173.35672157050823 , 1.1452447652585334  ,  9.823889235270062   , 48.110075839689856 ,  8.74199312685366   , 1.2801081420585565
0.5537581243486732 , 0.08993159158093081 , 0.356310284070396  , 198.5762987335878  , 0.4281460105259007  , 39.40787651494841    , 60.30981106426144  ,  9.86689233402239   , 1.5625922647079438
0.5906037917790355 , 0.06524160133304174 , 0.3441546068879227 , 197.58347867080508 , 0.811660799540328   , 89.58652003670576    , 75.92415379612731  , 11.593418084259287  , 1.4477610124158584
0.5227259204758588 , 0.14924835021583752 , 0.32802572930830376, 154.28980483337602 , 0.9145989178501833  , 61.190638196085274   , 72.3313837629867   , 11.49059043037463   , 1.7564610335940885
0.6443564165441922 , 0.1427000967924295  , 0.2129434866633783 ,  63.69174386671561 , 0.9837381698335659  , 76.97528638804945    , 41.74303883881572  ,  9.252023105467938  , 1.8392309696736293
0.6424894589884222 , 0.10399571302805596 , 0.25351482798352176, 124.22258768602556 , 1.1376121575598197  , 44.77196107243666    , 66.40951303818872  , 11.19543620306259   , 1.7361980887927406
0.5003564591650729 , 0.13420332943764213 , 0.365440211397285  , 234.15332169267145 , 0.40985748023314594 , 34.719943986724104   , 51.67824935992688  ,  8.170408800962964  , 1.3364034348129454
0.5494497011784771 , 0.10209579772720422 , 0.34845450109431864, 166.8897819514852  , 1.0372824227342876  , 10.406435780795782   , 49.27869447446071  ,  9.750424951808947  , 1.3636967879628028
0.510175661963354  , 0.11235856880027598 , 0.3774657692363701 , 157.66638865114268 , 0.2014399389516381  , 84.08957012987568    , 63.34136437631244  ,  8.741036047683053  , 0.7608381200410633
0.5069680988754935 , 0.05891244321160166 , 0.4341194579129048 , 103.7707028764387  , 0.8607970423066317  , 75.18336278667867    , 52.8160208297952   ,  6.318959307837486  , 1.817380938400121
0.45737738947090656, 0.1255270420496808  , 0.41709556847941265, 123.68978398331578 , 0.9032743889410837  , 16.13933736938161    , 50.12128682879069  ,  9.387702985093963  , 1.3554413845695428
0.5719128667959794 , 0.06277134836352348 , 0.3653157848404971 , 229.06921783063385 , 0.8293817273815185  , 49.17701413212101    , 62.45065080510173  , 11.107669367899513  , 1.6636215604648135
0.5505358046457723 , 0.13260676302525282 , 0.31685743232897484, 183.29260950536715 , 0.3401619465554259  , 46.787981560439505   , 61.31214826663168  ,  9.328050548799     , 1.6029271937597214
0.46029575024999786, 0.1282028087670386  , 0.4115014409829636 , 207.47740535046657 , 1.0539996190674839  , 60.008789057906746   , 70.00406061914424  , 11.659299116550622  , 1.8561856939353802
0.5057292928473223 , 0.12087446977429764 , 0.3733962373783801 , 140.86908461353102 , 0.24418723287595423 , 90.83394182316107    , 62.959198964536974 ,  9.363290510037967  , 0.5992043534018807
0.6316531771933307 , 0.053616038052476216, 0.3147307847541931 , 176.0494438912316  , 0.11168001024895546 , 55.65805840919805    , 47.38682776067472  ,  8.369855858406348  , 1.1789178061257293
0.4979123781333945 , 0.08031283559453287 , 0.42177478627207265,  99.67672174864151 , 0.875084739203699   , 51.86085761074739    , 47.84218272292939  ,  8.190272949066355  , 1.7422459046793155
0.4789789744182446 , 0.07631125699108429 , 0.444709768590671  , 191.09216605669727 , 0.5967970725176437  ,  4.831001561727739   , 30.788567017960506 ,  4.982238255981852  , 0.7215383015780792
0.5478905520555126 , 0.08601364074715191 , 0.3660958071973355 , 135.52026674066747 , 1.0264627229524774  ,  6.039117697730298   , 43.059149076371995 ,  8.223360617534238  , 1.259834081382969
0.6471300908221201 , 0.05876427467638386 , 0.294105634501496  , 138.5091029629491  , 0.4909067122169977  , 17.985291967371733   , 50.071733766339996 ,  8.182777310429419  , 1.2705629140533297
0.4984110543023001 , 0.14369578230310626 , 0.3578931633945936 , 179.86446491537635 , 0.24352037678386973 ,  3.117194082407835   , 11.35412801485729  ,  3.425142231749426  , 0.1300592070704751
0.5844271094811757 , 0.10538022407123762 , 0.3101926664475867 , 237.25612429378532 , 1.01190852134035    , 71.36187797472118    , 67.46801143169183  , 11.02979502892437   , 1.798757962226767
0.6023239230657436 , 0.08055243106580236 , 0.3171236458684541 ,  62.801269321724185, 0.6812460763860824  , 69.43970918342046    , 36.76451968580396  ,  5.166291068371708  , 1.4885590708250338
0.49752750879847996, 0.08969815170742834 , 0.4127743394940917 , 214.94864746940152 , 0.2675751612489081  , 13.061398505437722   , 31.983519705608185 ,  6.2794415971045074 , 0.678904366773748
0.5956432697223719 , 0.09472025405048357 , 0.3096364762271445 , 108.47662208243862 , 0.8784415983744126  , 80.26357447634697    , 66.18685052005644  , 10.234926314219287  , 1.7501288813645153
0.5235566265438507 , 0.11005943333606172 , 0.36638394012008757, 138.78389090127558 , 0.6377806842629256  , 14.85945934522675    , 49.5147400354216   ,  9.639192375919482  , 1.1928956382237348
0.5764611661187159 , 0.10156794276964978 , 0.32197089111163435,  54.38266575500179 , 0.7449599295763678  , 28.912856351746445   , 31.72485907645833  ,  5.773419837566843  , 1.454530482972544
0.576705942152179  , 0.14193919732144172 , 0.2813548605263793 , 110.20921556686261 , 0.5800330889375692  , 23.90178231949104    , 58.20797583216723  , 10.199138131612237  , 1.3906204889331109
0.5571549368149518 , 0.09969634829058302 , 0.3431487148944652 , 150.5262485260261  , 1.0030153313907073  , 35.74148146301259    , 58.02634010814591  , 10.921342119031102  , 1.5056937986413226
0.4680579540108817 , 0.14921580148233127 , 0.38272624450678705,  61.2352154694878  , 1.0039971230355071  , 24.44772152543634    , 28.54634061087039  ,  9.467203218129235  , 1.5184913230823511
0.6170604991178477 , 0.13514249577450957 , 0.24779700510764277, 148.21914587663304 , 0.8657971450980442  , 46.939288938091394   , 65.95755296326129  , 11.329644587257155  , 1.726708014044707
0.5141560129943472 , 0.07085105143573359 , 0.41499293556991923, 235.42212577168547 , 0.17121158400593162 , 39.111156610049804   , 51.88958483067097  ,  8.922232899752654  , 1.2832896950135404
0.48730370207997087, 0.1430595214643916  , 0.36963677645563753,  71.07864362156104 , 1.014681941189679   , 94.71067111481534    , 32.80390600020914  , 10.550907765084803  , 1.711084690315778
0.4581550283109528 , 0.06163663978854761 , 0.4802083319004996 , 202.88814561510088 , 0.8216649276128463  ,  5.368929612309664   , 36.161708366249805 ,  7.208771765574537  , 0.9573465066550265
0.5681785886376484 , 0.13174497084911915 , 0.30007644051323246, 131.93421067519853 , 0.8515777909049445  , 13.649412133185756   , 50.00174492601373  ,  9.629937828665227  , 1.3388943799025184
0.5855128723684565 , 0.08806232934765801 , 0.3264247982838855 , 181.0347429048676  , 0.46743026646445235 ,  5.071285815225838   , 30.59353028868235  ,  5.480227906630358  , 0.5699272988533491
0.45331756578557125, 0.13779743204450695 , 0.4088850021699218 , 102.04731959704587 , 1.0611714895805577  , 60.08075471830807    , 46.36576221241918  , 11.769645666647458  , 1.7921190652766992
0.5524186116598562 , 0.13680566901074503 , 0.3107757193293988 ,  81.89845250827166 , 0.8841773402700861  ,  5.23289063171708    , 42.33166930965929  ,  7.799983225083481  , 1.1766620407588524
0.4952991550395876 , 0.13059254001176213 , 0.3741083049486503 ,  82.09252285424529 , 0.1794790365085736  , 80.29821478810784    , 39.626532538129645 ,  8.241843878746062  , 0.9641594564355818
0.57903455808189   , 0.12900304363070614 , 0.2919623982874039 ,  64.09838912862892 , 0.5189447395670871  , 49.14610854546507    , 37.19675673198812  ,  8.727686522473137  , 1.574360064383172
0.4848732858009983 , 0.08046791390980408 , 0.4346588002891976 ,  87.1293409802486  , 1.069337416254163   , 50.59273195982723    , 43.11506876551169  ,  7.043220276474926  , 1.7634936024391232
0.5881875476204932 , 0.05809192830512522 , 0.3537205240743816 , 182.84387699779364 , 0.10427620695198583 , 53.913072740370644   , 45.15384219736736  ,  8.256965614976924  , 1.1155479414306457
0.5273470692601074 , 0.09029801787651615 , 0.3823549128633764 , 226.33812236870162 , 1.1556291125883569  , 16.39811580539623    , 44.678274827242184 ,  8.859663136228383  , 1.1776589336947447
0.6373459977473469 , 0.06735245149865086 , 0.2953015507540022 , 212.82513711823236 , 0.8310369535674972  , 18.978269098990804   , 51.72696236760937  , 10.156247080957465  , 1.3579063357636916
0.47750418882919865, 0.11949510889024617 , 0.4030007022805552 , 187.02686197489683 , 0.7760823742898831  , 30.60646299580845    , 51.56033711163656  , 10.00770244359071   , 1.3087482720451746
0.5182132702100517 , 0.08460997265377855 , 0.39717675713616973,  72.08637268222054 , 0.36114314496119004 , 56.975655918897736   , 36.65752744639159  ,  6.211481621982406  , 1.7156711905254989
0.4726947042481178 , 0.14756102008599148 , 0.37974427566589075, 107.83748925918997 , 0.3361105570500536  , 20.171306490260594   , 51.241696936388834 ,  7.7787714466222235 , 1.416918417865489
0.6349387236557126 , 0.1140972077345332  , 0.25096406860975423, 111.9613750644938  , 1.1333669524118848  , 11.167845804793078   , 48.37074533762587  ,  9.658331145502428  , 1.3741467495108215
0.6254678706761962 , 0.1322480563634361  , 0.24228407296036766,  99.99138927952424 , 0.39301332236924114 , 93.1312210961695     , 62.94876043175466  ,  9.87345748766735   , 1.48825132194566
0.5015883255430311 , 0.06325246727418485 , 0.435159207182784  , 153.0011319419446  , 0.9418310912268493  ,  2.1102542217237996  , 37.78683242598947  ,  2.426419368645618  , 1.0238831028541224
0.5819968092068358 , 0.13620144822726227 , 0.2818017425659019 , 157.1107629759345  , 0.502090067938141   , 77.05895091225807    , 68.2565461756626   , 11.345823804941455  , 1.5140585744263948
0.6134444400402432 , 0.14227571905133943 , 0.24427984090841734, 121.37719503422204 , 0.2101421814024096  , 75.65137435920212    , 60.58627845598671  ,  8.091404700394195  , 0.9477475865235873
0.5610401623198925 , 0.09870619188189358 , 0.34025364579821393, 120.7578317472872  , 0.062322592349662795, 28.532554929129216   , 30.797470425722832 ,  5.191165847641881  , 0.6749208146824166
0.5559301156712013 , 0.11062529377509775 , 0.3334445905537009 , 215.71111958121628 , 0.6758959375675384  , 13.020155136702087   , 42.54259555338944  ,  8.612604417482016  , 1.1014848921588396
0.49837045818009035, 0.12648098009029954 , 0.3751485617296102 , 207.85856966393712 , 1.1721456413312725  , 13.980350083720648   , 42.87677400327998  ,  8.86460766098214   , 1.1997586550326687
0.4686205535611799 , 0.06748386272604126 , 0.46389558371277895, 111.55916633614913 , 0.4745066228805851  , 66.95343525477048    , 53.50410834469008  ,  7.74159862280128   , 1.6676333006520816
0.6294431515906653 , 0.10025660764634424 , 0.2703002407629904 , 232.75768877465185 , 0.4607711840920015  , 61.709432744272675   , 66.50186559336198  , 10.010674585165598  , 1.71546666922042
0.6300836114326661 , 0.08986630277723132 , 0.2800500857901026 , 240.5630034005012  , 0.4457053605268584  , 75.14358472813313    , 70.01449488723708  , 10.726526153785738  , 1.688865166857913
0.5766202914546537 , 0.06463739921622491 , 0.35874230932912143, 115.34850840600816 , 0.6486254129005872  , 89.99819255031404    , 65.47375786109909  ,  7.548803332095839  , 1.3894969101976682
0.5178059582097402 , 0.08675344222915314 , 0.39544059956110666, 120.88498975861097 , 0.5567646159379376  , 66.42502687359283    , 62.34405066178523  , 11.006666613621748  , 1.525292307462305
0.5198419149225322 , 0.05681723093854936 , 0.4233408541389185 , 151.12683068439176 , 1.0619018207360666  , 14.961747508938572   , 48.8307381014819   ,  8.574750154659736  , 1.3856696652989746
0.5951911357740479 , 0.0525811906949487  , 0.35222767353100337, 238.2241625067347  , 0.6313489104820138  , 23.370491209479425   , 51.94687625122384  ,  9.685623563094927  , 1.339317669159733
0.6294220519905154 , 0.06351662891548228 , 0.30706131909400236, 225.2638866284623  , 0.6339215139168541  , 80.850598163819      , 68.12941441753364  , 11.721564556032673  , 1.5930328610080509
0.6274172848530235 , 0.14631151115891738 , 0.2262712039880591 ,  70.51359251671796 , 0.20912733392864008 , 20.093383280084023   , 44.8894497379435   ,  4.998964836843563  , 1.2752213358251758
0.6059751091715249 , 0.10495295358950169 , 0.28907193723897345, 128.54614865428323 , 1.1801504720469438  ,  6.962142427630216   , 42.18017945205096  ,  8.017316223722721  , 1.2580126082656635
0.5784063292308576 , 0.146582216115322   , 0.2750114546538205 , 160.67423794995437 , 0.3374688244991541  , 67.51488518805604    , 67.33832087700362  ,  9.968205618122562  , 1.4881106348812758
0.4668279929990098 , 0.09324978783301319 , 0.439922219167977  , 150.62649451030802 , 0.13436867757854307 , 38.64253012705363    , 53.59597558564874  ,  7.513791384888631  , 1.1077930972221184
0.48232574281892276, 0.08118161330852595 , 0.4364926438725513 ,  88.77261358737854 , 0.8126181863214901  , 88.32384504440674    , 41.91255089071692  ,  7.2162886449644015 , 1.669903617034104
0.6297108377054159 , 0.10061418628402441 , 0.2696749760105597 , 221.76335423363093 , 0.7346713256804035  , 62.424486824991504   , 67.98052597332625  , 11.201353177286661  , 1.6165933536096062
0.571285811931918  , 0.09395116886329101 , 0.334763019204791  , 185.38815659936748 , 0.5274175020916576  ,  8.680221867999432   , 36.27877366581744  ,  7.774989830585608  , 0.9554548693909481
0.4518394103233259 , 0.06056646842617439 , 0.4875941212504997 , 217.58167497036072 , 0.5355210689627797  , 90.99423045635143    , 73.15207439876006  , 11.677329355420719  , 1.233850666276795
0.4702943085732064 , 0.11408263146902062 , 0.41562305995777293, 221.75285586989443 , 0.9528235092033959  , 24.821497309463606   , 52.95462431464192  , 10.176560759609375  , 1.3724785749974007
0.5827003538216111 , 0.07160381825095996 , 0.3456958279274289 , 199.67117073314796 , 0.2750695361145964  , 32.37239907900343    , 47.70933930013609  ,  8.03499203413552   , 1.0748841437758703
0.45101231676924375, 0.11195879548978296 , 0.43702888774097337, 137.84212024994346 , 0.9932913167866232  , 38.61699971362003    , 61.197574021485735 , 11.144742333671322  , 1.7503074651812573
0.48216161028349974, 0.11502010923981533 , 0.4028182804766849 , 172.1093510030849  , 0.7960591809792709  ,  4.917532454814072   , 38.4847346445465   ,  5.349958699533299  , 1.1707893718342683
0.5597467578733173 , 0.06520248531286481 , 0.3750507568138179 ,  82.07308122394863 , 0.5318152398464531  , 47.66548053413807    , 46.29246782923544  ,  5.67410013846514   , 1.5696023408677817
0.5883790395385387 , 0.05613496271106682 , 0.3554859977503945 , 184.72908349498155 , 0.5767329090714489  , 11.838575143228056   , 40.981065653037525 ,  8.492506329414335  , 1.1101723983430554
0.5803922519005201 , 0.12807615860684396 , 0.2915315894926359 ,  85.85065114785615 , 0.3451442882640101  , 38.49315136208177    , 52.03077721256173  ,  9.665007599472977  , 1.7017741012161418
0.494853861892112  , 0.09598004237693201 , 0.40916609573095597, 188.78991810203135 , 0.914931482601521   , 33.668139647240096   , 52.72408618459184  , 10.303896695760395  , 1.4026376270605618
0.5924358442695072 , 0.05581637955054758 , 0.3517477761799452 ,  95.91963215079373 , 0.6398059536510579  , 74.19264800894432    , 55.87233813343002  ,  5.823981973243783  , 1.4769777990410289
0.49744981749936   , 0.1494866317169767  , 0.35306355078366325,  73.510260030044   , 0.4189827241623201  , 77.10436911674219    , 35.20805497540304  , 10.340365731438672  , 1.6100671193450118
0.5150799396318535 , 0.055778056099636666, 0.42914200426850985,  83.05689802859149 , 0.7354576331250927  , 14.72763670935245    , 44.064942185722174 ,  4.52899881937511   , 1.1968024161564286
0.5992982810236048 , 0.11950352288585532 , 0.28119819609053986,  50.39842704381405 , 1.1950946198590215  , 35.188913988405716   , 29.525525314348773 ,  6.089326432763981  , 1.5291995146620048
0.579926579809443  , 0.14836789252634136 , 0.2717055276642157 , 193.74792357070604 , 0.5505516216050369  , 35.84190345905584    , 52.1253227337183   , 10.139189149940568  , 1.300372687348957
0.6198446820988356 , 0.07391801042159256 , 0.30623730747957184, 196.48020981167582 , 1.1087951108954124  , 14.535402617864165   , 45.046211470061166 ,  8.559253565324406  , 1.2179682345970912
0.5815225784600687 , 0.06422493686871962 , 0.3542524846712117 , 152.9866699826519  , 0.446769365913251   , 76.65153648491429    , 66.94081525354831  ,  9.654580480639595  , 1.6095057043818644
0.5636617206670943 , 0.06213849394224289 , 0.3741997853906628 ,  82.27256021107674 , 0.11294261296373377 , 67.89391952020063    , 46.31496714090133  ,  5.243710462532347  , 0.8348191773054875
0.4687349535656185 , 0.08032751475675956 , 0.45093753167762196,  66.71086750213794 , 0.2848784223236932  , 18.276651484515334   , 31.247004387915734 ,  5.395072380990926  , 1.2180364667707746
0.5235431606118868 , 0.060104581101064675, 0.4163522582870486 ,  53.8257932874574  , 0.5314994148268368  , 35.20530322500471    , 28.985004143235205 ,  3.3091058430841245 , 1.3947901744140454
0.5030404735363451 , 0.1192161341694132  , 0.37774339229424175,  83.14963539304415 , 0.30258016788375436 , 10.157282386225365   , 40.82482888093171  ,  6.633418349514825  , 0.9147442163241866
0.49879792867581674, 0.05622917981300627 , 0.44497289151117697, 228.17110699662933 , 0.050261093950993874, 60.30783332093222    , 52.17269009644902  ,  9.315491453168573  , 1.2515339490959758
0.6446021109504891 , 0.10094221281497898 , 0.2544556762345319 ,  98.30736834033635 , 1.1022517684096562  , 11.651704756667488   , 49.78569380946439  ,  9.212430977921127  , 1.343314731811667
0.5286195449333521 , 0.14966968538529768 , 0.32171076968135026, 120.85426544344313 , 1.0204613229155683  , 94.6496801879921     , 63.4400918033513   , 11.891193558719209  , 1.6334003848826077
0.6284093110354227 , 0.13139702695060188 , 0.24019366201397538,  71.06909689626664 , 0.9036360662099892  , 74.94547917003479    , 42.909463938422746 ,  9.358897618650856  , 1.7868253517439563
0.5762277251994525 , 0.11152194382310109 , 0.31225033097744637,  94.47226094963406 , 0.2429867849929329  , 37.462900760063526   , 54.73657898561129  ,  8.620002740912792  , 1.4094801920939808
0.6089622607083297 , 0.08062536207866117 , 0.3104123772130091 , 153.84491415604103 , 0.18841811264148395 , 55.54213749881802    , 56.47753238991374  ,  8.031522195068739  , 1.145787439760639
0.5505274186210385 , 0.11238958362916385 , 0.33708299774979766, 171.55053661913053 , 0.12774546189324062 , 87.48881435677524    , 49.23745538447176  ,  7.934803996700782  , 0.7743333545243153
0.5653807769252719 , 0.10270414639116515 , 0.33191507668356296,  99.0704628332422  , 0.8826335670888594  , 53.19353091799931    , 55.093205361585085 , 10.390880912091752  , 1.789887484206511
0.5485035387637728 , 0.09260833838903715 , 0.35888812284719007,  61.54643184502344 , 1.1181291547910681  , 16.751854694203697   , 32.72585113069579  ,  5.918668292261164  , 1.385063639577593
0.48904859755960894, 0.06307103767401995 , 0.4478803647663711 , 128.20657382547972 , 0.5451161940499926  , 36.35552213579129    , 63.54944972945802  ,  8.472125648303566  , 1.5209812236389382
0.594490423052301  , 0.13866042152404667 , 0.2668491554236523 ,  96.84067418526683 , 0.1870117727954554  , 80.94190704285556    , 58.095210446623405 ,  8.198078693850055  , 0.9093514566281652
0.5061544724881711 , 0.09497846488213224 , 0.3988670626296966 ,  93.91078464596039 , 0.6392517438419225  , 61.84444953500332    , 47.34121723337161  ,  9.40667888625035   , 1.5346737391826686
0.45486319328629077, 0.06946225118207651 , 0.47567455553163274, 241.97256054269104 , 0.4511566935774246  , 62.46954089604483    , 66.91230587779197  , 10.304220738665563  , 1.7165272376760399
0.5790944591814335 , 0.08677593508772896 , 0.3341296057308375 , 173.26009718514482 , 0.4810486630024973  , 83.21486262609496    , 67.62240359910912  , 10.640910914502404  , 1.653483776818183
0.4854221358814098 , 0.0914129752528927  , 0.4231648888656975 , 161.3756886344192  , 0.7645302177790634  , 85.82141351640044    , 65.22436976807266  , 11.257662449187313  , 1.454649154170027
0.6380917168705829 , 0.13275378955668743 , 0.2291544935727297 , 133.15502070466437 , 0.8765258302515327  , 88.30008689082588    , 68.7007849297055   , 11.764097640542191  , 1.631467601122479
0.6407857154005174 , 0.12336143805614021 , 0.23585284654334238, 135.78886668602885 , 0.17719413870413497 ,  9.105522552302986   , 33.53297696370054  ,  3.8782032546339145 , 0.8944411300552165
0.6329728780440897 , 0.12693048936413398 , 0.24009663259177627, 158.18100076761618 , 0.09092876542744785 , 52.23609618845769    , 41.78829712341274  ,  6.967765993055632  , 0.8865533305261396
0.5240317400510889 , 0.05110312644286472 , 0.4248651335060464 , 189.28596140722144 , 1.193479848088572   , 71.08891403695858    , 67.16758516480738  , 10.015106436376858  , 1.8428717177123233
0.4530913233057735 , 0.09161539981797615 , 0.4552932768762503 , 190.4292192363659  , 0.3176376012528846  , 72.66497713219333    , 71.470180942767    , 10.969696619602454  , 1.6861803500112496
0.635663712517545  , 0.09813441516353236 , 0.26620187231892256,  84.33878154108992 , 0.11190510364472794 , 58.24475538912037    , 42.544120825443095 ,  7.216357332259183  , 0.8634593124964576
0.5356368296634628 , 0.05191922768230567 , 0.4124439426542315 , 150.02255041532538 , 0.26835662846030794 , 16.01158417763272    , 41.72032473055612  ,  6.276573604112397  , 0.8968724701995563
0.6433309638087339 , 0.07598132087450342 , 0.2806877153167627 , 132.3916190068204  , 0.09480152330073385 , 76.55237317839978    , 46.34667326262069  ,  7.607029403575329  , 0.8098418629006341
0.6427239954178505 , 0.1260289823122135  , 0.231247022269936  , 224.10539325387683 , 0.5005825288097474  , 69.13068801743479    , 67.478277831903    , 11.33000660851777   , 1.6216941461450778
0.6206018910934721 , 0.0637109705728999  , 0.31568713833362805, 176.28378424367529 , 0.9727620521190229  ,  8.269034068707484   , 37.53477807291137  ,  7.634372301571894  , 1.0772310694627585
0.5088897784139171 , 0.10353101314525917 , 0.3875792084408237 , 156.50081328319635 , 0.4424311172213787  , 44.52574316874012    , 63.84146753515292  , 10.040217301802455  , 1.6457507830505254
0.527019545720385  , 0.07152018720172375 , 0.40146026707789123,  73.07892843578347 , 0.5608109179101215  , 16.701830354093143   , 38.66678517529871  ,  4.962734142721747  , 1.2074005953288887
0.6202273343033714 , 0.05121207746438933 , 0.32856058823223927, 171.12757786468228 , 0.8269247896025546  , 32.3977963884453     , 57.417075802961406 ,  9.023319643649705  , 1.516029492281465
0.5133844010312556 , 0.07412014575995415 , 0.4124954532087902 ,  73.44078113604668 , 0.6352281805803622  ,  1.7357848517458017  , 31.409700579152176 ,  3.5761894053861956 , 0.8810928235152531
0.4838985493372185 , 0.14758737549100537 , 0.3685140751717761 , 117.44131511315041 , 1.0406625389245228  , 38.431667367432794   , 57.22290614052516  , 11.28990328143191   , 1.7671044207073783
0.5613602524916701 , 0.13015371118829894 , 0.30848603632003097,  78.56839296286637 , 1.0459410263026199  , 52.7881844309962     , 43.789530006685325 , 10.3146463867777    , 1.7467427900782666
0.6372309548321562 , 0.14595766443210334 , 0.21681138073574047, 188.41472940487378 , 0.061397299814826695, 59.479928911400336   , 46.519851792900475 ,  8.53457700376915   , 1.1894336929658453
0.5892059593349946 , 0.09878540439263625 , 0.3120086362723691 ,  91.25042276723052 , 0.944753252455679   , 63.69507313235617    , 52.32949435709283  ,  8.535265012709333  , 1.786276313065537
0.564012234017873  , 0.06097361986775035 , 0.3750141461143766 , 128.3718746376052  , 0.5798436402779249  , 80.28396605783615    , 68.88129348355264  ,  7.870035362573378  , 1.4925817356402586
0.46943529875415374, 0.10479594889736929 , 0.425768752348477  , 229.13495552375574 , 1.1871666224992126  , 20.684439098470083   , 52.487788024773266 ,  9.80266155479477   , 1.3401397600040077
0.573001445339834  , 0.09543773345599608 , 0.3315608212041699 ,  90.86327667979405 , 0.6057168872567504  , 11.566254954092923   , 48.65095496163598  ,  8.966767384164712  , 1.18884998025166
0.6480107700208526 , 0.1344357082739616  , 0.2175535217051858 , 151.56101279175584 , 1.184930337196542   , 81.74756850220086    , 68.84746139227941  , 11.502397718440596  , 1.7908320598377336
0.4780168030473048 , 0.059808258078424464, 0.46217493887427064, 133.8543322332044  , 0.9177547653865971  , 15.03483022969439    , 48.39998568071735  ,  8.144247835568681  , 1.3601888447392922
0.5536659304727474 , 0.09882411370217781 , 0.3475099558250748 ,  53.62480820914595 , 0.33589561730530226 , 93.57696780827474    , 31.99562764233919  ,  5.709732074514274  , 1.4050914863277695
0.6254746143855912 , 0.06500486646939843 , 0.30952051914501044, 208.55162271456257 , 0.6691542261800013  , 80.88367002226914    , 69.04651548490014  , 11.626900377068877  , 1.5647373729964873
0.598153723550841  , 0.082467592689006   , 0.31937868376015305,  63.80918126291995 , 1.1909559854003702  , 48.084154165401515   , 37.278793960724315 ,  5.550656584207035  , 1.7565290916485439
0.5894031481990536 , 0.12373570773877997 , 0.28686114406216645, 144.85100419539071 , 1.0361601989147122  , 94.21645679251442    , 69.0239168463823   , 11.410128280781787  , 1.5947710737247518
0.5904968167974218 , 0.09760181293687664 , 0.3119013702657015 , 162.13565898778998 , 0.16197192785990427 ,  9.348165994368404   , 33.651901451123685 ,  3.8943853576025527 , 0.9036224022395564
0.521898230243951  , 0.08758882851457693 , 0.39051294124147207, 175.6852913229174  , 0.8623277963314955  , 29.094313072809758   , 51.63876401861699  ,  9.975619883714286  , 1.3607867957633977
0.5087183688528987 , 0.08944762785700353 , 0.4018340032900978 , 187.7263258615751  , 0.447416523751435   , 61.2695438438987     , 69.50870161173151  , 10.670964327607209  , 1.7490999540099486
0.6118722310957028 , 0.09594467684059865 , 0.2921830920636986 , 100.65447670454301 , 0.058029601162400336, 33.60065937342516    , 34.023639789235055 ,  5.530216562072725  , 0.6684775968912403
0.6120226789358362 , 0.1285016543837057  , 0.25947566668045813,  51.99575533168988 , 0.5140031143810495  , 89.12376499015602    , 30.547106185507324 ,  6.718332510532796  , 1.3428378430538357
0.6234144637160208 , 0.13920846889402344 , 0.23737706738995573, 194.6887324709824  , 0.31996758498371697 ,  6.300104465070486   , 24.522786878074594 ,  5.281207935592957  , 0.43405273733739486
0.6326481105112942 , 0.14553346865039282 , 0.22181842083831296, 157.13131986951572 , 0.9916996610985422  , 52.743535877852594   , 68.03047823586307  , 11.502813925803197  , 1.7694962417268774
0.5522684797721875 , 0.1286903386255295  , 0.319041181602283  , 217.22354064144974 , 0.4379302001726303  , 56.72316166993099    , 59.07010224510163  , 10.125097803223026  , 1.5983067651873153
0.5503032589374399 , 0.08154068957480128 , 0.3681560514877588 , 214.27767258013887 , 1.0016522480468895  , 62.66189988261351    , 68.80237858438569  , 11.712062825153051  , 1.7612378001758762
0.6096590357933551 , 0.11881347060865421 , 0.27152749359799067, 218.66523355757664 , 0.05068762966001461 , 24.543957439854186   , 30.9003902762686   ,  7.013086510303908  , 0.8141658637028741
0.579992786155553  , 0.0937603124055392  , 0.3262469014389078 , 147.01893199590802 , 0.40399202253003696 , 34.99837704190699    , 55.1450054404704   ,  8.173159967713818  , 1.4841904923372242
0.5903933754515407 , 0.07546706220460511 , 0.3341395623438542 , 116.72567916737313 , 0.3273399964539262  , 80.99333084783785    , 67.12042008306854  ,  9.090381651646087  , 1.4788252666272086
0.6091585338872203 , 0.13408715794259224 , 0.25675430817018746, 208.311640518274   , 0.3186024652289026  , 18.714505821135344   , 47.63787832924417  ,  8.084556943442506  , 1.2397037228911247
0.6280010683635133 , 0.053842634896232505, 0.31815629674025414, 140.25882260585098 , 0.1284146127302821  , 79.37931332864275    , 45.87592183109777  ,  7.867169371505313  , 0.8935303934107989
0.5175990313703072 , 0.14017619921354235 , 0.3422247694161505 ,  86.68843928068691 , 0.265192910972077   , 54.01492059866327    , 43.56853075753034  ,  8.830647477572883  , 1.3196431175858938
0.5251165905279889 , 0.09614774646247341 , 0.3787356630095377 , 220.99480391229486 , 0.6888820053684629  , 73.17000107463188    , 71.82779473193229  , 11.314669911879596  , 1.5546992288752335
0.4687963879681738 , 0.11372014768082804 , 0.41748346435099815, 226.51197535446946 , 0.3850652337634061  , 68.50630716129326    , 70.55413491044625  , 10.810276127862593  , 1.719517651237937
0.5656560281992348 , 0.11593539222057826 , 0.318408579580187  , 143.26195122803404 , 0.5300039996785201  , 19.921103556948385   , 55.3908202365627   , 10.060446021792337  , 1.3598481528551705
0.45718845475934844, 0.13951177407065363 , 0.40329977116999793,  65.1399454619575  , 0.48339691239926674 , 54.606022697651795   , 31.64833026662735  ,  9.234691799466605  , 1.4825609350886606
0.543119603626492  , 0.11366696821672073 , 0.34321342815678724, 127.56521798338625 , 1.0572906637498787  , 83.30142266928887    , 68.7363279067869   , 11.952653483667905  , 1.8361161884036357
0.5585289269415153 , 0.11139335847600618 , 0.3300777145824785 , 210.70753189252068 , 1.0910938488620927  , 41.48315873298522    , 61.72400751606359  , 10.978839182187887  , 1.56756590178762
0.5073082504256569 , 0.056665204056069   , 0.43602654551827413, 230.35480570924574 , 0.616900517404239   , 92.79271394143841    , 73.99699956427283  , 11.380254260878319  , 1.2395971460108013
0.5681666521138021 , 0.10184080219452041 , 0.32999254569167746,  90.69454849951916 , 0.429679342862945   , 43.412649609764934   , 50.74463571632118  ,  9.27736847238588   , 1.726517333867251
0.4561000499878099 , 0.06501690008170416 , 0.478883049930486  ,  63.3947224050543  , 0.17282080960271817 , 13.70742112011693    , 30.074367659139238 ,  4.249584468624028  , 0.9238720330419206
0.4574696377498429 , 0.12374337687214855 , 0.4187869853780086 , 225.47009062656772 , 1.1464133112894093  , 37.38572928745663    , 60.89407243630308  , 10.656592802309492  , 1.5797249627765182
0.6145201121319317 , 0.10122219208126745 , 0.2842576957868008 , 127.88098779577506 , 0.11926098663534207 , 91.36343101349156    , 49.71873158487618  ,  7.960735774269184  , 0.8051606949106812
0.5220381282822526 , 0.11802277792083533 , 0.3599390937969121 , 158.35219285351263 , 0.39229781920352247 , 30.693201536626006   , 53.250432594631675 ,  8.110174456421072  , 1.4345393995264648
0.47541210253037697, 0.05416729006023843 , 0.4704206074093845 , 243.61316241015177 , 0.39277613134550476 , 83.33742334723803    , 68.73956200654243  , 11.066085769915395  , 1.662085194996593
0.5544486520109608 , 0.058479201604580325, 0.38707214638445886,  63.31294558284457 , 0.4184614790612471  , 84.60006544146142    , 33.160139701910396 ,  3.9116407320393876 , 1.4898538816637463
0.6039987106197222 , 0.12163233880626823 , 0.27436895057400956, 179.66360149041913 , 0.23892986976327063 , 33.61790633586826    , 45.09486168639345  ,  7.7497638432544385 , 1.1349852580579363
0.4931642054993687 , 0.05720843359986734 , 0.449627360900764  ,  64.82108451497342 , 0.9506356455622517  ,  7.992735172860684   , 30.549771536894227 ,  4.014184631829196  , 1.2523949525460105
0.5745780951638001 , 0.05712567277652586 , 0.36829623205967404, 125.09378569330008 , 0.1908725412608876  , 69.55755927924655    , 57.226648225843036 ,  7.2495087505090705 , 0.9017292262951486
0.4670694929987536 , 0.05121084752348875 , 0.4817196594777577 , 210.76290903868934 , 0.7801426580261372  , 29.90518070534266    , 53.026380377320805 ,  9.591926889408903  , 1.2882807513640455
0.46033634423372155, 0.145650139829948   , 0.3940135159363304 , 136.69444655112687 , 0.1924229307116901  , 75.16066696872696    , 59.24052708772876  ,  8.228598518179938  , 0.9328963399381329
0.5562709263136296 , 0.1237508359459007  , 0.3199782377404697 , 249.43647078059007 , 0.13111598323190005 , 42.49486543300158    , 44.46703506405185  ,  8.54144373081694   , 1.0381667606869418
0.5581270243220213 , 0.08532514085020641 , 0.35654783482777225, 161.81185698932043 , 1.0958439292387578  , 46.58560726489167    , 66.24827167375604  , 11.51646554687671   , 1.7689132971178543
0.5774859802996413 , 0.07965355812876553 , 0.3428604615715932 , 114.2324305271907  , 0.2686480812665115  , 74.67930304785953    , 65.68218999294734  ,  9.305205112900845  , 0.5333936772887564
0.5952182667445323 , 0.08497032297458496 , 0.3198114102808828 ,  94.02226518095063 , 0.9944376777436599  , 36.70687978191628    , 56.57371213631498  ,  8.477608482338775  , 1.685422925949256
0.6451704158925069 , 0.12746535311811819 , 0.22736423098937492, 120.10410685723237 , 0.6763255017732062  , 42.540225150999795   , 63.88956735537544  , 10.872108003879124  , 1.5369305222987617
0.5532600696602391 , 0.11613706110704143 , 0.3306028692327195 , 124.50665475191016 , 0.13953499755008503 , 36.11428500188373    , 51.735759388943855 ,  7.366132951566736  , 1.1370399352237979
0.5145912945882491 , 0.06851955678674679 , 0.41688914862500404,  63.7427355447922  , 1.1487654201537776  , 35.264689466618876   , 33.26373863188919  ,  4.159947961530039  , 1.476488396646444
0.6090372389537407 , 0.06741093353340843 , 0.32355182751285083, 123.91483988535464 , 0.3340053420406764  , 50.49087138254011    , 65.44462820605474  ,  8.610784270037897  , 1.6592790037813059
0.5041664502524148 , 0.059839564971339736, 0.43599398477624546, 142.847703947845   , 1.0385921471554973  , 77.64474667211047    , 68.46188175731324  ,  8.77089755225295   , 1.8036542261145476
0.5377942841411272 , 0.11603027197013381 , 0.346175443888739  , 194.54755044776093 , 0.2441315066522488  , 34.72975794456632    , 45.4246178208854   ,  8.176461087051317  , 1.0954121762863378
0.4656912762684532 , 0.1264372662221736  , 0.4078714575093732 , 181.3458969443216  , 1.0320343144631308  , 50.328453171622726   , 63.008696164201936 , 11.221467574725834  , 1.7123321748613176
0.45507014868309154, 0.0765046428325004  , 0.4684252084844081 , 191.75313104583086 , 0.06521313484108808 , 64.38982324248968    , 52.21533858171003  ,  9.34355199433647   , 1.3072720346439812
0.6425296829355851 , 0.05209449610309128 , 0.3053758209613236 ,  51.67273637537142 , 0.6385475250549028  , 25.86618684515088    , 30.25731693515022  ,  2.7525023030376023 , 1.3909051530270973
0.6171960241024412 , 0.05821716674764274 , 0.324586809149916  ,  93.53347991610721 , 0.9348589663347903  , 26.642189270629686   , 57.209912224720576 ,  5.589483029895684  , 1.5143071210696482
0.5891948412187396 , 0.14678600348450305 , 0.2640191552967574 , 182.3368576799713  , 1.1250148451167008  , 89.60766019425166    , 75.8576506060074   , 11.280260624121254  , 1.4101291865289713
0.531790588882854  , 0.07954447774774202 , 0.38866493336940394, 146.79787363594943 , 1.0955824566374601  , 69.4593190397845     , 68.46217604102908  , 12.167146952009588  , 1.8198959747189845
0.4846588640141692 , 0.12692231478381336 , 0.38841882120201754,  51.06269513366919 , 0.9925685999797916  , 55.40992091743765    , 24.807599696079105 ,  6.724462649643067  , 1.706091042989481
0.4812874085342172 , 0.11246635688542637 , 0.40624623458035647, 210.89892848636447 , 1.0714200521104997  , 62.18112522437875    , 68.0854955822487   , 11.476556623197885  , 1.7829645662028448
0.500048579632919  , 0.08819396396528958 , 0.4117574564017914 , 204.56191465806748 , 0.27910263871263796 ,  2.812746537928163   ,  9.138526398808715 ,  3.8957867534372372 , 0.008249043970198246
0.5598453329412241 , 0.07056872621955551 , 0.3695859408392204 , 159.6838325987125  , 0.37681194006848806 , 59.3378846939229     , 64.60399358665508  ,  9.797624524511717  , 1.7509624618358226
0.5929191845400125 , 0.06213864181594064 , 0.3449421736440469 ,  63.292665155254426, 0.38231380365921724 , 48.91285182952338    , 36.41349003558808  ,  3.994442979894201  , 1.7243344902971478
0.5820394753435463 , 0.11150129680388665 , 0.3064592278525671 , 203.30300990651693 , 0.4836120206519536  , 52.391969258825824   , 63.44432545608079  , 10.81061017913004   , 1.5167456619605935
0.5059867793891886 , 0.12746337806377878 , 0.36654984254703266, 166.7427175462728  , 0.502318770942967   , 34.50468737575844    , 58.29805333743802  , 10.406165813825147  , 1.3723032546249294
0.6409730561326388 , 0.11439042535411306 , 0.24463651851324816, 206.39199543159182 , 0.6762386233528768  ,  7.821494180442421   , 33.78458099099584  ,  7.363836995853267  , 0.9275788301155465
0.5975793833391537 , 0.10303021332491583 , 0.2993904033359305 , 200.3493984791681  , 0.23386172787140758 , 18.56056642675701    , 44.405410621068604 ,  7.531752719946063  , 1.0111981832385624
0.5608708105022802 , 0.05419512234316363 , 0.3849340671545562 , 210.60041439156743 , 0.8449336633538876  , 91.27149246841648    , 75.34707287854576  , 11.86464277755751   , 1.463423366796231
0.5723441492468705 , 0.1468488777594384  , 0.2808069729936911 , 153.60161328092497 , 0.24270152020018243 , 39.23515797800966    , 60.02230963736126  ,  8.875701228427468  , 1.3612750654368948
0.533920012485558  , 0.12987141916545747 , 0.33620856834898455,  78.064903638703   , 0.4068547544202296  , 44.80158295976296    , 39.67361934395416  ,  9.928923171482007  , 1.7404453145621348
0.4995461979002315 , 0.07928220367009647 , 0.42117159842967195, 184.23149467593774 , 0.6288469001970771  ,  5.060139825930143   , 33.744255384070144 ,  7.076802817917294  , 0.7576983941472446
0.5211945357302523 , 0.14799703293588506 , 0.3308084313338626 , 174.09475701039412 , 0.9659066457519989  ,  3.6063580362221366  , 38.575030287392906 ,  2.841775222814378  , 1.0626851991938664
0.6015692220928739 , 0.11018815896363221 , 0.2882426189434939 , 198.45063743981743 , 0.9003896182245363  , 68.84941891648873    , 68.55608057065167  , 11.496776647815173  , 1.8620158494117383
0.4528786977259512 , 0.10824226582072465 , 0.4388790364533242 ,  83.97620121014705 , 0.7923645098721006  , 51.657087755626684   , 41.14523141656338  ,  9.446538447422643  , 1.7449324773332948
0.47321452810138326, 0.1248073179429532  , 0.4019781539556635 ,  88.99503998005784 , 0.22913924966719568 , 48.8357744847616     , 42.46635174366957  ,  8.78006929854797   , 1.265560076431524
0.45920052840435055, 0.13117697880901374 , 0.4096224927866357 , 228.08190344386568 , 0.6791021474579144  , 23.339954920576194   , 50.546089744986084 ,  9.676392971927877  , 1.2955143007838907
0.458145760463794  , 0.11564786073315027 , 0.4262063788030558 , 199.99555969041415 , 0.15056347706986825 , 71.49607023647253    , 63.08975727891115  , 10.537704348618984  , 1.6492041821818886
0.6210921168022014 , 0.06280957463662    , 0.31609830856117854, 231.64569774006458 , 0.4839676533161483  , 16.15071159441522    , 44.40067471716159  ,  8.66360973867255   , 1.0582561985700247
0.5907315718760048 , 0.08382675059944984 , 0.3254416775245454 , 201.74306423278415 , 0.5255440098334531  , 18.233735391457923   , 49.384799091411345 , 10.093042810029702  , 1.2541923751689366
0.544834765817465  , 0.14280836403260497 , 0.31235687014992997, 169.43106119806038 , 0.09578315536261689 , 44.22836844943444    , 40.94188879428878  ,  6.723387333826307  , 0.9305058490392446
0.4695668321302003 , 0.0724615611843852  , 0.4579716066854146 , 180.82654740557473 , 0.36508631439046757 , 27.482866762746326   , 48.64640169451175  ,  7.7635419833405    , 1.2648416746925042
0.5483231750233665 , 0.08721670238375133 , 0.3644601225928822 , 227.82558478800198 , 1.1489968873564627  , 23.75644619838205    , 53.12571584102001  , 10.216736357311962  , 1.294025915135881
0.5446943541561131 , 0.0932076882944196  , 0.3620979575494673 , 165.7613509023881  , 1.1466774990041428  , 61.94281387711984    , 70.12247718142773  , 11.78955844691959   , 1.8499796718848946
0.48464037398200305, 0.09394049896944522 , 0.42141912704855167, 176.4782648656775  , 0.45517611239042016 , 62.493287540980276   , 67.81084786225696  , 10.514059110360161  , 1.7176995055122775
0.5367703298475947 , 0.11129395824945254 , 0.3519357119029528 ,  81.29534320072011 , 0.09956512529057265 , 79.15363870079321    , 43.99696870844217  ,  7.813364486467213  , 0.8171472064496138
0.5297009468794747 , 0.14430758377447075 , 0.3259914693460546 , 144.78424402322054 , 0.25595918022740877 , 40.10002242940568    , 58.55344160760441  ,  9.097765613397947  , 1.3630968308981086
0.5731700196104433 , 0.07406927118325049 , 0.3527607092063062 , 193.2794223916198  , 0.5010504624485711  ,  7.016168738510423   , 34.59298535206753  ,  7.247064779584514  , 0.9558938117006873
0.5770187301735288 , 0.062150137630091806, 0.3608311321963794 , 104.18853966327308 , 1.1399466526646143  , 26.271972952459937   , 57.5587447452839   ,  7.111743324750001  , 1.4695606175598397
0.4590608019544089 , 0.06974704898599374 , 0.4711921490595974 ,  90.45083610490698 , 0.21237892306776263 , 94.08052446689442    , 42.66337655119207  ,  6.124022044311035  , 0.7250796831995938
0.5249225229252943 , 0.13869249002092693 , 0.3363849870537788 , 112.76536164488311 , 0.9280432202184441  , 57.2408232223394     , 60.33037276871735  , 11.664272364677037  , 1.8147704943529552
0.5751719831428472 , 0.11458108126552059 , 0.3102469355916322 ,  98.3001255985667  , 0.17498492028089588 , 68.13476014089795    , 57.117710303955455 ,  8.35735413666437   , 0.9465818954252836
0.5506272517160176 , 0.07859067892391601 , 0.3707820693600664 ,  92.98252740727918 , 1.1784462139999683  ,  0.7063516440397954  , 28.59161833102152  ,  1.1540278871774345 , 0.8242381843310371
0.6212979682376645 , 0.13159469389686174 , 0.2471073378654738 , 134.9701685736174  , 0.48885897397550515 , 49.747750289522      , 65.27981560816974  , 11.162348786514952  , 1.5763080172645965
0.581738726323789  , 0.1361369996363436  , 0.2821242740398674 , 231.56770277670682 , 0.9415197197339144  ,  3.6027511230530997  , 33.218862378860344 ,  2.937079074960246  , 0.8401433804737565
0.48258688541628597, 0.13465143386902778 , 0.3827616807146862 , 151.41192934774364 , 0.44397974523280154 , 54.646100360779      , 64.01832614260444  , 10.04232360611928   , 1.7200345493564682
0.464113749480086  , 0.14189265336395546 , 0.39399359715595855,  87.58407616306461 , 0.77181920873263    , 88.39400156506323    , 40.16821899471898  , 11.570629402984338  , 1.3967451531359387
0.5784838556412631 , 0.07522410201733616 , 0.3462920423414007 ,  65.39433387617481 , 0.27081849745104225 , 92.96823652803916    , 37.925695157718934 ,  5.143331459382935  , 0.5344357972951903
0.45530226210832436, 0.12550419287462783 , 0.4191935450170478 , 189.23122902758504 , 0.2179241721915069  , 51.893056837336715   , 56.00239723844819  ,  9.670765490659633  , 1.4008603806774707
0.5671551162546926 , 0.09605394972741399 , 0.3367909340178934 , 126.55975288727757 , 1.128773760503351   , 43.987661304212736   , 66.13427458297552  , 11.292583880857363  , 1.7519023832876328
0.6380460482849916 , 0.13419985528900613 , 0.2277540964260023 , 214.36618931707184 , 1.1052943695900985  , 90.72164104785543    , 73.28256203454295  , 11.553278292104135  , 1.436831882897522
0.5650948355751758 , 0.12284906771616132 , 0.31205609670866286, 181.90215372815405 , 1.0705892812448148  , 64.66654387168273    , 69.04610588794769  , 11.25911961033936   , 1.7996610382194842
0.5276339852413043 , 0.12764474464997244 , 0.3447212701087232 , 209.2482901082737  , 0.7692484676915825  ,  6.230330835687308   , 33.36366614232974  ,  7.043650342850277  , 0.8761064425411509
0.5786576436884706 , 0.11561618376810714 , 0.30572617254342227, 104.38920788368975 , 0.97950844289872    , 44.709655456079766   , 60.6192343831921   , 11.67717285091879   , 1.7427532287831635
0.5416505780983033 , 0.06774287694697069 , 0.390606544954726  , 188.4717844922116  , 0.12939247744808113 , 23.063521772573175   , 33.67894374121787  ,  6.838446701091672  , 0.7393527727028949
0.559123357863187  , 0.10450269188969383 , 0.33637395024711914, 102.81239693874375 , 0.43500739817428097 , 45.10121485907343    , 58.68344130052074  , 10.283818236362064  , 1.7207178956621356
0.638292961755305  , 0.14846697395245081 , 0.21324006429224415, 237.8136958900583  , 0.4107585934707296  , 43.72469491261073    , 60.1508769721192   ,  9.759980999719387  , 1.59635193387574
0.5272205275601549 , 0.1437388066497119  , 0.3290406657901332 , 177.27485630667488 , 0.7809921202455052  , 55.88590107021523    , 61.411869109305584 , 10.992606044025939  , 1.4418255013128196
0.6422381127647829 , 0.05431737357970117 , 0.3034445136555159 , 114.90236003506841 , 0.4593514394912365  , 34.24996707352812    , 54.88225501117544  ,  6.401073352871515  , 1.4534898340973843
0.6310701283912128 , 0.06648148157294372 , 0.3024483900358435 , 103.90237245845452 , 0.22078279889023295 , 15.769963147769094   , 40.531253582597884 ,  6.095898440179472  , 0.9428431758793093
0.4891582269578593 , 0.0631728773454562  , 0.44766889569668444,  88.1853170143287  , 0.7359371367255753  , 48.3570657206358     , 44.84477911012955  ,  5.684773562887939  , 1.5370456377115984
0.4638722601750331 , 0.12259799099852954 , 0.41352974882643734, 188.92819177874557 , 0.9865415087694437  , 79.69947689719316    , 69.94416676475372  , 11.749192774747065  , 1.798231596861524
0.47015560027548536, 0.1317785329856945  , 0.39806586673882005,  93.74312259958546 , 0.48944201862896913 , 63.745173894489824   , 43.78407341748404  , 11.50563195880232   , 1.5037134357508155
0.45364436513031   , 0.0713511366310672  , 0.4750044982386229 , 169.0606531854978  , 0.20210902236325395 , 32.48331512882072    , 46.648701241839746 ,  5.178822570755806  , 1.297489470429319
0.46888859215118567, 0.1005852692951829  , 0.4305261385536315 , 102.92700538507147 , 0.2761914269097465  , 89.81021018485029    , 48.85404681684864  ,  9.407575198487258  , 0.5438551334329745
0.5866013546832713 , 0.13407030280111998 , 0.2793283425156087 , 182.3937889587737  , 0.3231058009447916  , 87.57192683992149    , 75.90667151068365  , 10.93276290622424   , 1.224212772430542
0.4642377296920458 , 0.12328015447662506 , 0.41248211583132915, 212.98794570810784 , 0.39488223194371663 , 20.097446340873482   , 48.31235844556766  ,  8.189262150155717  , 1.3507746952696442
0.5137951260587523 , 0.10422372054918483 , 0.38198115339206284, 205.60504862893063 , 0.7892143310822555  ,  3.7840881715548456  , 34.12983317626283  ,  3.2176667424686816 , 0.8403367438848879
0.618975062193891  , 0.10903476904587728 , 0.27199016876023174, 202.17026618615634 , 0.7410873072183769  , 71.16563600167318    , 66.63362181275473  , 11.086278229864657  , 1.5922732980115937
0.45465438714716516, 0.10083605469162799 , 0.4445095581612069 ,  87.54448113845041 , 0.8504918408020951  , 79.45058508951871    , 38.458079287524484 ,  8.964909134960578  , 1.7807278394737596
0.6128936965177871 , 0.07975484513188205 , 0.30735145835033084,  67.67698939690374 , 0.4668772822112401  , 92.91499833133011    , 41.0647649457041   ,  5.545758264779935  , 1.4457885138899687
0.50637095495468   , 0.1065021992859016  , 0.3871268457594184 , 189.78976569747712 , 0.9975972996619751  , 85.42429383247783    , 74.019433972663    , 11.249641506836152  , 1.4179675303996226
0.47363296552433126, 0.11888853020500907 , 0.40747850427065974, 123.66944275887026 , 0.2847008103291243  , 57.65133774781582    , 58.30613453304979  ,  8.88353017383741   , 1.3478409878501596
0.5893474330728301 , 0.13733229158608076 , 0.27332027534108916, 136.46924528066944 , 0.5893968596458771  , 50.88502456438856    , 62.69972014367904  , 11.07243899958606   , 1.5627451894450648
0.5757885693559768 , 0.11362913539792481 , 0.3105822952460984 ,  56.22981855867821 , 0.9710795297726448  ,  2.672740921208284   , 33.50657932991569  ,  2.2181312124213597 , 1.0718051382478488
0.6254944027054106 , 0.12611215370431578 , 0.24839344359027365, 101.91528985500983 , 0.25718244489251213 , 23.679018897098672   , 49.92373282978614  ,  7.173447544940135  , 1.151052731468456
0.5970142087607772 , 0.0660071634954573  , 0.3369786277437655 ,  56.73528077489281 , 0.1763425808019004  , 44.12301616636094    , 31.566603847899575 ,  3.79846422224798   , 1.197999705750313
0.6106961860769697 , 0.096155747441979   , 0.2931480664810513 , 225.83715452024953 , 1.066236562841188   , 60.33637440802251    , 70.13558330521444  , 11.33186112479504   , 1.8387666722854878
0.5064069145142613 , 0.050933161982709335, 0.4426599235030293 ,  98.6793366437061  , 0.44436911217307523 , 53.49617599856742    , 49.00884848606759  ,  5.219549783838896  , 1.713654400374312
0.48548790875594455, 0.0746678864521623  , 0.43984420479189323, 161.4674339146016  , 0.8364506436453868  , 71.2930550094423     , 70.22145341595237  , 11.980484628234786  , 1.8147565284026659
0.6001229503281718 , 0.12264617151130049 , 0.27723087816052777,  57.795864132226086, 0.07915089490352925 , 26.857625365155922   , 31.44787891358699  ,  5.595226980340382  , 0.6648694260123401
0.6113669478534528 , 0.14918099513493632 , 0.23945205701161087, 183.3694782611316  , 0.8435539216708671  , 54.235450334637434   , 63.47245632982383  , 10.811891647922666  , 1.7242393947892705
0.6481010284001347 , 0.05991780995872159 , 0.2919811616411437 , 114.60546915081878 , 0.41351650827901604 ,  8.461655365516044   , 37.765456112258015 ,  6.173908006141585  , 0.9948295421298753
0.5325235353822853 , 0.09014943158612883 , 0.37732703303158593, 229.58383739153317 , 0.114101981625558   , 39.71189026398787    , 45.34873516999833  ,  8.13684750448604   , 0.9700041371299428
0.5244036171585567 , 0.13000709686991596 , 0.3455892859715274 , 227.62363778680717 , 0.7512846757803345  , 72.0154399636417     , 67.86394825165534  , 11.517045481030719  , 1.6186666436998733
0.6052825921483994 , 0.07040356346288988 , 0.3243138443887107 , 115.05812367234955 , 0.32692438848414923 , 66.56648192918823    , 68.192101522945    ,  8.206649113231189  , 1.554283970107354
0.5181607080506035 , 0.10550849493022862 , 0.37633079701916783, 230.19217913809356 , 0.49482832835966195 , 95.10170276852918    , 75.3735729616747   , 11.53989934623657   , 1.2277517046616044
0.636151465120713  , 0.12330712960296748 , 0.24054140527631956, 249.23153469975577 , 0.14266793412949064 , 26.677548094824576   , 40.5631676058918   ,  7.456133517108002  , 0.9292913515224284
0.6216825503686023 , 0.1115985450260179  , 0.2667189046053798 , 215.0831328247896  , 0.21923773875918712 , 47.826172720702      , 59.45653005003385  ,  9.208089953073513  , 1.2993671894617724
0.5357988054750037 , 0.06880247346154161 , 0.3953987210634547 , 218.9742695510458  , 0.3926738208202203  , 31.634919722303685   , 49.433673117543584 ,  8.010675616935254  , 1.2746010537106554
0.6001742135582995 , 0.08553845686857395 , 0.31428732957312655,  99.80174722181798 , 0.1532234256441807  , 42.29789894968077    , 54.69101694024647  ,  7.542804354362745  , 1.1369434233979556
0.6009085748169365 , 0.12837917844853972 , 0.27071224673452376, 165.34047977155126 , 1.0974502043892624  , 82.26721246746126    , 69.08309983764762  , 11.698991792224703  , 1.7685296085318933
0.47062477376718653, 0.10542265141320166 , 0.42395257481961185,  63.45118279347357 , 0.056954099661575185, 65.68407121809472    , 31.31661035060757  ,  6.952283067975969  , 0.8262797678666749
0.6305105813359133 , 0.050522961354291275, 0.3189664573097954 ,  68.98358736433394 , 0.6064392516939581  , 84.71435436936784    , 43.4814438158532   ,  3.724668956232821  , 1.386901358128439
0.5510504744895715 , 0.1260990760028094  , 0.32285044950761915, 249.7785224066581  , 0.19173457685243417 , 19.5370663998611     , 39.43376705503581  ,  7.366179329740195  , 0.9828671797900408
0.6152914932215483 , 0.05353113549402391 , 0.3311773712844278 , 115.32784988518219 , 0.40383095289964077 , 83.84266731277805    , 69.19402670885418  ,  6.365587056066503  , 1.576023322281878
0.5140099202061224 , 0.12457337827312322 , 0.36141670152075445, 199.63678240976927 , 1.1149684937910054  ,  5.737178321124905   , 35.26832567594027  ,  7.3158119801678945 , 0.916041411090909
0.6291046456992402 , 0.07024805601652374 , 0.3006472982842361 , 211.33301060536328 , 0.2359487362650849  , 85.30553092196664    , 73.14816775225029  , 11.27334098272699   , 0.7032764511804462
0.5278403357468326 , 0.145807348011938   , 0.32635231624122935, 221.60465420144584 , 1.1607071676760825  , 31.59108282822988    , 52.072025292803865 , 10.159603040212795  , 1.368970591143555
0.45216753029605966, 0.08679407513020845 , 0.46103839457373186, 249.5256594804313  , 0.28666353353783497 , 30.200412807750382   , 46.67027629423888  ,  7.900198068035812  , 1.134243652173624
0.6310763952838527 , 0.08269316163380791 , 0.28623044308233936,  98.29929705137357 , 0.902801024736854   , 49.16050336307174    , 63.67356594283928  ,  8.34689826353651   , 1.7656857439594495
0.46825733535722674, 0.06488880503324447 , 0.46685385960952874,  58.07016537193994 , 0.6786788546319085  , 90.30625802143025    , 27.3204177246923   ,  3.6351320394399744 , 1.4187307700098035
0.5138627275180829 , 0.08056042154902149 , 0.4055768509328956 , 132.23830359891718 , 1.067150536736273   ,  4.5870110094149155  , 41.762745081889065 ,  5.23867725819947   , 1.1838708576193457
0.640012393410161  , 0.13766507618282003 , 0.22232253040701894,  76.0161339657894  , 0.6870922438286006  , 33.81417360679155    , 47.041026749525194 , 10.444936866463555  , 1.3992762592412886
0.6401214293875113 , 0.14963343376272473 , 0.210245136849764  ,  54.485177832411026, 0.664743102029755   , 82.23091091360023    , 34.349700476845584 ,  8.456801084366685  , 1.5067901491106988
0.5646875776246573 , 0.08683095305068483 , 0.3484814693246579 , 122.08536542829722 , 0.27477670042365987 , 38.02122983380481    , 59.932698072756715 ,  8.885876717192687  , 1.4502564952930326
0.5763674424339599 , 0.09486106309545425 , 0.32877149447058585, 206.7476502150473  , 0.2411637663594075  , 19.119062169318433   , 43.68160964301782  ,  7.726044345617004  , 1.0512014100932756
0.539689104395664  , 0.1222070938202737  , 0.3381038017840623 , 163.23613824501416 , 1.1039625237828412  , 40.78024140781553    , 66.3200470511169   , 11.301985309707364  , 1.7285898314069397
0.5086421543396129 , 0.13861957804650743 , 0.35273826761387966, 112.55559784207081 , 0.4270139286775391  , 37.01304014320026    , 58.06146018564726  ,  9.912468774278475  , 1.7377130867538044
0.5157329090739832 , 0.1093044334186784  , 0.3749626575073384 , 180.86840109854393 , 0.4778945932073303  , 87.87995534080353    , 74.08051399301438  , 11.049789503816386  , 1.2407069115798697
0.5845036912154077 , 0.08915256981778294 , 0.32634373896680935,  96.40363606176214 , 0.9237972071926466  , 73.14570007133732    , 56.50697955614476  ,  8.734977045098582  , 1.8040699081090312
0.600474905887536  , 0.09126218408486238 , 0.3082629100276016 ,  52.87628921441701 , 0.4396470047862284  , 48.49109335142461    , 31.69437400619706  ,  4.865307473673511  , 1.6882335862343254
0.6083158087451697 , 0.11956181464968069 , 0.27212237660514965, 202.87067728728547 , 1.144871813634853   , 94.88357440527082    , 73.61743579906533  , 11.584451884380865  , 1.4220038186015216
0.6079236285589108 , 0.05032182636042787 , 0.34175454508066133, 174.7486169728018  , 0.8986169343486203  , 44.66664300248864    , 66.21685153514174  ,  8.905966780295953  , 1.7418447793613134
0.4682412206097381 , 0.11195893374598406 , 0.41979984564427775, 202.46052490019198 , 0.737043628959433   ,  5.590831758746422   , 32.48979303905017  ,  7.0031662082001205 , 0.8592030414919604
0.5488840609405163 , 0.08554930104413574 , 0.36556663801534794,  57.78760333753312 , 1.0630294346264653  , 25.17833489423855    , 31.520395689792313 ,  4.979690786090772  , 1.4913030824542768
0.4615117520033289 , 0.12941973312770844 , 0.4090685148689626 , 217.42392556613044 , 0.10704679460190517 , 41.86276610105401    , 44.115283319767755 ,  8.509544394675881  , 1.0124294982368538
0.5599057764647472 , 0.059299063982313216, 0.38079515955293963, 173.90524000726066 , 0.34562209601759003 , 15.06265191802753    , 43.837770194012045 ,  7.198006475225644  , 1.0391131468905874
0.5383061002746754 , 0.10882022669483904 , 0.35287367303048556, 162.67907014252802 , 0.5847917843540464  , 90.96625212710813    , 66.23497456232808  , 11.143797709670672  , 1.4100607948597714
0.6275408365516599 , 0.09809728898861236 , 0.2743618744597277 , 174.9228096229063  , 0.31102532039224917 , 73.61749419050622    , 68.97798952180786  , 10.12894160318677   , 1.580554670681066
0.5201830025104157 , 0.11423255259052274 , 0.36558444489906156, 222.8866493736728  , 0.9054909653974748  , 25.755571241066175   , 50.187195860303376 ,  9.845232594116611  , 1.3757385994394757
0.4734134032855212 , 0.056485359448296836, 0.47010123726618197, 167.3873013117814  , 1.1070892357117839  , 56.71723521771992    , 66.04646632275069  ,  9.604962552929726  , 1.7481778483302144
0.4785983364105672 , 0.10799837874281312 , 0.4134032848466196 , 166.19007597763587 , 0.5373356379205619  , 69.25911908251891    , 70.28618680751643  , 11.862685654772331  , 1.5350495607278267
0.6023021263434944 , 0.10614845879595236 , 0.2915494148605532 , 248.13583141315317 , 0.44345249012867916 , 90.3627771750526     , 73.3793641273868   , 11.006350289385487  , 1.2624587224932406
0.5736436126632523 , 0.10606600944161709 , 0.32029037789513065, 201.3460334137136  , 1.155783341958201   , 84.63699352083943    , 73.11169548039496  , 11.66445187463333   , 1.4197223369107705
0.47022453522455804, 0.11034876665964548 , 0.4194266981157965 , 138.45876109022706 , 0.561580297751672   , 49.45845370926851    , 65.271133097381    , 11.303335192077677  , 1.5414199603748786
0.4668213612229995 , 0.11764679372263621 , 0.41553184505436436, 191.47940000658554 , 0.6124056605166757  , 74.36665150012969    , 66.6635574730858   , 11.249705992126122  , 1.5021979196310136
0.590193826291824  , 0.13049889996807695 , 0.279307273740099  , 127.8460943383577  , 0.45439735319319113 , 53.96589636744816    , 65.01906339560038  ,  9.796673997111746  , 1.7027302376856335
0.4645526012728387 , 0.07698207201282144 , 0.45846532671433987,  95.7750924966998  , 1.095980743963959   , 53.05957344437185    , 47.02450502210859  ,  7.310094811627486  , 1.7793578776203096
0.6143720118580713 , 0.1325049410180062  , 0.2531230471239225 , 169.37037537755188 , 0.7042988057741284  , 11.015228000466422   , 45.85401072064783  ,  9.284561359990667  , 1.2231282249507893
0.5912484454312993 , 0.09982556822634536 , 0.30892598634235535, 235.6364196227903  , 0.9265007752588913  , 12.109215169550598   , 41.13717870983981  ,  8.287513358131488  , 1.169949027603454
0.46626975612837995, 0.05770582791343312 , 0.4760244159581869 , 235.82790400309256 , 0.9835777261035192  , 50.835227042155914   , 61.66639657806508  , 11.278398441676465  , 1.7015084309137913
0.4669675428170384 , 0.05585509292439792 , 0.4771773642585637 , 118.38105562109806 , 0.44312639820484684 , 25.810708317984634   , 56.33645239175238  ,  7.1486876796813155 , 1.4588231552053275
0.6473279157002352 , 0.08342383186960609 , 0.2692482524301587 , 155.535493244339   , 0.548748481018437   ,  2.0195426362049886  , 34.30003368440502  ,  3.6589653818437884 , 0.9616975623236206
0.5248541591512241 , 0.12848969771114677 , 0.3466561431376291 ,  92.32717971397224 , 1.0257425405672043  , 69.39256357442038    , 47.847573503902375 , 11.386923670224231  , 1.8021232509987701
0.5241284294133782 , 0.12076809347409158 , 0.3551034771125302 , 249.12622189977668 , 0.46774365442718174 ,  3.118713282255836   , 17.773983703499137 ,  4.378269190687677  , 0.254644771391594
0.6125599134515005 , 0.12886149646724065 , 0.25857859008125883, 246.22358157358715 , 0.963025403469629   , 57.146576745989236   , 65.08173864606474  , 11.088672718235795  , 1.7267069324078665
0.6394497154767718 , 0.10172690564416093 , 0.2588233788790673 , 179.90178594148946 , 1.1321411709606026  , 51.76260423622218    , 65.5511041711926   , 10.98303687196881   , 1.644634121375737
0.6472002127645742 , 0.09401989979554906 , 0.2587798874398768 , 210.8828119354947  , 0.766691929028208   , 93.00621029546923    , 73.92621596952017  , 11.719872841519477  , 1.2352140454738263
0.6006756370517883 , 0.06474525267062839 , 0.33457911027758336, 193.02003225674    , 0.9028713805696722  , 46.4844613773736     , 59.13549805555119  , 11.186923892896589  , 1.6779901609259036
0.5252519171061831 , 0.08281927536093116 , 0.3919288075328857 , 168.63164380789362 , 0.9758619088473051  ,  6.105737892268547   , 41.55369980005929  ,  7.724363457127918  , 1.243652240997742
0.46670014333973375, 0.09340193661738752 , 0.43989792004287875,  60.669599397779535, 1.021795596231139   , 52.96204490942032    , 27.807192576568724 ,  5.9306835082716285 , 1.7702107419947948
0.6054293831854873 , 0.058860042967961726, 0.33571057384655095, 140.9528685105322  , 0.5043113385353154  , 80.74523237914573    , 66.69417460290303  ,  8.771010347818425  , 1.4775227085642202
0.561680849947161  , 0.07206119527112112 , 0.36625795478171785, 184.9572604334821  , 0.1089529780523979  , 95.69753129101824    , 60.61771169503268  , 10.500686539077325  , 0.6880182428490365
0.5348444018493953 , 0.10982252940637388 , 0.3553330687442308 , 185.50632277673694 , 0.5121577119222505  , 41.312944674150955   , 61.5285476256184   , 11.27033377844716   , 1.451458637459266
0.6312708770189472 , 0.12356631142391898 , 0.24516281155713376, 124.62452368447671 , 0.8248196642517033  , 30.74867927968728    , 59.37438678992535  , 10.492845402866603  , 1.506596195995033
0.47223949646123026, 0.14983475113929495 , 0.37792575239947485, 238.3383973316061  , 0.5679029436479117  , 87.0387165073919     , 73.86887007210515  , 12.05164676180906   , 1.2063930323234753
0.5485250208581718 , 0.14331133313435576 , 0.3081636460074725 ,  83.4714064473562  , 0.9113076234894583  , 18.35924439130765    , 47.079996149708315 , 10.50513627042272   , 1.4430300836578227
0.4522707289534838 , 0.11425651995351915 , 0.4334727510929971 , 150.07188924311214 , 0.4605297938889634  , 59.081175843160956   , 65.71991865687055  ,  9.846329895510298  , 1.6226784927515945
0.5437321283988252 , 0.0921248053294072  , 0.36414306627176757, 188.17679531016455 , 0.7799557622696339  , 38.94858472137098    , 60.02059668702973  , 10.798140122755111  , 1.5051350835659105
0.4612606551363675 , 0.11361773647082327 , 0.4251216083928092 , 189.42716117836184 , 0.26438277558207074 ,  3.9439070357333073  , 14.247197340166217 ,  3.7531753535138805 , 0.07690392044153328
0.4737635832536144 , 0.1285651618080232  , 0.39767125493836236, 179.7277913537631  , 0.9117748521417004  , 33.33969353334699    , 52.768345956761635 , 10.246174611946369  , 1.3989682897049571
0.473505249355421  , 0.06183361909233873 , 0.4646611315522402 , 105.05764269037203 , 0.6775503641349797  , 25.46193816025676    , 52.17272358097105  ,  6.39201756328532   , 1.3969285563143665
0.5798420604232127 , 0.09099048896962883 , 0.32916745060715846,  81.24131373732439 , 0.28467404682859065 , 65.86475077857475    , 45.40220405294509  ,  7.512630492085709  , 0.5479226677271868
0.5992089758530846 , 0.13398022856356173 , 0.26681079558335363, 177.18806536534217 , 0.3856978495224783  , 91.08388777842414    , 74.75075632228173  , 11.286077190295078  , 1.2030773510741604
0.5666737530194319 , 0.0883832951933044  , 0.3449429517872637 , 169.86042322788757 , 0.9109000148691072  , 25.732529988349224   , 57.32251343382473  , 10.561317992545286  , 1.445728078028055
0.6424345096949085 , 0.10718722712271865 , 0.2503782631823729 ,  85.8712020578482  , 0.6049914210107488  , 77.90073015856144    , 55.680544280925155 ,  9.437244022533557  , 1.5021178412947975
0.5249741159047409 , 0.10877693608621983 , 0.3662489480090393 , 191.02782911411268 , 0.29843615645203303 ,  5.314542426087314   , 22.537721622457234 ,  4.695077941891636  , 0.25932389604107114
0.5071424172563721 , 0.06844762531336393 , 0.424409957430264  , 141.03439834673128 , 1.1623618689258421  , 51.65961696382206    , 66.86982065633198  , 10.091046333249114  , 1.7336013228818437
0.6237198256378921 , 0.08622354416522884 , 0.2900566301968791 , 183.5521183206306  , 0.8723937727894211  ,  6.77280611614988    , 34.431444061160796 ,  6.860410552817894  , 1.024439950854137
0.49471916770389057, 0.08345112887419322 , 0.4218297034219162 , 217.47341595403014 , 1.1507050574207656  , 89.66716714854138    , 75.70770628292371  , 11.706860276662585  , 1.4836514464743726
0.6426445078881222 , 0.052619670853206485, 0.30473582125867127,  83.94568571538463 , 0.5411708021643947  , 73.56972293350947    , 54.834207763550246 ,  4.465441988370898  , 1.5502459470590382
0.4524308949379633 , 0.05241917638913553 , 0.4951499286729012 ,  53.82897359936734 , 0.5963653917954785  , 63.163191475640865   , 22.05615949657618  ,  2.916382386788901  , 1.5210830649235356
0.6439757653415279 , 0.13316970436757736 , 0.22285453029089475, 205.82051727915734 , 1.082648498612772   , 79.09405263596777    , 70.31210014368511  , 11.736366557224146  , 1.8177961126619822
0.4586319823901152 , 0.07730708099728124 , 0.4640609366126035 , 171.9394850305232  , 0.6538067412821923  , 62.161900374735666   , 65.12067967506967  , 11.25829645927101   , 1.5179925293319612
0.6282286227396142 , 0.10180787662388155 , 0.2699635006365042 , 189.92791392442433 , 0.8633707486915172  , 93.01866212873195    , 73.92622260789634  , 11.404880949542942  , 1.4503909466854503
0.55554022181726   , 0.0798725573588773  , 0.36458722082386263, 217.63099499772852 , 0.3399988091198594  , 68.53996299501807    , 67.0871177381804   , 10.23666500980926   , 1.7089347653461575
0.6485929592238601 , 0.14406792451153405 , 0.20733911626460588, 210.5621869649001  , 0.5637354390080366  , 88.76722651989569    , 75.02834874073136  , 11.413836264042741  , 1.2538813818117935
0.4647593129470798 , 0.07592967588657737 , 0.4593110111663429 , 242.18402938576494 , 0.19196734568190837 , 49.64466163302125    , 54.82949773498996  ,  9.72566707585579   , 1.4338514359811163
0.5607708568802642 , 0.09296568127389351 , 0.34626346184584234, 157.18701577042364 , 0.28687704125850594 , 11.238183646258815   , 38.606982272340204 ,  6.431887044593186  , 0.9132959048235766
0.6438605071238198 , 0.13727302504846017 , 0.21886646782772   , 147.69912653198108 , 0.05108492755777575 , 50.70506125660964    , 44.30747319059862  ,  6.841613670543404  , 0.8487173951594483
0.5546195688340297 , 0.13419335667918086 , 0.3111870744867894 , 130.37743997814601 , 0.09515480939595927 , 12.179791494056957   , 20.96876091045388  ,  4.204931904780167  , 0.4376588830449168
0.5758797276270525 , 0.06861014178462774 , 0.3555101305883197 ,  80.7382085688409  , 1.1738763966534687  , 56.87937400093489    , 46.88104571956033  ,  5.382231330987449  , 1.781082900999016
0.5891497377969235 , 0.13026433097957102 , 0.2805859312235055 , 164.5214465764045  , 0.3287067494072766  , 46.31933381065564    , 63.15157091979377  ,  9.29615750898407   , 1.690928982323425
0.5409082129535546 , 0.09581868867378926 , 0.3632730983726561 , 105.40250486519577 , 0.8128073159296022  , 59.767238191947044   , 56.575145372861364 , 10.39927391042892   , 1.7087294487124
0.5755116160168127 , 0.09829688720853552 , 0.3261914967746518 , 234.2615024425951  , 1.0149646536195531  ,  0.964510181263833   , 24.80990625987166  ,  1.1934004670684684 , 0.6333284468472439
0.56686286238462   , 0.06334799724159437 , 0.36978914037378563, 166.63816085541953 , 0.6832595281220489  , 18.704687198914954   , 57.478501592383914 , 10.426170968450766  , 1.4165931214579648
0.6302316020981978 , 0.058060151375712465, 0.3117082465260897 , 168.56803610162203 , 0.22611617509654963 , 47.16772146356456    , 60.92597710919035  ,  8.823236500604112  , 1.4344383676165862
0.4590892760682916 , 0.12279393069737651 , 0.4181167932343318 , 120.98493217540201 , 0.8873339029365913  , 91.24834191255695    , 55.44010596642842  , 11.520823534305205  , 1.6108376305151293
0.506192637918446  , 0.09964611523552996 , 0.394161246846024  ,  60.397870395541496, 0.7402891216145205  , 36.82646787409521    , 30.932127943680293 ,  6.100593163947676  , 1.517128376632287
0.6400822968153117 , 0.09368507026151796 , 0.26623263292317034,  56.348753074597724, 0.8909381777494814  , 40.739714501148924   , 35.54682273611585  ,  5.543410954994296  , 1.7222397007510226
0.6280527567781833 , 0.12295082286523967 , 0.24899642035657704, 134.66702883063948 , 0.9352086162856502  , 68.61082454463573    , 69.42361381050685  , 11.80277335414704   , 1.8456460400215051
0.5411313505571426 , 0.12655128989911096 , 0.33231735954374647,  66.91307561944757 , 1.171721922837457   , 57.96410469946733    , 36.724618884873024 ,  8.720967086393781  , 1.75750863369419
0.5740265195603074 , 0.06589081676693535 , 0.36008266367275726, 171.36939110802783 , 0.7095977720307165  , 28.69691040943999    , 56.90139680457241  , 10.386882290653123  , 1.372116247304661
0.5054762365962265 , 0.11102251494776413 , 0.3835012484560093 , 226.1946011279315  , 0.44288727959419205 , 39.438373974473066   , 58.05886605899113  ,  9.646433183548853  , 1.575456940433626
0.4876242319447523 , 0.06353540822776856 , 0.4488403598274791 , 226.58296330374444 , 0.7957342404352726  , 20.899180690294315   , 51.84330515524925  , 10.070768565682021  , 1.3418209437839572
0.5427396809879964 , 0.12513750860290457 , 0.332122810409099  , 181.80908202644648 , 0.12870681562902003 , 92.73806007650002    , 61.27067854371607  , 10.07708354868913   , 0.651110425532827
0.5206704456052106 , 0.11569551562671394 , 0.3636340387680755 ,  92.24636629458621 , 1.0820069160698242  , 12.540900629506535   , 47.221181986929665 ,  9.566985269880306  , 1.3280080261637297
0.5667312223701744 , 0.1456614621083458  , 0.28760731552147983, 222.59936627177441 , 0.18728816303892631 , 35.69633131837627    , 39.750815370300685 ,  7.625939312113786  , 1.0973320858182218
0.46554692739299697, 0.05689580163564212 , 0.4775572709713609 , 227.21868706264164 , 0.42701926356869097 ,  2.4805413331210744  , 15.574030170581699 ,  4.50754625687827   , 0.22636373433202103
0.6448789615332333 , 0.055705472115125436, 0.29941556635164124,  89.33071699059174 , 0.988107187720039   , 21.290831225620455   , 57.934923371551385 ,  4.957385339120008  , 1.4786496817284909
0.6472421488959206 , 0.07821870746932001 , 0.2745391436347594 , 197.48521715413546 , 0.7369092350803186  , 74.92522928449488    , 68.9101173277322   , 11.53627361940083   , 1.5652871156666235
0.589632342803949  , 0.0761705683735906  , 0.33419708882246035, 107.3039097854246  , 0.5026808483190583  , 19.312822299732428   , 55.420409411587414 ,  8.604282411688926  , 1.4042529688217074
0.5572192732688241 , 0.07469787990719998 , 0.36808284682397585, 210.52806247058592 , 0.5944510082812746  ,  7.6860866427806975  , 33.4565202167216   ,  7.474208881593332  , 0.9435363850934929
0.5119055232572656 , 0.14062545805210366 , 0.34746901869063074, 249.44757998072055 , 1.0327295021825074  , 45.547505265074236   , 63.3955345123635   , 10.796145750046358  , 1.6452013746602112
0.6127590039413897 , 0.07495461998495061 , 0.31228637607365967,  56.005201065878566, 0.4410050439688759  ,  0.9570465345137755  , 13.513677752410826 ,  2.7287551175829905 , 0.2073889948684688
0.5869462345107759 , 0.0771949726128631  , 0.335858792876361  , 229.47317315818637 , 1.050097137533997   ,  8.137550824927985   , 36.36577073417596  ,  7.582018571553233  , 1.0937785629610033
0.48252338786897825, 0.12593982624179637 , 0.39153678588922536, 174.52610671973162 , 0.1513545956231952  , 77.5320834780456     , 58.174400959674514 ,  8.31922826588767   , 0.9548260516401204
0.6321854368987685 , 0.09497398424505399 , 0.2728405788561775 , 244.67652383296422 , 0.9433182027899253  , 74.06144110652221    , 69.35397009178948  , 11.364620346514222  , 1.739478375072476
0.6145074485846338 , 0.12767105569551812 , 0.2578214957198481 , 143.00190350528553 , 1.0246797780129466  , 87.85332675887003    , 70.30526438583475  , 11.531484380562592  , 1.6292380084766298
0.6399599826583848 , 0.05653661575643853 , 0.30350340158517664, 219.47758611427474 , 0.25909030076293954 , 82.03348184743196    , 69.6892700504033   , 10.833406168626945  , 1.2325095459533362
0.5951439016776721 , 0.09875711936733843 , 0.3060989789549895 ,  62.47881371965545 , 0.5448985122280305  , 65.58485407102253    , 36.62867149276753  ,  6.027744044907026  , 1.5885358477754064
0.572683039187158  , 0.053361360018328266, 0.37395560079451373, 117.05581001565915 , 0.24032474086320393 ,  5.0239543008636325  , 28.172368989614238 ,  4.777186093830657  , 0.6617475277571755
0.5336486072581238 , 0.056265320345535455, 0.41008607239634076,  63.40330755024199 , 0.8625947483433504  , 75.15346732671912    , 30.73704436757054  ,  3.9017955267211666 , 1.776955122099326
0.6365456966708027 , 0.14064374533444107 , 0.2228105579947562 , 245.06862669581412 , 0.6656499332709053  , 81.1690378406938     , 67.36749045791095  , 11.405875686512314  , 1.5612597219534226
0.6232127779000817 , 0.06392453711175952 , 0.31286268498815883, 213.39478145436735 , 0.7806218487145692  , 76.71188599410763    , 67.7458870374417   , 11.744879270897254  , 1.5647728905296205
0.4590437340212379 , 0.10324206822752172 , 0.43771419775124043, 220.5094842491941  , 0.2759600119996428  , 48.8139873895705     , 58.75700296399051  ,  9.523690999548428  , 1.4273543836828568
0.4552733948994504 , 0.09110956026007065 , 0.45361704484047893, 237.59304628677884 , 0.29350774136028246 , 22.35857651035024    , 44.28956858981187  ,  7.902709039579149  , 0.9965571762965247
0.5252926733756099 , 0.08473433262588427 , 0.3899729939985058 ,  67.02069722395707 , 0.09772192433639232 , 81.15167766611776    , 33.611761043107236 ,  5.386693875857493  , 0.8448307314270613
0.6121106661563667 , 0.13998333456872725 , 0.24790599927490609, 127.11951850266668 , 0.42037766547508915 , 69.8076297350533     , 67.31789803508788  , 10.874495706847433  , 1.6233561906423548
0.6474552258629889 , 0.052182339677548956, 0.3003624344594622 ,  64.20697780880042 , 0.6937063605337261  , 94.15307274132975    , 42.16429962608819  ,  3.7082696608335057 , 1.4256466502349268
0.4800833782207056 , 0.1163789686175589  , 0.4035376531617354 ,  92.15862031000572 , 1.036625151096928   , 14.94648938456956    , 44.86330863149332  ,  9.54402871163423   , 1.3537748543045514
0.568826143070427  , 0.14633944342135502 , 0.284834413508218  ,  95.87315540753447 , 0.8169665645774828  , 21.663799972997285   , 52.28427495878339  , 10.1992404851765    , 1.4200118045287904
0.5261781713262044 , 0.10601681834618419 , 0.3678050103276114 , 143.82144220951574 , 0.5507057719097141  , 20.33262238862426    , 56.61278465246539  , 10.2589313402488    , 1.387180870711999
0.6439828795629207 , 0.14368224620330916 , 0.21233487423377018, 103.71243349072851 , 1.1460881315532585  , 76.08381769164832    , 65.14723041590904  , 11.381694573865799  , 1.7724899046725524
0.6184237846271418 , 0.05522578792860238 , 0.32635042744425585,  70.19562136355222 , 0.8771319806622067  , 17.943100459211344   , 44.47215285005328  ,  4.047553734139405  , 1.3694774455372574
0.6176657409422276 , 0.09187933190741614 , 0.29045492715035626,  83.49821781882154 , 1.1196899832919325  ,  6.399343663037385   , 43.450855354014095 ,  7.921423324292678  , 1.2580755290164296
0.5437386319589941 , 0.07601577909620512 , 0.3802455889448008 ,  79.45511271041818 , 0.6567261692629905  , 95.86183743222034    , 42.13701709403627  ,  5.997142086421417  , 1.3450020781997194
0.5329639004675331 , 0.12308209649807297 , 0.34395400303439394, 244.61535958245966 , 0.3477399160121105  ,  2.382452298734318   ,  9.982023790185945 ,  4.348576449503303  , 0.09123975147243671
0.5046814143861412 , 0.14812970904972467 , 0.3471888765641341 , 201.85850138369472 , 0.11075068931943027 , 80.1834297752511     , 53.671057862022046 ,  9.852281360837303  , 1.2318216821274792
0.46127509933018546, 0.07565300624442478 , 0.4630718944253897 , 243.5522930539124  , 0.8849975792064281  , 35.07521678886267    , 50.02011963983291  , 10.355227222507713  , 1.3820372830134702
0.6229444752510107 , 0.11541746014740745 , 0.26163806460158184, 137.9480973015817  , 0.18949844770636426 , 80.79508413675026    , 58.22006098051384  ,  8.262801407562817  , 0.9471550377238538
0.6125802018260156 , 0.06980976327597402 , 0.31761003489801043, 105.67369633253132 , 0.3981913975127622  , 53.24356715626992    , 64.40463595938003  ,  7.274666263099881  , 1.700493051619514
0.6499435346572262 , 0.10653302545716098 , 0.2435234398856128 , 209.65863944183732 , 0.662341544066482   , 86.55659803069057    , 75.2185463793232   , 11.702554618071682  , 1.24489322353723
0.649327367414781  , 0.09639324866883361 , 0.2542793839163854 , 115.25078360822936 , 0.6990790759467098  , 88.91452669580416    , 65.4679046259895   , 11.261243759207657  , 1.379998481329729
0.5610863411205255 , 0.14720053296315372 , 0.2917131259163208 , 109.87667474106965 , 0.7406706765352065  ,  0.8734254029544957  , 23.071720656255707 ,  1.6305652695684811 , 0.6566286816764104
0.6037974830361021 , 0.11085272726964665 , 0.2853497896942512 ,  96.50119844156623 , 0.2411936299021557  ,  7.239568895307674   , 29.660445832380283 ,  5.052275685019401  , 0.8081822086460474
0.6389531459764857 , 0.08495063720868187 , 0.27609621681483243,  75.93579564484708 , 0.486698015544896   , 24.034438038802126   , 47.32748236851268  ,  6.9922305204304855 , 1.372059785984942
0.6199294781354823 , 0.06140957848879334 , 0.31866094337572437, 101.2926122033532  , 0.7597733611845117  , 64.25427997089616    , 61.39088258438338  ,  6.351873306750452  , 1.5730974299690397
0.49946962034863956, 0.06512468287349346 , 0.435405696777867  , 121.06394969477753 , 1.1652916943288525  , 85.27413086510458    , 61.63896878638829  ,  8.46908722087455   , 1.650129142075595
0.5401088270620187 , 0.0725316929951235  , 0.3873594799428578 , 184.79884162914607 , 0.886775808354642   , 44.15442732422042    , 61.03050770650027  , 11.050991695633984  , 1.6688734779672398
0.475831883030299  , 0.0750966661340298  , 0.44907145083567124,  62.512968443890315, 1.1109943206580515  , 58.269419162329484   , 29.889465788685083 ,  4.727739231715414  , 1.7522770675168289
0.6408102054517445 , 0.13506160578411378 , 0.22412818876414173,  92.1013879330686  , 0.9265438670613035  , 18.09598586837387    , 56.90396395497686  , 10.452904828806242  , 1.4872439064756637
0.571234926890176  , 0.10612227882825248 , 0.32264279428157155, 211.8047280583353  , 0.7304745142262605  , 77.27681605264179    , 67.6803730475758   , 11.75737258461765   , 1.5718639534454546
0.4957285611006926 , 0.10233909113743664 , 0.4019323477618708 ,  79.38438471675416 , 0.2708268745067962  , 92.8634986899331     , 39.15023876246829  ,  8.158603087185318  , 0.5900732064634636
0.5843401368811714 , 0.06147688718692175 , 0.3541829759319069 , 118.5290293045043  , 0.81668849967639    , 25.785497559801357   , 58.180205962551454 ,  7.589038590258164  , 1.485456861440887
0.5736256480915791 , 0.13601396933494347 , 0.2903603825734774 , 222.93178437162803 , 0.7668865008538931  , 47.50329135365244    , 59.36436332323461  , 10.72286128874556   , 1.4975191181930496
0.5216325436065681 , 0.12228143032084837 , 0.35608602607258355,  80.98506222868853 , 0.7428395460258564  ,  8.267146608611885   , 40.81034918457706  ,  7.777839027991953  , 1.0594892208921654
0.4727115184399258 , 0.05676683619000016 , 0.47052164537007407,  66.54736712363798 , 0.6132537481864768  , 53.67711902044496    , 30.45018280059965  ,  4.057094636950865  , 1.5811851185247698
0.58431463911856   , 0.12078350972297687 , 0.2949018511584632 , 146.90759901600217 , 0.657955094587667   , 48.26721041728133    , 63.92920274841297  , 11.129132462425899  , 1.4776936181118188
0.5540615401807587 , 0.1043538217342646  , 0.3415846380849767 , 110.48390225570728 , 0.43460890618581965 , 13.865902478887449   , 47.165372610527356 ,  7.209414658354611  , 1.09281651823077
0.6044636783471279 , 0.05817253457467783 , 0.33736378707819425, 162.6816728967708  , 0.6472095965386486  , 42.4383564593352     , 63.442929790232796 ,  9.88977128363192   , 1.5282842710446767
0.5540327002223987 , 0.09583006415286564 , 0.35013723562473564, 210.76097809669503 , 0.27718929153024996 , 32.07404660031007    , 45.982987182358954 ,  8.243992586708432  , 1.1134349095729459
0.6204363000637081 , 0.09846962871300469 , 0.2810940712232872 ,  77.42969763054863 , 0.9759505569644332  , 50.09576402929818    , 47.66342347448808  ,  7.917154368081199  , 1.808137722375523
0.5603813677548971 , 0.06657745401632757 , 0.3730411782287753 , 166.139816910857   , 0.263643497903514   , 56.22281620116472    , 60.81119424159785  ,  8.917341579800075  , 1.2762067189991952
0.5621875943070773 , 0.14456981470002822 , 0.29324259099289446, 151.10175207797278 , 0.14771123337288639 ,  0.8155755462921128  ,  5.024706565829709 ,  1.2788483942219377 , 0.11508409881031394
0.625330720531669  , 0.13499753714806617 , 0.23967174232026478,  78.81575720263992 , 0.551682930310731   , 73.05657436315731    , 47.11828395620163  , 10.893377325514091  , 1.4580078149408089
0.5306965732424794 , 0.11690223373291082 , 0.35240119302460976, 174.7996971057965  , 0.8070535554319711  , 68.44937201872712    , 69.93657898937916  , 11.71537878533826   , 1.8040337172002439
0.47680304569012816, 0.09622955610006072 , 0.42696739820981106, 104.72808357215433 , 0.5533743486735726  , 35.16349307582613    , 51.15563425419083  , 10.106049201368851  , 1.415619850256087
0.4557565352626678 , 0.09117655415845086 , 0.4530669105788814 , 147.5668637088025  , 0.3682672517440049  ,  5.081849814606553   , 33.09288919830211  ,  5.663815996515015  , 0.8077461442380077
0.6010274511347238 , 0.11509734671509542 , 0.2838752021501808 ,  66.45446485541237 , 0.6918968614740069  , 72.47352381936483    , 39.6485196481768   ,  7.83623234080027   , 1.5286342679912306
0.574061910270693  , 0.10454318694069054 , 0.3213949027886165 , 141.91681144272462 , 0.4490526857240299  , 91.69681540590071    , 67.65924602209579  ,  9.997031482520049  , 1.4745117130872687
0.5908159536198447 , 0.05622731058818856 , 0.3529567357919667 , 111.29269360856406 , 1.122797843645628   , 23.054553218113362   , 58.173419944397736 ,  6.222227391154223  , 1.4936103521410056
0.4925928323017822 , 0.10125026487703317 , 0.40615690282118466, 214.47624223707086 , 1.1110419105441078  , 31.058362918755638   , 50.286209085796486 , 10.075410212396811  , 1.380352371241975
0.477274295117354  , 0.13064036172328394 , 0.39208534315936205,  61.395745399473654, 0.6277275929679098  , 17.646037390254236   , 28.252372661902573 ,  8.186652139245965  , 1.1629202235662672
0.4529089331335764 , 0.0959239877596958  , 0.4511670791067278 , 133.72145498366598 , 0.42706659312099726 , 55.38586784110461    , 60.164473089358744 , 10.208030778797255  , 1.7145885849319662
0.5201175117613194 , 0.05519565775542684 , 0.4246868304832538 , 141.6862848262876  , 0.897702276050135   , 14.864773886155675   , 50.880538548834316 ,  8.04067761058426   , 1.3101541845670934
0.5679835373709267 , 0.1286278199384033  , 0.30338864269067   , 195.00121525982374 , 0.09221988500552664 , 34.19461857229243    , 37.13805578735777  ,  6.901863847937228  , 0.8675184125363515
0.5284488090199465 , 0.07013637821359744 , 0.4014148127664561 , 164.8575150180422  , 0.5959843569501989  , 66.91324933768925    , 66.73073779209089  , 11.525798369728562  , 1.5197505488424239
0.5374949844047459 , 0.07586208348880388 , 0.3866429321064503 , 183.44246743883622 , 0.4367719034108835  , 53.77113436889745    , 60.64419896161377  ,  9.873573512108766  , 1.6780149909678577
0.6308317388987497 , 0.06647063534322958 , 0.3026976257580207 , 205.4098571303512  , 1.1086162678679379  , 37.10040617548178    , 61.220758111305315 , 10.970055918635692  , 1.593679311975322
0.5196510934046601 , 0.08302150648714976 , 0.3973274001081901 , 222.44059473163776 , 0.06380348136358492 , 40.34396177352402    , 45.63917319886384  ,  8.318128906797247  , 1.0199019409852386
0.5527978978319622 , 0.1256751505688635  , 0.3215269515991743 , 112.7750993444941  , 0.6857371070761015  , 53.96264473183003    , 62.46327740271859  , 11.429617934261444  , 1.542712099130049
0.6067306025482286 , 0.10193858595039373 , 0.29133081150137763, 157.6045410727806  , 0.9017631182266199  ,  0.5630138771674851  , 27.948249272150658 ,  0.9809081115102137 , 0.7758244933347793
0.529308556464254  , 0.07048812741507125 , 0.4002033161206747 , 218.02161568783998 , 0.6077706856526475  ,  7.536947371546546   , 35.560271485469656 ,  7.562667683843306  , 0.9211337203517798
0.5744173400455748 , 0.13778300781520408 , 0.28779965213922115, 247.8902261930113  , 0.14821348468712991 , 84.60077450524912    , 76.74089070517402  , 11.362101368494127  , 0.7601895557203768
0.6224727417493491 , 0.13795818549515293 , 0.239569072755498  , 227.90386220875263 , 1.1683305985320875  ,  7.476382952763913   , 35.80373246693501  ,  7.508416551491604  , 1.037372083639312
0.6399041247315285 , 0.13705784250460068 , 0.22303803276387085, 124.29345252487536 , 0.6457119960825126  , 67.85314523620849    , 67.4510915657998   , 11.901904452258329  , 1.486836955477748
0.4794146961858076 , 0.07387962113815393 , 0.4467056826760384 ,  89.03330344373009 , 0.7563141809668631  , 88.32366375446905    , 43.85838332954836  ,  6.7869136551184    , 1.4562723709162841
0.6353175250322989 , 0.0951239344180988  , 0.2695585405496023 , 147.87850748131774 , 0.3221012501136334  , 25.985626012966186   , 54.87692552025702  ,  7.717128275337475  , 1.4076545108114253
0.5484232586159077 , 0.14849896561408749 , 0.30307777577000483, 198.32829036720844 , 0.6060227978728244  , 35.56717795771337    , 51.994973331855476 , 10.180282377565542  , 1.3216439701950846
0.5016488776597917 , 0.12720124763099905 , 0.37114987470920924, 148.51381415065953 , 0.5435219157520701  , 54.616454961092764   , 63.979721057928025 , 11.593835561271257  , 1.5884602573605795
0.5418271512476522 , 0.05271674212255598 , 0.40545610662979176, 146.6361726627337  , 0.13613021830228128 , 84.64406108530413    , 61.90666292219211  ,  7.897093219193355  , 0.79512883010387
0.6460065150570955 , 0.05652045912604921 , 0.2974730258168553 , 217.64608421636012 , 0.1720844065795873  , 90.42293637700034    , 74.52615185402117  , 11.095194000131054  , 0.7894224760704397
0.5485236187985739 , 0.09639313768123328 , 0.3550832435201928 , 122.28075581343727 , 1.0130933975615906  , 70.99807181868174    , 67.58558028553705  , 11.62210877754407   , 1.8085573971303448
0.5157503220575017 , 0.140922020586156   , 0.3433276573563423 , 221.95893496232912 , 0.3257929450375788  ,  8.315497042050627   , 26.123475207499936 ,  5.527165527062357  , 0.6257706489213282
0.5766801708633451 , 0.10387017979527141 , 0.3194496493413835 , 131.3609601903447  , 0.2742020122234251  , 64.23879893134568    , 64.73491177772068  ,  9.910375668713844  , 0.6395411350892191
0.4980291237556386 , 0.09978125080342902 , 0.4021896254409323 , 115.64662113566789 , 0.6306481689376602  , 39.38915729977556    , 57.284613542870694 , 11.239039663607363  , 1.561386317363846
0.4651726656217328 , 0.06054736999566306 , 0.47427996438260417, 140.7979822399398  , 0.9340592010668899  , 45.18729595114191    , 66.98830089273375  ,  8.735139327611952  , 1.7356035935110443
0.47577594438212983, 0.1156780104724294  , 0.4085460451454407 , 202.48939173497368 , 0.1212384963658361  ,  4.718245473136996   , 12.021644655368007 ,  3.468781599118687  , 0.06722461359100396
0.4756091677915545 , 0.13221031606002254 , 0.392180516148423  ,  75.20040557279886 , 0.7133291075839943  , 18.341965377250386   , 34.316567508150776 , 10.105827706018205  , 1.3879425509866143
0.4803805387024589 , 0.08804200075075623 , 0.43157746054678486,  89.28384317440347 , 0.18709200926665936 , 75.88930632323019    , 44.56985548856253  ,  8.231726148415362  , 0.9499525877816805
0.477765434529882  , 0.12756118509253273 , 0.3946733803775852 , 240.2889651326184  , 0.09193020844946123 , 43.58004797259454    , 46.3387736522885   ,  8.215062150004643  , 0.9689539412066042
0.5781749489606429 , 0.14644766539008114 , 0.27537738564927594,  85.09832547627147 , 0.11065554498655    , 28.95957519659029    , 32.85776454488925  ,  5.393190900606821  , 0.6287928504766047
0.48637601687982895, 0.0703766459127689  , 0.44324733720740206, 163.54546358621093 , 1.0092887244397075  , 36.86583110063599    , 65.23000240628329  , 11.426968535313787  , 1.7631531343454014
0.5191334566647726 , 0.10233296311947412 , 0.37853358021575323, 165.86289333238756 , 0.1856683561722708  , 82.0223532792653     , 57.46123186431422  ,  8.250566600770904  , 0.9160512676675698
0.6293576819812023 , 0.07871379580845755 , 0.2919285222103401 , 147.92489241004895 , 0.10192406907413573 , 71.90390567087586    , 46.62806305143658  ,  7.590493564544562  , 0.8469086614287561
0.5447923280525745 , 0.12928544190338392 , 0.3259222300440416 , 178.9490497153637  , 0.5535848702143491  , 26.142278129383946   , 50.14305746674559  ,  9.937150475046094  , 1.2463074023883502
0.5835115477042054 , 0.10775933658811575 , 0.3087291157076788 ,  95.96534515952368 , 1.0205924927333285  , 11.280176660387838   , 51.710830101096924 ,  9.427987777436986  , 1.409175692420999
0.484463974240326  , 0.11345824175503037 , 0.40207778400464356, 160.53245355534966 , 0.3517696329626972  , 24.191829277830884   , 54.54390862600878  ,  7.852519712546074  , 1.4367022686876962
0.4884578037617342 , 0.12979141596158938 , 0.3817507802766764 , 124.43465104937943 , 0.5349695101548038  , 88.39261930125443    , 57.5796145830459   , 11.713383145916422  , 1.3933568214786083
0.4581737232532958 , 0.08959704726624548 , 0.4522292294804586 , 182.3334519258378  , 0.0959109124483139  , 55.83252843357651    , 47.10657853645186  ,  8.760023279905782  , 1.1371958086470182
0.4837870126144329 , 0.14150900684070433 , 0.37470398054486276,  78.24470867462989 , 0.5664402912551073  , 51.21410003949916    , 37.43846305748798  , 10.750029217364775  , 1.5684885419707015
0.5057180678063917 , 0.10330288672461399 , 0.3909790454689943 , 164.17548336789525 , 0.7142550427327037  , 57.25378557047631    , 64.47723719336739  , 11.107592248323604  , 1.598712258470159
0.48540209685534935, 0.0657954822835348  , 0.44880242086111577,  87.05407107666474 , 0.7065431118149665  , 35.138713511665465   , 41.81629134358681  ,  5.513470653454358  , 1.4426107044941143
0.46774050675141116, 0.11958991181688024 , 0.4126695814317087 , 105.72861262300728 , 0.4322906960005199  , 77.48227395067323    , 50.40254620119752  , 10.239607981976043  , 1.6950153367926575
0.4741271742201202 , 0.12932613504382545 , 0.39654669073605436,  93.74196006471664 , 0.4128631577626058  , 50.23547993282398    , 45.764647909768506 ,  9.257417432203072  , 1.6769618732770901
0.5421557536065451 , 0.08167616770675266 , 0.3761680786867022 ,  86.56755597376342 , 0.17261716177708758 , 11.207798665804372   , 36.205324922874276 ,  4.160775817339582  , 0.9437275218019865
0.4912667436811585 , 0.13571792569987529 , 0.3730153306189662 , 215.1421903121334  , 0.4718180687432086  , 12.390251983590044   , 39.9889108781292   ,  6.822821144039654  , 0.9266943172306952
0.522853972209615  , 0.14061432547657665 , 0.3365317023138083 , 107.14151353217807 , 0.16441886920390936 , 51.538478064251365   , 53.98507568871533  ,  7.770489720758583  , 1.127562281896592
0.5506834541709714 , 0.07769044873778089 , 0.3716260970912477 , 235.42475637288987 , 0.9315853364188593  , 89.91074093480056    , 74.73501360400245  , 11.28907892991579   , 1.4568916563943854
0.588078965725873  , 0.14835214727152218 , 0.2635688870026048 , 243.98530506903816 , 1.1612154424104137  , 29.60180368091508    , 50.71752989191476  , 10.035519616541078  , 1.3588149519457742
0.4578624279682198 , 0.06407115280487584 , 0.4780664192269044 , 164.25209398741947 , 1.165585625166713   , 83.47595221048496    , 69.89279929076808  , 10.681105686120521  , 1.8284708671715553
0.6098820797818085 , 0.070201566840249   , 0.31991635337794244,  78.60022453314528 , 1.0448317642817029  , 73.35317631157241    , 48.475849221936414 ,  5.925435723394435  , 1.8417657966511893
0.5755800778981816 , 0.06842248392380261 , 0.3559974381780158 , 124.90964867591626 , 0.740910971740562   , 23.789994519063058   , 58.83841652108703  ,  9.004920515401146  , 1.352685108333605
0.4663518063897744 , 0.13939897100078702 , 0.3942492226094385 , 209.5464526696428  , 0.8559955518304619  ,  3.4887118383592757  , 34.275512311071786 ,  2.9591232776605376 , 0.8359468835527126
0.6247157248213555 , 0.11542925523249618 , 0.2598550199461483 , 123.47814573941409 , 0.37798667308247613 ,  9.777337453668743   , 38.404835581498915 ,  6.194383251089645  , 0.9919295927485502
0.6341744801063627 , 0.06521042832222729 , 0.30061509157141003,  67.40344366055774 , 0.7753859831985137  , 69.93541764935426    , 43.71086993977345  ,  4.8692437608214405 , 1.5338446944472812
0.4622155919709728 , 0.0940323418368349  , 0.4437520661921924 , 161.3569821856376  , 0.5739969818558591  , 19.168294851902083   , 55.640357189654736 ,  9.910838347313867  , 1.3699886803260182
0.5053755296294408 , 0.11152980250698019 , 0.38309466786357904, 219.02417029920696 , 0.6043199407434724  , 35.64200836851781    , 52.89611517560534  ,  9.6023901480296    , 1.3515807647423805
0.6112402559586123 , 0.05834640849893833 , 0.33041333554244934, 209.1852774287005  , 0.9214430444314317  , 48.16311993661678    , 62.82780032804293  , 11.159592322046839  , 1.6512742627635837
0.5996519380767317 , 0.13824163684073387 , 0.26210642508253446,  85.02462802607064 , 0.37420610893683937 , 69.64494417121563    , 49.770589204021945 , 10.611927267595076  , 1.6124795529640368
0.4869042038712755 , 0.1303603535441535  , 0.38273544258457104, 184.55292288249333 , 0.41574555344869785 , 10.870197432876036   , 40.58566298424516  ,  6.89271677668085   , 0.9626176039037739
0.49186986466734206, 0.10052067735766382 , 0.40760945797499415,  94.10085268712942 , 1.113338059797932   , 39.0111749066363     , 43.11938079217829  ,  9.636318390945359  , 1.7164444362968942
0.5240944205582764 , 0.14671266152591705 , 0.32919291791580657,  93.64150691043444 , 0.11465793907861808 , 46.566999277698756   , 40.058293181968715 ,  6.716842256069171  , 0.8681205840217141
0.5469045970382043 , 0.09177609792750996 , 0.3613193050342858 , 224.81435466103704 , 0.6084794431753414  , 51.919398141267806   , 61.65943953452682  , 11.108808493984391  , 1.4992931009587709
0.5736509543060592 , 0.1484110319036498  , 0.27793801379029104,  99.93379054804603 , 1.099720920469041   , 78.5626215739408     , 57.41882857351146  , 11.83491863386349   , 1.8473057192499287
0.5237827279139545 , 0.1167919998803627  , 0.35942527220568277, 102.64946930360225 , 0.7519174589908806  , 16.481106724148823   , 48.31875495660885  ,  9.872991772419764  , 1.233978435842634
0.5425069432266296 , 0.11346712732539414 , 0.3440259294479762 ,  50.13067815225991 , 0.6783681353439519  , 77.55181937535573    , 25.326612282311334 ,  5.696631554859188  , 1.545937926692661
0.5994941876267513 , 0.0665954895295785  , 0.33391032284367017, 224.13380682510353 , 0.33720580611375844 , 66.51632905887861    , 67.18749055797912  , 10.468981765429247  , 1.7270370574973934
0.45733664057811957, 0.1381927758304644  , 0.40447058359141597, 208.51896264182693 , 0.4447668124241155  , 53.36359816310009    , 62.73884989467173  ,  9.763690539552591  , 1.6102762881621648
0.5004873888688042 , 0.09274896879206151 , 0.4067636423391343 , 175.4657870181356  , 1.0298556781753967  , 67.1546755586469     , 69.66670837544332  , 11.45270791464845   , 1.7447794014464146
0.5926699171769105 , 0.06622334057824794 , 0.3411067422448415 , 200.05315278776845 , 0.6931008515337268  , 39.55370293935901    , 60.08053745061901  , 10.505402239965138  , 1.4813333782683769
0.6290413675374399 , 0.051260751997575904, 0.3196978804649842 ,  80.40971348489836 , 0.6419535228202968  , 13.286168252939959   , 49.051622108882555 ,  3.9915759840966136 , 1.1985416536962312
0.5523354884231333 , 0.10597556836383826 , 0.34168894321302845, 141.66471891751507 , 0.16451667057103325 , 63.91346306547526    , 57.75927047842728  ,  8.056688751855031  , 0.9776867743864995
0.5564226970530631 , 0.10273996221226764 , 0.3408373407346692 , 120.24387746975617 , 0.06843237992339159 , 50.36854144181974    , 42.383726817166185 ,  7.002507754472989  , 0.8583480647010179
0.47143440226795524, 0.12193536223691585 , 0.40663023549512883,  68.7553052514033  , 1.1582379669901064  , 61.37998085210645    , 32.07881871824004  ,  8.469781496706116  , 1.789513854890436
0.5394824733646909 , 0.13902580530178021 , 0.3214917213335289 , 147.2260970429848  , 0.48353409237986783 , 32.44788297873504    , 55.54184523063637  , 10.381018129298813  , 1.4701982750944471
0.5565234532910046 , 0.057940658464302956, 0.3855358882446924 , 234.14793006852707 , 0.74369502141443    , 87.05919142462425    , 73.97850199539837  , 11.53668903393039   , 1.1885814286600587
0.49849410072694594, 0.12314964903403623 , 0.37835625023901787,  58.01182381013889 , 0.14167233416537772 , 56.38750738325538    , 30.23017382997284  ,  7.249682238441792  , 1.1359376498288734
0.5038486461898762 , 0.06874119440975822 , 0.42741015940036553, 108.29218269875878 , 0.8355814285815035  ,  8.198638491923887   , 43.40523287563004  ,  7.645485146649825  , 1.2258831971137834
0.5254568326209246 , 0.1358177053157164  , 0.338725462063359  ,  91.50818724114069 , 1.122451715011855   , 43.18118310762515    , 49.73598251950679  , 11.297753651860525  , 1.728854858962607
0.45401423955554526, 0.1319063513861656  , 0.4140794090582891 ,  97.62933073313926 , 0.7120150409470326  , 72.6101812553889     , 43.96266053776524  , 11.523481872749837  , 1.5179017435448536
0.5144158331166356 , 0.10407937549855444 , 0.3815047913848099 , 231.68691037587504 , 0.19503262073172212 , 76.23691792629815    , 69.63134304346212  , 10.83411799937084   , 1.5745488292047334
0.49228960139930894, 0.12102427986233115 , 0.38668611873835984, 143.61381084685803 , 0.7189797565944982  , 47.48131706532084    , 64.11425696954183  , 10.872033074811709  , 1.5494773273218174
0.515499470435583  , 0.08143501131837484 , 0.4030655182460422 , 143.25988258796377 , 0.9312992950703503  , 85.8957667998049     , 70.27068120720466  , 11.692897488941842  , 1.692184161897365
0.47395242636385027, 0.09711678989328146 , 0.4289307837428683 , 202.11512849105645 , 0.5173790170601215  , 25.696169970652566   , 50.949015112039206 ,  9.516222516948046  , 1.30340012981091
0.6281054561479791 , 0.13216368977104714 , 0.23973085408097378,  80.89844080098516 , 1.061813410132688   , 39.417474934873596   , 51.64362514506807  , 10.948408594360064  , 1.7377254350112132
0.5687184907108097 , 0.09592651971732138 , 0.33535498957186893, 147.45307082001017 , 0.7959853963609691  , 86.26530341462113    , 70.27485048851239  , 11.72479728169972   , 1.617484544524105
0.585820463828898  , 0.08577982653254418 , 0.32839970963855786, 135.99704282421195 , 1.084136256032583   , 86.04064478127157    , 68.30261999590952  , 11.679659257893446  , 1.6647245128887063
0.6078342477214677 , 0.09942124472502999 , 0.29274450755350234, 169.3821381093312  , 0.7670311079344377  , 65.82842580716937    , 67.74569735082873  , 11.586084804722452  , 1.6163063934407278
0.5496884397858115 , 0.13282492524372183 , 0.3174866349704667 , 249.91154065008772 , 0.20098116780554787 , 82.46213252373313    , 69.56368909850667  , 10.737105038574589  , 1.5878333782021266
0.46738405761748475, 0.08352080473708727 , 0.4490951376454279 , 203.8897788164094  , 0.40614546777096744 ,  8.522233627798336   , 31.570722300554298 ,  6.064440999840203  , 0.7408080889443326
0.5574213083637096 , 0.06737615931357438 , 0.375202532322716  , 129.57314060348546 , 0.28206419049032544 , 83.03951771594653    , 61.898852480790545 ,  9.053261424307598  , 0.5638344998098564
0.5673682236041758 , 0.12120140203307807 , 0.3114303743627461 , 215.51061045480938 , 1.0951504723743917  , 30.77951102882177    , 55.21599850547354  , 10.053811354692483  , 1.378650209217712
0.599087894836866  , 0.13259782127080816 , 0.26831428389232587,  84.14167266249603 , 0.924460077380605   , 17.119825193108767   , 49.84795055392855  ,  9.562818124306773  , 1.2807059172803015
0.5363319092459359 , 0.060063747852353334, 0.40360434290171077,  56.092737261792024, 0.827858124246507   , 22.97950428883645    , 30.268967633543628 ,  3.0527850921753568 , 1.4879915276824796
0.4755160605591128 , 0.07398741127559447 , 0.45049652816529273,  90.88967449285461 , 0.3961112675763649  , 40.12497676933316    , 44.58158913196008  ,  6.904447880878692  , 1.6674152785637493
0.5067551811597449 , 0.06419719897609939 , 0.4290476198641557 , 118.08231122285193 , 0.26165148785774556 , 24.114432442028853   , 47.871550956875645 ,  7.12153086524682   , 1.156022651057216
0.522616459279727  , 0.08479414115821667 , 0.39258939956205635, 152.11615149191198 , 0.9199187511872485  , 30.774488257583908   , 56.676690328405954 , 10.87820827643245   , 1.5198622481906512
0.5791834482663203 , 0.09503509789054126 , 0.32578145384313845, 173.02582810823998 , 0.5952816377609417  , 12.95793466287764    , 47.91400328487305  ,  9.48223048236253   , 1.1599043717112483
0.5641556609337823 , 0.12488263369633064 , 0.31096170536988704, 232.12114344288435 , 0.30965798497322344 , 28.432969493663858   , 46.22752293262602  ,  8.258958285950875  , 1.250457360644509
0.5212193451795692 , 0.1151147584881674  , 0.3636658963322633 , 151.97080191009155 , 0.7591152748900664  , 54.939246196032116   , 64.47482332932356  , 11.152281508563826  , 1.587269464389245
0.647303049758596  , 0.11209285674784311 , 0.2406040934935609 , 150.25512892514587 , 0.09638392995921977 , 42.417955976742135   , 42.41760141674072  ,  7.204658659592004  , 0.7992255419414789
0.5711549638713774 , 0.08523749466096545 , 0.34360754146765715,  60.04860196459643 , 0.4250957922474915  , 33.28500107864747    , 33.97454161347495  ,  5.1330412715429405 , 1.391590484086903
0.49744535834719894, 0.13414475530847597 , 0.3684098863443251 ,  56.982310531244764, 0.5888405437798049  , 71.65940437028294    , 26.518377303302323 ,  7.962122364867259  , 1.5333062519816294
0.47035649452408074, 0.09712871673981646 , 0.4325147887361027 , 160.23199238327442 , 0.22015208422581672 , 85.77695725375852    , 65.43141050898173  ,  9.197845936218627  , 0.6125491860364298
0.4805718278368664 , 0.14791049380151544 , 0.3715176783616181 , 137.6357226496689  , 1.1823526492294654  , 72.65176539863012    , 66.25961952885078  , 11.69915742561504   , 1.7535664773028947
0.49919154567690166, 0.11341421382957369 , 0.3873942404935247 , 217.8360789960597  , 0.2904619692780564  , 31.8720674032972     , 47.63020904972527  ,  7.566721720546838  , 1.1132882737158956
0.48213627465191117, 0.06262647415645027 , 0.4552372511916386 ,  82.13591694236904 , 0.19990609954975536 , 71.46644811240515    , 39.28937956351011  ,  5.208597723481608  , 0.9482745160290724
0.48731340481026114, 0.1176177562075434  , 0.3950688389821954 ,  54.99433242340992 , 0.2840651049699308  , 14.590097517508916   , 25.756612713431313 ,  6.537945135215948  , 0.8635177653020429
0.5070190337387694 , 0.0825104015431699  , 0.41047056471806065, 139.80775358602517 , 0.9344203031336829  , 12.510526856763928   , 50.2218144646313   ,  9.468062935151718  , 1.3811561537926256
0.484674719058951  , 0.11863271966860973 , 0.3966925612724393 ,  97.4957113504515  , 0.5393315081626192  , 33.18019555547126    , 46.9939186564493   , 10.094218661532928  , 1.4346294696871897
0.6293530849252851 , 0.05696411481624058 , 0.31368280025847434,  59.92287466776749 , 0.7002283307154187  , 77.53942742822947    , 36.31674927198633  ,  3.6498919101793788 , 1.5180688378589975
0.46604674913232846, 0.06748814371759594 , 0.4664651071500756 , 194.9196573695258  , 0.07416053053431486 , 23.64943173526098    , 34.32894594932021  ,  6.798468116710077  , 0.8052081858929432
0.5549022779140509 , 0.13557372589057864 , 0.30952399619537047,  72.3185999914495  , 0.08959600485931174 ,  6.07232725427324    , 14.590247213696253 ,  2.9113793895854907 , 0.23175966341784665
0.5320793653979323 , 0.07271795570235148 , 0.39520267889971616, 171.66390000155434 , 0.5626993823010686  , 12.644115379810088   , 45.43887057603097  ,  9.42226466544854   , 1.1971471366237205
0.6464757233817213 , 0.13370411252429398 , 0.2198201640939847 , 106.20995003337782 , 0.989153529681867   , 82.43951697883969    , 70.22519325051455  , 12.153219459075025  , 1.7888533761475094
0.4724077804336105 , 0.07792760884544105 , 0.44966461072094854,  84.6992100710044  , 1.0680247105137     , 60.84319533573961    , 39.412479420227314 ,  6.966350746177789  , 1.7724689859170994
0.5295711198091484 , 0.11428819100587076 , 0.3561406891849809 , 125.9503045838635  , 0.14971255273498624 , 24.30731168351776    , 43.26960958319459  ,  5.368253087609968  , 1.2668612373403765
0.6438940866550737 , 0.1194150573509831  , 0.23669085599394316, 210.28915524459075 , 0.6691175674161762  , 53.308399231505405   , 59.837998042937315 , 11.012309473391271  , 1.5350746140544802
0.6231014251787961 , 0.10126547531450529 , 0.2756330995066986 , 128.41871538091453 , 1.100214139221161   , 50.64764375283364    , 68.95646976202724  , 11.564567649853283  , 1.7484194429451998
0.613414414189856  , 0.08053106766967313 , 0.3060545181404709 , 200.15392984221114 , 0.4961686675575693  , 62.921853930303485   , 66.1455314100053   , 10.877745367716397  , 1.5440704289793645
0.501580565408988  , 0.07126443763710961 , 0.4271549969539024 ,  75.09725935983013 , 1.0040007061426237  , 22.386005224475166   , 37.732646932208986 ,  5.343267515534555  , 1.515132533871249
0.4841775174780132 , 0.053318935456242625, 0.4625035470657442 , 204.55428393301582 , 0.2037500025593516  , 82.98268677066218    , 69.11896609344198  , 10.714780322611343  , 1.6057744113821033
0.5837286439848862 , 0.08039464012407238 , 0.3358767158910414 ,  97.38666498132973 , 1.1257036631179684  , 29.699381959681233   , 57.34017466777799  ,  7.6502546911877225 , 1.4653903401674602
0.6358751978255172 , 0.1153162790531283  , 0.24880852312135454, 185.47862597777456 , 0.914136815160998   , 66.63663878171874    , 68.90852468995189  , 11.218015454366693  , 1.8362461120950044
0.561352578602786  , 0.14383048184484826 , 0.29481693955236576, 163.15631096819925 , 1.1325345517049368  ,  1.5479660517326295  , 36.833764412459715 ,  1.9941065912082265 , 1.1029249406790578
0.56432253789398   , 0.1371204482263052  , 0.2985570138797148 , 235.82894344233748 , 0.8281098185853825  , 35.775084469838134   , 51.725840705573766 , 10.16348071474287   , 1.3059802239780354
0.5059958187320568 , 0.12660647765353025 , 0.36739770361441293, 127.46450359506281 , 0.467914521799341   , 33.764142524045596   , 56.33376182530026  ,  8.660858789354789  , 1.4536755783585005
0.6038985866383875 , 0.12884473432532986 , 0.2672566790362827 ,  63.23303776688809 , 1.1289083484034308  , 52.17450514396939    , 37.25207609868577  ,  8.53900193161146   , 1.7137743654471356
0.48740874971150466, 0.11649849034759953 , 0.39609275994089577,  53.83109711025058 , 0.36690179275555523 ,  6.982681130610864   , 26.475496822045393 ,  5.605533994265689  , 0.7734400506739679
0.5147358472808488 , 0.0760286857566003  , 0.409235466962551  , 215.3717121945506  , 0.43199840037099235 , 75.8526118777064     , 70.31878733690817  , 10.671525703829225  , 1.6695667655301945
0.5350872877232834 , 0.14071950307058298 , 0.3241932092061336 , 154.94712753228643 , 0.8559296807020014  , 20.90695696968658    , 58.491717768157216 , 10.20680786508389   , 1.49524097248293
0.551522075736891  , 0.1170732311905834  , 0.33140469307252557, 205.04881036698984 , 0.9301137444541941  , 64.99563022867298    , 67.52968074521324  , 11.1046758869275    , 1.7936211962866868
0.4984819464830161 , 0.10604406309804398 , 0.3954739904189399 ,  96.88512000230294 , 1.1188140064265268  , 77.10836383143294    , 50.88711064773507  , 10.26430276935947   , 1.744173626743549
0.4729673649478407 , 0.06109894692134811 , 0.46593368813081115, 119.01674910264674 , 0.2855227704146409  , 53.94018779918526    , 57.19257715036503  ,  7.266628117544336  , 1.3204505603481331
0.5721240084883266 , 0.09470555438064254 , 0.3331704371310309 ,  56.020774442263786, 0.9676977405021076  , 71.1247878453106     , 32.04559880322382  ,  5.394117302218317  , 1.8158251440920612
0.5077261106480512 , 0.09603582712019262 , 0.39623806223175617, 242.29846491482243 , 0.899327961406508   , 63.53858997264053    , 70.26687949998508  , 11.245100269481755  , 1.8412185970049413
0.5662476442845225 , 0.136456360952267   , 0.29729599476321056, 183.5735813401627  , 0.12336373969163754 , 34.13086052659273    , 36.980821648899195 ,  7.124920741027245  , 0.7899919914464595
0.48087254305484045, 0.10466482201877884 , 0.41446263492638075, 236.64101755186124 , 0.49530661239173795 , 77.65041974722227    , 67.41815218711301  , 11.394980325730685  , 1.6023919324287927
0.5462280203709635 , 0.08804005489704096 , 0.3657319247319955 , 103.09928148581446 , 0.3751802756191133  , 28.291331509010686   , 54.400274033311455 ,  8.023030562081551  , 1.3824140148539696
0.5565178865103172 , 0.14768003285106593 , 0.2958020806386169 , 172.29272224513215 , 0.40016398800713493 , 54.83644010414565    , 62.59768343346508  , 10.066410752033725  , 1.7173366160287769
0.46036470736448537, 0.06107205933263157 , 0.478563233302883  , 185.69999365852757 , 1.1803889114879058  , 71.55818295758779    , 69.20675265115237  , 11.213701605551645  , 1.7932866362244684
0.5173208556387842 , 0.09225484283119445 , 0.3904243015300214 , 113.50994005151769 , 0.7891940255019171  , 36.37976734200073    , 59.14708675122717  , 10.785576110062017  , 1.738104692792769
0.47688293538779486, 0.05420246751714053 , 0.46891459709506467, 219.62184700312602 , 0.8753275814625245  , 29.065690331272805   , 51.61971999882531  , 10.01720139157789   , 1.3916171607491392
0.46267499409455354, 0.12399041207669304 , 0.41333459382875337, 239.43229258004956 , 1.1731102829122606  , 44.097216976590985   , 61.08219495591658  , 10.97067385592407   , 1.5974612118292495
0.6479920464779891 , 0.14180765521991506 , 0.2102002983020958 , 226.97102353920087 , 0.4837820498262844  , 78.52449545751875    , 66.69618725048207  , 11.606273564738592  , 1.5487506954574084
0.5144707689949446 , 0.07800373295504895 , 0.4075254980500065 , 197.8133951878745  , 0.9721161937207268  , 89.27248926198382    , 75.15336711183281  , 11.762540014546715  , 1.457185763163475
0.611974889170927  , 0.13583416767991208 , 0.2521909431491609 , 105.4929359449908  , 0.5497106078001697  , 52.32800763454945    , 66.1233121536952   , 11.022032063630125  , 1.6116028469876755
0.5009281309527528 , 0.07922182304618977 , 0.41985004600105746, 106.32320842112634 , 1.0499637225872267  , 63.50075571107058    , 52.55637048232067  ,  8.577354848213472  , 1.7759143541914666
0.5863005444447859 , 0.1410770161643915  , 0.27262243939082265, 242.6720640892076  , 0.25775617250799865 , 86.71426773493576    , 75.33817844755872  , 11.106129164707557  , 0.7560143258689327
0.6020455719779374 , 0.1253961903596784  , 0.2725582376623842 ,  52.056899187138406, 1.1398391036239215  ,  9.46049773564247    , 29.483929760500086 ,  6.622340301259228  , 1.3647887912465646
0.5691277481215689 , 0.13049067768414385 , 0.3003815741942873 , 193.2099946484289  , 0.3015874646725116  , 22.279543475151844   , 45.21561028616195  ,  7.852687631645092  , 1.0381186740030088
0.5443152377100317 , 0.051800655560045455, 0.4038841067299229 , 191.24923251105244 , 0.4251535830280712  , 68.05440060015192    , 67.59895496639713  , 10.181914183977925  , 1.6991872549271385
0.5323681828294538 , 0.14628103570740258 , 0.32135078146314366, 174.5379081899595  , 0.9196210692227975  , 79.07946834358077    , 68.30731457040686  , 12.001185428805083  , 1.7812919240083773
0.519773653308599  , 0.12266709920703232 , 0.3575592474843686 , 248.02176921737316 , 0.5028184128002177  , 82.27478671973549    , 68.21997611740665  , 11.149564222583606  , 1.5679734093328834
0.6359058288495651 , 0.08047510953861334 , 0.2836190616118215 , 112.37588715274504 , 0.7494430832814136  , 39.85028897807353    , 64.13385839458371  ,  9.222886195033121  , 1.4912539899633386
0.6161238815575458 , 0.13293946648588467 , 0.2509366519565695 , 117.99437275864963 , 0.5612595262298428  ,  8.576630620019216   , 40.1198565637081   ,  7.613031238988135  , 1.0916108635755506
0.6430053821333026 , 0.07815211984149299 , 0.2788424980252044 ,  65.78788058931111 , 0.903725427653249   , 42.02702182076351    , 40.74674144170134  ,  5.370850694389094  , 1.7864459716467112
0.47485944469710895, 0.1372753839566128  , 0.3878651713462783 , 138.5596273087475  , 0.3125809402239024  , 22.150520659877163   , 53.01052581746016  ,  7.56926526375438   , 1.365600049593982
0.5961734950407289 , 0.0612580390411937  , 0.3425684659180774 , 102.20970524696962 , 0.11722668532240856 , 27.95485967967592    , 31.765873288563146 ,  5.377174591911666  , 0.6532752640960923
0.6376680913642077 , 0.12036859774607957 , 0.2419633108897128 , 118.67734043552885 , 0.39491880709402616 , 74.13768545640056    , 66.3511616187666   , 10.300232352512056  , 1.5733085063977101
0.48624661323313206, 0.10406984766449104 , 0.409683539102377  , 216.91435805112553 , 0.5954549645986948  ,  7.2506002584851394  , 36.55158906831062  ,  7.113977450694243  , 0.9464848617297251
0.4632992534733555 , 0.05965344701954409 , 0.47704729950710034, 237.09690270549913 , 0.24322306002158034 , 79.4477968781474     , 67.08140671182728  , 10.500598157390607  , 1.3030113090989281
0.5982241298580118 , 0.0741893828258839  , 0.32758648731610435,  87.14661440103713 , 0.45801688310484695 , 41.056232239120234   , 51.33671330941138  ,  6.5222447674653    , 1.6776085066142645
0.5648946226359823 , 0.05124040362773148 , 0.3838649737362862 , 124.50178631069318 , 0.5099804710376038  , 57.22213738565713    , 63.24660493696107  ,  6.727471405956678  , 1.529319566112601
0.6183657553516544 , 0.09687679654645058 , 0.284757448101895  , 235.7261124230788  , 0.11600062024151457 ,  8.606614198625184   , 20.075227613905046 ,  4.47277420000441   , 0.3223767798974766
0.4779544753252579 , 0.08012652607600004 , 0.44191899859874206,  62.36169213784453 , 0.7208033354118352  , 32.38647152229885    , 30.456608596524347 ,  5.227431237927448  , 1.4284110508814212
0.6090534623719781 , 0.10983574842977588 , 0.281110789198246  ,  68.4721056222757  , 1.0669949421669807  ,  8.611288225425195   , 40.59194183122205  ,  8.003884933455689  , 1.2430344413295467
0.4903254640095489 , 0.07972378077086172 , 0.42995075521958936,  82.55819784124587 , 0.22450434989601026 , 92.30819739658652    , 41.78391508263215  ,  6.779153853852783  , 0.5863246245628659
0.4827311885731409 , 0.07999191115069847 , 0.4372769002761606 , 169.04256682537493 , 0.7374792154117411  , 77.49711833532004    , 67.36782391888836  , 11.397923493894918  , 1.5346224790668797
0.4828531595861986 , 0.12431931987316033 , 0.39282752054064096,  80.0944542011995  , 0.8144500856474732  , 44.12474441822018    , 38.974068935041885 , 10.268675485103175  , 1.7747102508635855
0.6129149440462764 , 0.05481428359783535 , 0.3322707723558882 , 243.6152762901467  , 0.5322348824821815  , 21.465844639072426   , 50.56767459035872  ,  9.551932347604948  , 1.309904468220621
0.58303944413924   , 0.14028949951919872 , 0.27667105634156125, 139.34290545170407 , 0.8562622254689104  , 89.61169010398581    , 67.64543635117056  , 11.409267956833116  , 1.65454399644543
0.5546130849538239 , 0.13522638743911813 , 0.310160527607058  , 150.3035920700333  , 0.5223412750146639  , 33.081273189789286   , 57.599289479401854 , 10.005457984618452  , 1.4547984746413427
0.5217660968247005 , 0.11678046832264065 , 0.3614534348526588 ,  99.3317231610813  , 0.6303328811740502  , 15.454505441987976   , 47.40935492831697  ,  9.678525724792944  , 1.2204035609368062
0.6254401081626217 , 0.10932215701073843 , 0.2652377348266398 , 144.1920504869467  , 0.05845600123759103 , 54.06378129157967    , 45.414649482734504 ,  7.022011178631764  , 0.9064749817456529
0.528489021484527  , 0.1392302498139652  , 0.33228072870150777, 182.3827265274023  , 0.8454781312548921  , 90.60231555310234    , 73.21153224063202  , 11.630772954235901  , 1.4704464408891134
0.6133198878943155 , 0.06853301795287145 , 0.31814709415281306, 200.23542739080855 , 0.810544080786433   ,  0.3677078880309672  ,  8.954622239533252 ,  0.2328389397841779 , 0.13365122023718662
0.5378269817140438 , 0.05789691621908286 , 0.40427610206687337, 200.7736165419826  , 0.09416100892529625 , 22.85998495238388    , 32.46006670518186  ,  6.900455349883081  , 0.8068576283678615
0.5253888858849816 , 0.07395101699095381 , 0.40066009712406464, 165.57822253881767 , 0.473487623504403   , 90.09097347939914    , 67.66440724522772  , 10.177361824879606  , 1.4459512324830872
0.5425359571339213 , 0.12945782787001903 , 0.32800621499605964, 230.87195499877146 , 1.1758866169104174  , 16.424252818287556   , 45.5596805798461   ,  9.031876894196492  , 1.214663993462095
0.5102755748328285 , 0.053467026672648334, 0.43625739849452316, 213.48156946122188 , 0.5338470469539093  , 10.871371357422706   , 40.88314587289184  ,  8.819832040743941  , 1.055738008859753
0.5995218760352502 , 0.10828068350834896 , 0.29219744045640084, 201.4096229397251  , 0.627237215901618   , 54.73797271678123    , 62.9462533259901   , 11.079470190080903  , 1.5063289404631972
0.5505440780184958 , 0.14954375161913097 , 0.2999121703623732 ,  61.121104336092124, 1.0964196818836762  , 82.73700703630367    , 30.446153889057364 ,  9.340856237845397  , 1.8101743580309404
0.49644253902936347, 0.13556960938375395 , 0.36798785158688263,  51.37559244392986 , 0.8748511572456198  , 45.80254249861691    , 24.651444426273144 ,  6.786680803741864  , 1.7208070236080517
0.6299149146549137 , 0.10214456890435894 , 0.26794051644072736,  92.4894554390946  , 0.7193806507928571  , 95.47816864171438    , 57.16241015893719  , 10.224770690939772  , 1.4427305382129307
0.5267782442746423 , 0.056364090928664234, 0.4168576647966935 , 182.70471878269046 , 0.9674753835422334  , 65.2004831556473     , 67.49738037386352  , 10.858752740244588  , 1.8057405054906064
0.5587105722227977 , 0.13313735143857097 , 0.3081520763386313 , 132.23949777650915 , 1.0440212064243692  ,  7.111191092202983   , 42.34113462500267  ,  8.353167341810972  , 1.231917343029605
0.6312944221929094 , 0.10989785081772105 , 0.2588077269893695 , 130.48125185986234 , 0.5754212824978568  , 95.31188464146963    , 67.20191187919377  , 11.169953830450105  , 1.3705976369716528
0.5748475991827984 , 0.06149329970595668 , 0.36365910111124494, 226.91737764592276 , 0.5963746196716107  , 39.157846730898285   , 60.87479761592584  , 10.68819960604275   , 1.4784429175378118
0.47337960814167285, 0.05938572848233562 , 0.46723466337599157, 229.11256962636776 , 0.4939585759996111  , 27.590643249166323   , 51.25956866873675  ,  9.60673458746689   , 1.2987864875851904
0.637966424722695  , 0.14096268194365924 , 0.2210708933336457 , 231.83505281071714 , 1.1617120610212297  , 53.556401623477015   , 62.65158718617285  , 11.414392696525244  , 1.7040028692492726
0.5755416106142835 , 0.11692002629380784 , 0.30753836309190863, 112.77561530300545 , 0.8517411924339029  , 29.213528814802974   , 57.90824101696774  , 10.631058528727502  , 1.4450387176076724
0.5169811229314172 , 0.13292867993167556 , 0.35009019713690726, 188.21116254785235 , 0.14570652613928314 ,  8.299920683534623   , 21.473396899579004 ,  4.771093490116855  , 0.41979638276957726
0.47785441453267746, 0.13789789002822672 , 0.38424769543909576, 104.32663625487393 , 1.0424035668099711  ,  0.13712093560096505 ,  8.976857490535286 ,  0.10237354346778262, 0.2459358074714075
0.6088050378540593 , 0.10717723520483222 , 0.2840177269411085 ,  88.12196661488996 , 0.6026439319617083  , 43.16000188034518    , 54.562079047022294 ,  9.868214245932533  , 1.5779013808391573
0.5740145511857027 , 0.10174463517550413 , 0.3242408136387932 ,  86.92649146947385 , 0.12906699238586058 , 80.33888853375285    , 46.56472341753599  ,  8.001076518242321  , 0.8089802788276627
0.5566922183952643 , 0.09304274103209902 , 0.3502650405726367 , 118.4215241727188  , 0.6821748434378077  , 54.94225782048735    , 63.43953266835858  , 11.489950879959759  , 1.5860813582966067
0.6287785166101916 , 0.08169465877911193 , 0.2895268246106965 , 135.99152395596434 , 0.5297389208220573  , 95.92390069857032    , 65.97415823470317  , 11.455496656194853  , 1.4085852084574886
0.6077194422449061 , 0.09345959608587118 , 0.2988209616692227 , 216.18983421101368 , 1.0594118155920185  , 27.537277982131197   , 50.91967696536708  ,  9.947772458810299  , 1.3606480489682335
0.4803349759465502 , 0.12738796557301563 , 0.3922770584804341 ,  73.97821869454242 , 0.28459379415079544 , 26.92368621696531    , 35.15812459301569  ,  6.753064875024063  , 1.1977220740740473
0.5123444135591096 , 0.11019234310151316 , 0.3774632433393772 , 196.98516947897883 , 1.0004343009160104  , 15.335948182458644   , 44.5551182113106   ,  9.06453454434457   , 1.162928333699891
0.4996978279628932 , 0.13925232899548462 , 0.3610498430416222 , 156.29098283786107 , 0.6913419948632706  , 15.750104473472177   , 48.898996415158585 ,  9.513670900163298  , 1.2382359312689968
0.5987892585145353 , 0.09433800143791876 , 0.3068727400475459 , 107.58906853519849 , 0.1128018486954894  , 27.37791321696459    , 31.75447054122978  ,  5.338163316512166  , 0.6364666517653612
0.4567064869471559 , 0.1107089578718754  , 0.4325845551809687 , 148.5639169065649  , 1.1676220965243074  , 76.1126443462586     , 67.86237922310703  , 11.664890461844898  , 1.778534657330786
0.5639779369742633 , 0.11313075530919887 , 0.3228913077165378 , 109.98841395540452 , 0.6395075307186799  , 86.95265190109899    , 62.19422513544846  , 11.061604720867185  , 1.430834513168892
0.6024917371481382 , 0.10916971623063254 , 0.28833854662122926, 169.2163910476612  , 0.38450838236631985 , 93.60836829193741    , 66.92145490441304  , 10.139389337858251  , 1.3857707768051446
0.6253531273523499 , 0.12026337730855163 , 0.25438349533909843, 136.76878457104885 , 0.5898178682876468  , 22.299806793259453   , 55.67057068843541  , 10.324007532704647  , 1.347193321461122
0.5184163497431815 , 0.07374334683748063 , 0.40784030341933786,  82.88110581577575 , 1.0365364510451123  , 84.6045643789528     , 40.8876789872387   ,  6.377848305921792  , 1.647913466640677
0.6142514609344025 , 0.10123637775457905 , 0.2845121613110184 ,  73.31661491113934 , 0.400638593042823   , 31.512488570624356   , 44.20866103688648  ,  7.7675391361918305 , 1.4489686545200193
0.4721263473910415 , 0.06042248028083477 , 0.4674511723281237 , 159.33913641442604 , 0.27157785595970535 , 10.832692273620903   , 40.68582585886277  ,  6.5688957247881925 , 0.9434594019351634
0.6192904583469037 , 0.08845113276448126 , 0.2922584088886151 , 230.48260665722069 , 0.19843193397051367 , 83.5223928499359     , 67.20939184675967  , 10.728118384452433  , 1.590312680791925
0.4754977324663965 , 0.09876670686212644 , 0.4257355606714771 , 118.79153731153711 , 0.3925383081487429  , 61.06614092578738    , 56.198367887049955 , 10.172359258298203  , 1.701473267048668
0.5294574581120735 , 0.11522242595454725 , 0.3553201159333793 , 196.60002144452463 , 0.94705530009605    , 15.814166023781926   , 44.78960631621537  ,  9.025579131561772  , 1.199275167005181
0.6094590731559107 , 0.14505310525862036 , 0.2454878215854689 , 181.7322709879534  , 0.5923703199745509  , 41.263800721248245   , 60.82146338007962  , 10.748966248898743  , 1.4627442361392695
0.4799834854697548 , 0.11006510665483558 , 0.4099514078754096 , 236.3109828618962  , 0.3116038442475709  , 27.576738708198494   , 46.97446167387089  ,  8.158968020586103  , 1.233334777857468
0.49585027904652834, 0.12435939161765598 , 0.3797903293358157 , 214.19620345982818 , 0.24111274955121154 , 70.73227859617892    , 67.70829385241636  , 10.660366197895495  , 1.3533337586614367
0.5944505136786132 , 0.10062660594952028 , 0.3049228803718665 , 163.3210517810926  , 0.43263889798693594 , 43.52795813992974    , 66.33075487646202  , 10.183701809962074  , 1.7179817586265809
0.5940073073092149 , 0.11341040313763313 , 0.29258228955315196, 181.40609964682147 , 1.1309130288185651  , 94.97087473021296    , 73.3763531513997   , 12.013524125879146  , 1.4891956469568817
0.5782295265770595 , 0.05709322161337735 , 0.3646772518095631 , 229.67729331680698 , 0.44448071947852796 ,  5.255518296921132   , 28.738723477675478 ,  5.6553361469057934 , 0.5012160654824676
0.58878968889342   , 0.0754391580841847  , 0.33577115302239535, 129.90375691738694 , 1.1863426873478307  , 34.08146554907968    , 59.27588076687687  ,  9.293943344459237  , 1.4884629557295077
0.5585448886695192 , 0.08618530932051387 , 0.3552698020099669 , 115.35894117155547 , 0.6080150241301596  , 46.26241604255783    , 64.0063354879916   , 10.3988023285907    , 1.5452842805971916
0.5003598117813906 , 0.09724933550065135 , 0.4023908527179581 ,  52.162216727039265, 0.2560385060336735  , 48.3008212558387     , 23.47346784209647  ,  5.084200450260844  , 1.3253282212058186
0.5191391987007838 , 0.054564874550238375, 0.42629592674897776, 215.31021483829284 , 1.0748111055625358  , 30.32983894902113    , 51.02850618748892  , 10.019188756652804  , 1.394235790881915
0.48631954336028516, 0.06400240975533177 , 0.44967804688438306, 210.196140080673   , 0.5794086791050509  , 70.00706391336652    , 67.37495267875532  , 11.255441949921684  , 1.6301722827904404
0.6316901122667257 , 0.07768143077913058 , 0.29062845695414374,  70.89090362003027 , 0.8661220450302031  , 83.97571905494158    , 43.4018770387794   ,  5.545813984910582  , 1.7776183948509843
0.566678358953224  , 0.14715326909010507 , 0.2861683719566709 , 165.37147622654004 , 1.1812683206905246  , 90.11705298987485    , 68.04258241726897  , 11.620402880403157  , 1.6974403474920987
0.530170283352728  , 0.08313470071030507 , 0.386695015936967  , 142.79633963337747 , 0.1077016528679701  , 77.28896417275452    , 46.56699263951946  ,  7.403698193795441  , 0.8724265669429221
0.5424011607288266 , 0.09820410581120825 , 0.35939473345996514,  73.7418191018223  , 0.1611987437557022  , 81.65569894143354    , 41.722047667790974 ,  7.200198122622436  , 0.9118357859161673
0.6394566679223631 , 0.0696097712738393  , 0.2909335608037976 , 246.1136454121447  , 0.8785252526821696  , 52.852348859519566   , 63.095123980653185 , 11.240314897005458  , 1.6580116665909796
0.48067028062321604, 0.11107800710757681 , 0.40825171226920715,  92.93917749267109 , 0.37409875378979274 , 79.2852697369742     , 45.93638805023961  , 10.299403573148394  , 1.589057260913372
0.5672459664033594 , 0.07806832155159743 , 0.3546857120450431 ,  63.44683601811223 , 0.2619466064926139  , 29.136375278203413   , 37.67517121761951  ,  5.185436762130546  , 1.227930134943272
0.5511777357768932 , 0.07069925784384268 , 0.3781230063792641 , 168.96947590038192 , 0.09526616179268892 , 38.253961162484586   , 43.32684130640175  ,  6.804500396739022  , 0.7868175652257894
0.5722908470869296 , 0.1016572628445979  , 0.3260518900684725 , 197.77333542660654 , 0.07512371878413207 , 30.423649326580254   , 34.52146936434038  ,  6.875867672135073  , 0.8164142618219741
0.4536220367641681 , 0.05055057991604209 , 0.4958273833197898 ,  56.488689209437396, 0.9406584435877595  , 44.86918420300084    , 23.3013249426906   ,  2.823709706422334  , 1.7536957044424053
0.6244247817888303 , 0.05076640326492254 , 0.32480881494624714, 181.74352774540444 , 0.20459844147498246 , 27.41564315890909    , 40.43693947089754  ,  7.522933143787907  , 0.9863007424743385
0.6364236564967225 , 0.07190688091018578 , 0.29166946259309173, 156.4583751902909  , 0.5878787083668235  , 92.3146984564269     , 67.9851705262666   , 11.593225032215823  , 1.4077988462530193
0.5630266367178418 , 0.05367213625008212 , 0.3833012270320761 ,  70.65300177500968 , 0.7467813374564055  , 30.033084288544142   , 39.67972190447425  ,  3.4899281382184095 , 1.3818261509167857
0.5893301647753785 , 0.06080257541306914 , 0.34986725981155237,  84.50477538927241 , 0.5426045706541732  ,  9.412275658650223   , 45.90513176137519  ,  5.211468040618829  , 1.1721465693774977
0.6344998762354592 , 0.08388606493387515 , 0.2816140588306656 , 163.5948594632161  , 0.08117265018666807 , 50.57444794083969    , 44.28355829534472  ,  6.8430215842155855 , 0.8461965475185507
0.5914477268626798 , 0.1302585679579813  , 0.27829370517933893, 109.27152270265768 , 0.9510267279760951  ,  5.481511530736931   , 43.19569132303105  ,  7.630434371148276  , 1.2028055275820786
0.4805078085828523 , 0.10720486433693008 , 0.41228732708021765, 237.6631457302632  , 0.06209020822290151 , 10.61214396562373    , 23.64457256208686  ,  5.574314115516664  , 0.4755906945156245
0.5652576720333626 , 0.10126677259564164 , 0.3334755553709957 , 213.74804589681017 , 0.9261733785341065  , 21.061381362839644   , 51.84554973843751  , 10.071226415529779  , 1.3577758889238456
0.5713430092765712 , 0.07934888232081216 , 0.3493081084026166 , 246.7134413027326  , 1.077300167856341   , 44.5776239886856     , 58.90933375541812  , 11.118701815689304  , 1.636773569572399
0.5348261342604772 , 0.14317537194328162 , 0.3219984937962412 , 101.9341677900828  , 0.5477659092157481  , 41.59208950166668    , 53.92161810943275  , 11.305316567692719  , 1.5066649644958336
0.5972888471249446 , 0.08970150412371916 , 0.3130096487513363 , 243.9447265595954  , 0.665873844062468   , 76.77041875226796    , 70.5337975800202   , 11.348195409872854  , 1.560703357963132
0.636873402953803  , 0.05870927667957715 , 0.30441732036661984, 136.24677395831156 , 0.5985309015103019  , 70.98956677287488    , 66.04566196264011  ,  8.09632651772484   , 1.52491195244545
0.6351137025813554 , 0.11170665161178012 , 0.25317964580686453, 119.50375906275093 , 0.4975899114169546  , 40.926556223107326   , 63.915771104060354 , 11.544436422089845  , 1.48704142468141
0.5401678742808265 , 0.061383839347660146, 0.3984482863715134 ,  60.06990539387065 , 1.0705382156759142  , 32.03560392726047    , 31.209581640953168 ,  3.723297819204369  , 1.4816582835729606
0.4726476091681511 , 0.08452231428016921 , 0.4428300765516797 ,  60.55305157192052 , 1.078023537270489   , 30.381003269903864   , 30.72600687804507  ,  5.371721800618429  , 1.5083761327081546
0.646968239792467  , 0.10074119387178088 , 0.25229056633575214, 188.40225118933094 , 0.43618881933776465 , 74.30352838022486    , 71.50050043159334  , 10.854883235325008  , 1.6254033559085068
0.6177796172891868 , 0.13742225246851758 , 0.24479813024229558, 141.58579888680558 , 0.7573302171169026  ,  4.998950997241895   , 36.37485837325641  ,  5.156319991619944  , 1.0655621232767047
0.4749325362406534 , 0.09935465803401186 , 0.42571280572533476,  95.30432520722114 , 1.1159436964677436  ,  1.2308783530181593  , 30.6194210017767   ,  0.662915229971132  , 0.8716207964166749
0.6341683765234745 , 0.12022587660316643 , 0.24560574687335912, 172.79406126504654 , 1.1563672737825543  , 76.37226162495821    , 68.40414942000007  , 11.545230481983651  , 1.76391127426832
0.6239792724124257 , 0.14928168389990704 , 0.22673904368766729, 100.57162365002223 , 0.6353028964853547  , 45.80605209494873    , 63.475203631249904 , 11.342415502488487  , 1.5739097206740877
0.5537676114252145 , 0.06314891198979816 , 0.38308347658498737, 165.52635086888452 , 0.5707485260769758  , 12.564589301143293   , 48.21653368560764  ,  9.56338695962978   , 1.1893946303609333
0.5682550871489859 , 0.07747315255195195 , 0.35427176029906216, 121.84174939653806 , 0.3704984633178046  , 22.61432972107212    , 55.33275721011903  ,  8.165302769954518  , 1.412441775950745
0.529800540774026  , 0.08945760755976465 , 0.38074185166620933, 214.7104453223638  , 1.1527026541689716  , 89.52037949734873    , 75.10417749866097  , 11.409720855989725  , 1.4357661263189592
0.46095232776440626, 0.09218281785388313 , 0.44686485438171053, 214.13923215335586 , 0.21423645014379744 , 82.5122856599902     , 71.50991867301984  , 11.11115905652172   , 1.628803253163046
0.5170394483291803 , 0.09110210752655458 , 0.3918584441442652 , 145.47007962448026 , 0.7168040124548838  , 68.13936482150136    , 65.91558022772642  , 11.321142671281443  , 1.5406281284461412
0.6105706897196024 , 0.14076110025565547 , 0.24866821002474215, 120.16382186700312 , 0.37493280764643466 , 46.293622112383346   , 62.48735631623529  ,  9.627894066182037  , 1.6892553196440558
0.4509264046009206 , 0.12140326444668564 , 0.42767033095239376, 122.51195931181891 , 0.37085953389996607 , 49.95106811437303    , 54.77371650663467  ,  9.66153767517569   , 1.6897736498501497
0.5166998343382289 , 0.11079052140907036 , 0.3725096442527008 , 211.14290513364358 , 0.5157138754826167  , 93.62347538726003    , 72.21841262663342  , 11.484792051694466  , 1.1859368164141815
0.5296337387181886 , 0.08093727178627821 , 0.3894289894955332 , 115.6358965595224  , 1.1986118761880027  , 92.71396261289156    , 59.474442845244994 ,  9.821991139205203  , 1.6543893838669317
0.5574791205875846 , 0.13237903842212945 , 0.3101418409902859 ,  91.8118747413692  , 0.11321125286579538 , 20.66582839544009    , 30.34521967761445  ,  5.151973570756301  , 0.6759398538323234
0.6339711232825521 , 0.1455060511484989  , 0.22052282556894898,  66.93766837506136 , 0.7153230909340612  , 77.86603836531054    , 41.34226890332949  ,  9.70283598985157   , 1.548323194573789
0.5192691988731922 , 0.13211982825502266 , 0.3486109728717851 , 143.3386241768817  , 0.14495798174056873 , 18.935295952033613   , 42.859695456340255 ,  5.152223913463386  , 1.2643341231923708
0.5193906403792455 , 0.050156510519147296, 0.4304528491016072 , 146.42641978396836 , 0.22769895448909683 , 20.499597876859333   , 49.20333650404999  ,  7.0615707550942455 , 1.1702665082157373
0.5975002496219497 , 0.1136401370183407  , 0.2888596133597096 , 218.18174208058144 , 0.5554973830388334  , 64.90493127979937    , 67.07138960879091  , 11.969344122524191  , 1.5916925379631714
0.5404435881779615 , 0.05511353814421008 , 0.4044428736778285 ,  94.2477392892128  , 0.6370291510484075  , 38.88010546440465    , 50.718304867801436 ,  5.438587688876089  , 1.5664657679671472
0.4949209645879964 , 0.07576072203337218 , 0.4293183133786314 , 126.19825473367999 , 0.3476112696192026  , 89.42826308222594    , 63.508907978820005 ,  9.697639696647713  , 1.3793672650568651
0.5404879032265387 , 0.05595247003477717 , 0.4035596267386841 , 211.6811477787382  , 0.4139257005055786  ,  8.544934550016848   , 30.8221326591022   ,  5.685612546761262  , 0.7571302172752176
0.47817140407596   , 0.11037954529493876 , 0.4114490506291013 , 214.7247221497947  , 0.150012073294323   , 49.10646151771133    , 54.378707509234744 ,  9.11140738170189   , 1.3800344634893547
0.4852773973012447 , 0.11865899134926068 , 0.3960636113494946 , 126.92221519575364 , 0.39870275142088807 , 88.17806692253964    , 62.018654861040815 , 10.05450677377889   , 1.4626504200937394
0.5496735545478959 , 0.06144876380659051 , 0.38887768164551356, 141.8248046573362  , 1.1615422052876256  , 86.7949114060325     , 66.23630131770662  ,  8.931906236848638  , 1.6341006441780421
0.5337850899009096 , 0.08838388830449795 , 0.3778310217945925 , 110.65717816985659 , 1.136413488923354   , 15.026804487911157   , 47.624915169807785 ,  9.982977423255928  , 1.39986950347527
0.63296918021362   , 0.09562365089555419 , 0.2714071688908258 , 236.5109756838624  , 0.4351100336575327  , 35.19721920925982    , 51.2334240474795   ,  8.595872981711555  , 1.3595323027930724
0.5224787798233266 , 0.08690530217609166 , 0.39061591800058176,  73.72875314831606 , 0.7064820267205758  , 59.43565440448284    , 39.099422474762754 ,  6.594261114067862  , 1.52083582616145
0.5661176700556088 , 0.062102500048519305, 0.37177982989587194, 236.749884600294   , 1.096034699777586   , 15.30190893805461    , 46.67820826707545  ,  8.947248147160911  , 1.2024562629453472
0.5764528575839061 , 0.09189477901874754 , 0.3316523633973464 , 186.77329036706865 , 0.05711139603703118 , 92.93012851639091    , 61.026633013555035 , 10.19179146996846   , 0.6722678968574848
0.45261889131766675, 0.1251178047808418  , 0.42226330390149147, 156.31443053734625 , 0.9822861058882306  , 87.8159355578554     , 69.50019364837651  , 11.406580243525992  , 1.6038777946022247
0.5827074744033421 , 0.05710076645332555 , 0.3601917591433323 ,  56.53181215689918 , 1.1406249857072568  , 16.02721718730904    , 32.70716476940196  ,  3.625211186888768  , 1.3400316286092537
0.4856071933739503 , 0.05801800140819035 , 0.45637480521785934, 145.11923836440167 , 0.15502459448359063 , 11.6309242810546     , 36.22207879879373  ,  4.150906161626368  , 0.9757056253174491
0.6422140634938911 , 0.08547712918359843 , 0.2723088073225105 , 131.54962100054644 , 0.23566483893785917 ,  8.199214349593468   , 33.41188712881253  ,  4.780319289597192  , 0.7939612454811218
0.4797325455506226 , 0.1441725711618925  , 0.37609488328748486,  82.2437623950245  , 1.1548582481870586  , 87.30659174751659    , 36.94048382868171  , 11.08569073588701   , 1.653151435561217
0.5329248247454048 , 0.1168572646722914  , 0.3502179105823038 , 181.2819207001314  , 0.6681711651863983  , 18.587885740364236   , 51.49162510415976  ,  9.62922213895592   , 1.2791480705526899
0.4670699336157288 , 0.11786699566725647 , 0.41506307071701476, 244.23018147365715 , 0.06632612964248226 , 39.96335314025805    , 46.44027094310089  ,  8.328662126276354  , 1.0292748531635698
0.6493748503691895 , 0.0861919990837865  , 0.264433150547024  , 162.43776221290503 , 0.3462767985780585  , 43.08973110259229    , 64.44710663339539  ,  9.307022234023165  , 1.7052867976596864
0.5504390020662485 , 0.10936607912085383 , 0.34019491881289765, 192.95065528878916 , 0.5674352254091886  , 57.50506024450249    , 63.82022995554385  , 10.78802004662695   , 1.539269677493301
0.5690770034640088 , 0.05101311840277434 , 0.37990987813321686,  63.69009051320336 , 0.8468452476784828  ,  6.886592999752796   , 35.49720652527869  ,  3.4716876056253687 , 1.158989303254061
0.4634152954776855 , 0.11360960464095422 , 0.42297509988136023, 133.53339916339894 , 0.8931344348573195  , 21.76882727044953    , 57.31614955034318  , 10.292912607542434  , 1.3520023184660384
0.5999920940798356 , 0.14132869475762366 , 0.2586792111625408 ,  73.27169703289917 , 1.1947347398642745  , 89.4230771442169     , 43.997669219798105 , 10.787354325869552  , 1.6574013422244633
0.4919811186191172 , 0.11125734683448191 , 0.3967615345464009 , 172.55916710730207 , 0.3806378792913228  , 87.20737029778267    , 64.9100457854953   ,  9.933385828398736  , 1.4001702226969797
0.6296108578881427 , 0.13736985934663448 , 0.23301928276522277, 237.69643164283093 , 0.6689531171487465  , 75.00390215094646    , 67.73793578416769  , 11.365429421189637  , 1.5634403942806745
0.49102792809640144, 0.12239730554660938 , 0.38657476635698923, 182.3555464943277  , 0.6633220800385458  ,  1.8625195793486817  , 25.262306326037063 ,  3.2246897573756472 , 0.7363666322974725
0.48813754413273336, 0.06205584164036903 , 0.4498066142268976 ,  65.3606096628843  , 0.5164920483643232  , 31.392649775625802   , 32.87346708320487  ,  4.218340054787397  , 1.456966118995368
0.45730993356961896, 0.14024533072858417 , 0.40244473570179695, 120.93324099701657 , 0.24453617791878324 , 60.284038592919146   , 56.329335459172384 ,  9.980217957279427  , 0.5728831828888197
0.5444133890219999 , 0.05664438443557749 , 0.3989422265424226 , 160.1326758881703  , 1.1740750476614188  , 26.418260330253666   , 57.85507422545657  ,  9.421557665670164  , 1.4825321024517242
0.5629682266525233 , 0.10339674725477638 , 0.3336350260927003 , 130.64155122665045 , 1.031314764666574   , 87.32032272516263    , 69.5053509690783   , 11.341228135229162  , 1.674785692230165
0.4631417278856705 , 0.06421371237934577 , 0.4726445597349838 , 216.72880209503447 , 0.6230829825383728  , 60.85338833591442    , 67.47568379835536  , 11.54549035636984   , 1.6247066645292496
0.6051055233390021 , 0.05117066107309041 , 0.34372381558790743, 212.93420094199783 , 0.7437322360866343  ,  6.903044862378778   , 34.45016491818631  ,  6.892328200186072  , 0.808737548690017
0.5406577669496055 , 0.0922034260127639  , 0.3671388070376306 , 172.3662040206443  , 0.31135021159361165 , 87.2645365282275     , 67.46317802462939  , 10.236955348530865  , 1.428267684945479
0.554878053865516  , 0.07950407076541563 , 0.3656178753690683 , 124.69158902654105 , 0.6753551309505089  , 91.94559918491737    , 66.83463086659401  , 10.288070730561007  , 1.3647895524242635
0.5381525493876457 , 0.0986000493797603  , 0.363247401232594  , 101.06727475264883 , 0.8492156530896972  ,  7.460392165605647   , 42.28128025881157  ,  7.660065285539289  , 1.254098008829401
0.5301526121750653 , 0.10771998867345509 , 0.3621273991514796 ,  71.17486364262587 , 0.6424420826445771  , 51.10658254668623    , 38.53879364592626  ,  7.648852287662162  , 1.4875011155160633
0.5619280662616436 , 0.05437390723089474 , 0.38369802650746165, 120.9795366973108  , 1.1888279461726825  , 29.122971092560363   , 56.974198904005064 ,  6.90403671836035   , 1.483728914246576
0.4810480491861425 , 0.06230032951237457 , 0.4566516213014829 , 132.6345034415439  , 0.7530429046848851  , 37.712551342214624   , 64.95134015881172  ,  8.476942445276379  , 1.5415246791703583
0.4863856260990542 , 0.10586423964504253 , 0.40775013425590323, 185.1645850208147  , 0.4766197694809944  , 17.24651692371282    , 40.046078709286284 ,  7.035026745074683  , 1.0552424206427327
0.6223571242027035 , 0.08431673531726583 , 0.2933261404800307 , 181.63196485951468 , 0.9379748317582138  , 55.49492179319161    , 62.13951363693659  , 11.055639500457325  , 1.6426175268614227
0.6392230924267266 , 0.1229173487549448  , 0.2378595588183286 ,  64.02162792825139 , 0.24603188831888834 , 91.9660179118935     , 41.73255568369137  ,  7.68522727183683   , 0.5575438504405751
0.5246618632559505 , 0.11522916485919396 , 0.36010897188485547, 129.05186308623155 , 0.49219318576220644 , 48.29496962607447    , 64.29831432200912  , 11.184277780901128  , 1.5619860419576437
0.5041489346287108 , 0.13456043629899067 , 0.36129062907229853,  86.35577344347239 , 0.4490027929342237  ,  7.959799813870191   , 37.777309266854914 ,  6.654925482765996  , 0.9574573094724327
0.5787999086478032 , 0.11924928266692253 , 0.3019508086852743 ,  81.36254106336114 , 0.5465781593739438  , 59.520128013831204   , 48.13997896433219  , 10.071949076985108  , 1.541799400584982
0.5317468342196193 , 0.09299310773901481 , 0.37526005804136586, 215.46042994744917 , 0.9490467998180352  , 32.66140746732067    , 51.96515443828478  , 10.584872484664684  , 1.3639835362183144
0.455077271132069  , 0.11729666223944324 , 0.4276260666284878 ,  58.38304334325151 , 0.6067989869879186  , 82.16881820076459    , 26.32949933655288  ,  7.168370662986858  , 1.5062769289594
0.4812305194732381 , 0.07753811742554186 , 0.44123136310122013, 133.83657518042426 , 0.9631166178058571  , 41.729102238381145   , 66.05370501396004  , 10.804157894000609  , 1.7736019492437491
0.5931944457694796 , 0.08063134987782127 , 0.32617420435269917,  83.64073115330365 , 0.7129622386108457  , 18.51260245845558    , 51.429536854313746 ,  7.26837448500366   , 1.3990102178992343
0.5817847883820303 , 0.12889851599207933 , 0.28931669562589035, 225.8660431356948  , 0.4433798498561886  , 18.346139778349915   , 51.83964997088584  ,  8.289639797502534  , 1.3012323055915704
0.45541919850069673, 0.0946419516401582  , 0.449938849859145  , 161.40810265500704 , 0.9814755552359933  , 73.8013613492314     , 68.87502458892864  , 11.61930061614983   , 1.7994202188978525
0.4943944323865899 , 0.12983803405183525 , 0.3757675335615749 ,  96.2761272753696  , 0.3240331211360553  , 25.49640943750655    , 49.048324256742625 ,  8.070272956163677  , 1.3476249955988504
0.4962149593176143 , 0.13224223736682783 , 0.3715428033155579 , 150.4854574332753  , 0.3080404267697648  , 73.6544058392854     , 66.35195686549848  , 10.390642513218742  , 1.586338227639869
0.5843785487197457 , 0.1357562337661284  , 0.2798652175141259 , 196.29727194062318 , 0.6301783626630612  , 19.76518183359354    , 49.90288198546241  ,  9.564095612941125  , 1.304444024692142
0.45394210755087283, 0.1416635235841207  , 0.40439436886500646, 241.62360178388676 , 0.34997663285640224 , 30.881891395325702   , 46.49304833182721  ,  8.004981722788099  , 1.364027728157533
0.4708217163969148 , 0.09309852205132962 , 0.43607976155175554,  94.0892008490838  , 0.06045009019389877 , 44.686749354211145   , 44.10530981106048  ,  7.015720409722823  , 0.8115954620880661
0.6099832170746379 , 0.08188668183211388 , 0.30813010109324823, 227.23635442586902 , 0.7955421563936217  , 90.54680157057126    , 73.69061408572625  , 11.75355621938336   , 1.4772226007628082
0.4857089324108667 , 0.10821987465941138 , 0.4060711929297218 , 236.86082283349805 , 0.6377578946932577  , 89.44621677636717    , 73.92222726063014  , 11.668563080457051  , 1.190611535643232
0.5805492215703749 , 0.08711724234376275 , 0.33233353608586236, 233.28410890641325 , 0.5623454866671354  , 19.85970004053963    , 49.89883777796225  ,  9.385573575371282  , 1.2935745993200871
0.4976365562093453 , 0.1101074166800233  , 0.39225602711063134, 177.082871372382   , 1.1620137918110627  , 34.38902795933499    , 53.50463541503111  , 10.532157233496811  , 1.4247166167324106
0.46988827855186904, 0.12055858626438246 , 0.4095531351837486 , 175.96413088694152 , 0.7068790615573507  , 14.342341291562143   , 41.73222069457662  ,  8.611543870905571  , 0.9985733721783422
0.49863443819989084, 0.11884050184921369 , 0.3825250599508955 , 130.64212663676454 , 1.0429463144577922  , 48.95856761409573    , 63.59384290492089  , 11.482973716251518  , 1.752166685243589
0.5944533863711319 , 0.08745528870201214 , 0.318091324926856  , 200.47957646075758 , 0.21036777163593418 , 44.21592486668799    , 53.41001944456836  ,  9.048700292143543  , 1.2539945267486163
0.6211392936212572 , 0.06668602016987528 , 0.3121746862088675 , 156.25880367018638 , 0.7045874325988418  , 86.47297559527031    , 65.1198988390819   , 11.16386951538063   , 1.3806277324858265
0.6160439729133984 , 0.09305293384622075 , 0.29090309324038083, 185.4876142456589  , 1.0481765707405382  , 89.28051626794297    , 73.7220249583563   , 11.642112041166312  , 1.4634786003666034
0.529436705923691  , 0.06425941440819087 , 0.40630387966811815, 135.69158076975907 , 0.7205716208718826  , 36.82246953670004    , 61.852381028462545 ,  8.753882171977756  , 1.5657507636462948
0.5836170273141292 , 0.13900970351838082 , 0.27737326916748994, 196.29929280862783 , 0.8757163048460518  , 47.206842529822985   , 60.17272766812272  , 11.197070141946863  , 1.6318317304085463
0.4909968590831642 , 0.08458774607378575 , 0.42441539484305013, 214.8943035209098  , 0.47785010298403846 , 86.03867991802878    , 74.81730321421236  , 11.20992512575965   , 1.2538340560144379
0.5086295460522027 , 0.06544597472233238 , 0.42592447922546495,  79.28725132056323 , 0.1563169445926266  , 77.4439495435259     , 38.00170516741929  ,  5.269771886753476  , 0.9576921405278529
0.629267163704224  , 0.05254477599057509 , 0.3181880603052009 , 216.5859431148456  , 0.5765853393961321  ,  0.35100588908633057 ,  1.8334913542777902,  0.562474921748447  , 0.10613334166400439
0.4526003847021472 , 0.11458223862864843 , 0.43281737666920445, 158.05930635806146 , 0.5036512994646861  , 30.72571816162392    , 57.19724658476784  , 10.136787330768493  , 1.3728497445429715
0.46710170617089364, 0.11369023174547432 , 0.41920806208363204, 218.93318181804486 , 1.0471192097357893  , 40.490327225868086   , 60.92875803071448  , 10.89467978129084   , 1.660312754886796
0.49157725102920546, 0.08406041665812916 , 0.4243623323126654 , 136.26034126820292 , 0.33059459770534305 , 22.052763233590245   , 55.8345266696392   ,  7.494951630585962  , 1.394079816692818
0.45530644077476395, 0.057171188884765106, 0.48752237034047086, 125.80809707660701 , 1.1617443616653742  , 19.15887512601012    , 59.44319232285518  ,  7.103391034056691  , 1.4876724425745285
0.4862870870179595 , 0.0909628894895232  , 0.4227500234925174 , 233.01214650344448 , 1.1518588377751706  ,  3.627312633185248   , 32.30167721136694  ,  3.333765123018451  , 0.8462555198356101
0.5666083121939385 , 0.08112174950633935 , 0.3522699382997222 , 100.23385350968026 , 0.3347763895321545  , 61.76349360669701    , 57.446197309622704 ,  8.623630881940606  , 1.542562380683726
0.5342849101184997 , 0.11771206397350094 , 0.3480030259079994 , 218.84246505722862 , 0.4502597487989185  , 25.200987886383903   , 50.866719266513925 ,  8.230748770195321  , 1.283901668051032
0.6285343422153951 , 0.11057792494526902 , 0.2608877328393359 , 146.8041145018808  , 1.0798891020049677  ,  5.025329129406057   , 41.817760847985795 ,  8.257239905834094  , 1.1647969597226944
0.6134887123476882 , 0.086459372819754   , 0.3000519148325578 , 152.81908851025196 , 1.1616155540305235  , 22.17401381069411    , 55.58628536468854  , 10.54184111487401   , 1.4222170324187722
0.5183634703395752 , 0.07178925542549901 , 0.4098472742349258 , 111.69365629789681 , 0.5599549682614506  , 76.98373947226816    , 57.877584615720515 ,  8.151994686060402  , 1.5059648928734692
0.5018846866862585 , 0.1488035966155592  , 0.3493117166981823 , 164.60844012380312 , 0.41914660248703245 , 81.74296143806848    , 67.44593139868681  , 10.430041229798535  , 1.6431868267292085
0.5259384816334534 , 0.09540016211961148 , 0.37866135624693514, 115.04223925524227 , 0.6550081152392734  , 46.37435953855706    , 59.98401225177018  , 11.119117531016796  , 1.510721892965326
0.5680589885029615 , 0.1188274235780237  , 0.3131135879190148 ,  57.853882848330464, 0.840934587320595   , 39.94278435923387    , 33.38395456820607  ,  6.987931976530605  , 1.7024608206154372
0.5036127281645753 , 0.06405529675783608 , 0.4323319750775887 , 104.3997210688712  , 0.3644956926812267  , 93.87395457617104    , 51.684400950449394 ,  7.053336067840678  , 1.4193419224690385
0.5748297815698268 , 0.09855896996593977 , 0.32661124846423345,  51.27580868131814 , 0.8969441508119337  , 19.25420732045471    , 28.110242117322176 ,  5.195279963713542  , 1.4609542456348328
0.5318823304382481 , 0.052753671986946554, 0.41536399757480535, 245.67095741137132 , 0.1094059606818372  , 20.674491154042414   , 32.72058379808949  ,  6.952740122766581  , 0.7547333526890586
0.5604094361703961 , 0.10054551179104498 , 0.33904505203855895, 243.1494419639495  , 0.1066886666790789  , 28.019248995494376   , 33.335083735026025 ,  7.067458179933977  , 0.8436212836000728
0.5372253058270633 , 0.14640174071177023 , 0.31637295346116645, 129.031059494461   , 0.49423086091737695 , 16.584702554984382   , 46.66284757068227  ,  9.576791606438135  , 1.2391413421956856
0.5088931519083836 , 0.08842067129858003 , 0.4026861767930364 , 195.6741708679292  , 0.45649417086982863 , 36.41909742760191    , 60.71409212478794  ,  9.452249172267075  , 1.5754900852335125
0.6396906613924314 , 0.05389960125749116 , 0.3064097373500775 , 119.16121968208499 , 0.4129781976722251  , 87.44008579101637    , 65.33095908310433  ,  6.310823028313368  , 1.4887958482258152
0.6027211588319522 , 0.05309557909193435 , 0.34418326207611344, 184.2186314171952  , 0.6146727270692465  , 59.073392700343135   , 61.24136760489955  , 10.028423884988312  , 1.4857821593598308
0.4780226351532905 , 0.08879867599468695 , 0.4331786888520225 , 211.08600860919583 , 0.41884361965830685 , 39.546868666777314   , 59.916771401939016 ,  9.58611361640703   , 1.529947320692466
0.6236935951795826 , 0.06600249364631941 , 0.31030391117409806, 239.35124893844815 , 0.2710966062383057  , 89.70343627883662    , 74.18706405315099  , 11.069416577444636  , 0.6527833843117732
0.5474862396499027 , 0.0523352096328186  , 0.4001785507172787 , 130.04245516993439 , 0.40588998145189104 ,  4.652566317678943   , 29.239356360260825 ,  5.481024635860126  , 0.7568033813795477
0.6289104453788184 , 0.12562136139501767 , 0.24546819322616398, 206.65959659120955 , 1.1711399137317702  , 20.18651307857869    , 53.66313156140194  , 10.456733940572633  , 1.337341222321873
0.609971051189463  , 0.09585230088818907 , 0.2941766479223479 , 103.18569012642376 , 0.5227804295440759  , 54.32530608976886    , 61.92823658047388  ,  9.860626829349748  , 1.4968095970777981
0.5350427008938468 , 0.07892447719726545 , 0.38603282190888777, 248.06646075872968 , 0.5614196933870861  , 59.0930518265452     , 64.7547844753957   , 10.553717519577335  , 1.503625989793206
0.4544938616640235 , 0.14000831830164806 , 0.40549782003432844,  55.15391975287023 , 0.713026738443811   ,  3.7975206300108617  , 25.581299365839357 ,  3.8364630456515223 , 0.9458818462917032
0.5037354718769892 , 0.061613896020052565, 0.43465063210295823, 170.7057613002242  , 1.1808418836763606  , 38.69172075908469    , 66.23901673389979  , 10.682275956131742  , 1.740814858861174
0.5583268429321734 , 0.14559188289553193 , 0.2960812741722947 , 181.90119633026544 , 0.32784146790112745 , 62.318780623763786   , 68.71716739422527  , 10.662359482500904  , 1.7114794427333608
0.5766956439652294 , 0.08139667173773528 , 0.3419076842970353 , 187.60911141482578 , 0.8334744271122989  , 67.01477245472655    , 71.96943586142089  , 11.547245742795914  , 1.7832845129900239
0.5015775370866404 , 0.13884036723086812 , 0.35958209568249144,  74.0775157578178  , 0.8733823975729827  , 61.26143064156185    , 35.97746575547585  , 10.758120189454866  , 1.8245866799331882
0.47787121481456485, 0.11029428764794616 , 0.411834497537489  , 237.70595669462608 , 0.7484230793120258  , 30.774069538648757   , 51.084751794143614 ,  9.674566284971322  , 1.3043700771774487
0.6169860473598598 , 0.13267073597414875 , 0.2503432166659914 ,  86.23665581001656 , 0.15186509058214068 ,  8.977931865399313   , 29.52138415042055  ,  3.5133570795300137 , 0.83551569924205
0.6468804361407104 , 0.14840131632104642 , 0.20471824753824314, 174.55068064796822 , 0.8284031172017129  , 41.002794856256074   , 66.25864017886413  , 11.538969944023757  , 1.7560584695129848
0.5551380364605372 , 0.07884054378187458 , 0.3660214197575883 ,  94.53521582461698 , 0.12370891769160179 , 12.360425987333326   , 20.623655086416672 ,  4.442432844896865  , 0.3973808299666528
0.4843358571696607 , 0.1461135485407593  , 0.3695505942895799 , 111.44328340425417 , 0.7355640469823814  , 90.97187121798405    , 53.99698579363098  , 11.748115853811692  , 1.3847948581349407
0.5044614653038738 , 0.08894818949024204 , 0.40659034520588416, 159.29170834562487 , 0.900518353805004   , 45.616403138172316   , 68.35299584247866  , 11.665919886850839  , 1.7579997728239558
0.45367813530949336, 0.08855119047369223 , 0.4577706742168144 , 133.4386837129153  , 0.292615374212943   , 30.456880738259287   , 50.129438340985445 ,  7.395572884882868  , 1.2161741585802426
0.6328597613120999 , 0.08403871042545057 , 0.28310152826244955,  82.04512019530125 , 1.01786530867419    , 73.56519082741441    , 51.571905820200485 ,  6.881057156521577  , 1.790947951177925
0.47355021657802826, 0.10414076073475852 , 0.42230902268721315,  84.18728048416966 , 0.08490687636295491 , 47.803064887897335   , 39.13224655600332  ,  6.882775437318326  , 0.8609741394237788
0.5653032951028507 , 0.0654145043178487  , 0.3692822005793006 , 133.62895763255995 , 1.020384793207052   , 29.763266305195206   , 58.534109569819904 ,  8.825013202119072  , 1.5418696386703958
0.5048110441374412 , 0.10537114853580112 , 0.38981780732675775, 201.45659565510016 , 0.5793784082391799  , 77.94890326951696    , 68.14259096688704  , 11.562782788310805  , 1.5891414394780357
0.5608356005031587 , 0.1041704812410004  , 0.3349939182558409 , 229.5929293695577  , 0.3002261309213911  , 83.24660649610772    , 70.5038745948782   , 10.840510938286105  , 1.3003259881149931
0.5802840776703728 , 0.12619018126048698 , 0.2935257410691402 ,  66.82553245187657 , 0.20384486674306318 , 64.608783963713      , 41.0591647017183   ,  7.942012021185121  , 0.9466970505386783
0.6159483607414403 , 0.13336499619375855 , 0.25068664306480115, 128.6207815118802  , 1.1463032427197284  ,  4.50858455113606    , 40.50810527339971  ,  5.192866711117086  , 1.1058151086474066
0.49128425435212064, 0.0940441350312424  , 0.41467161061663693,  70.04911274457532 , 0.13356542571833022 , 54.36699649598708    , 34.396973774081495 ,  6.901192270328929  , 1.1165059486736866
0.4521991657316961 , 0.08023332493514937 , 0.4675675093331545 ,  53.31849612651958 , 0.2789574329263145  , 73.27631155173904    , 25.326418321616675 ,  4.4402350293620385 , 0.5805312579051897
0.4773771260137615 , 0.07593348973170945 , 0.4466893842545291 , 182.3437365287913  , 0.44999569954800284 , 13.104289160023889   , 41.7941724729093   ,  7.162431258418377  , 0.9809357603174556
0.630003728369621  , 0.0694623836704872  , 0.3005338879598918 , 170.48988839331756 , 0.7632700763052885  , 21.952392132921922   , 56.35997327163044  , 10.421369650274254  , 1.4077334755026494
0.6247780155125031 , 0.05576475821990249 , 0.3194572262675944 ,  82.60382276297725 , 0.6765212480675131  , 84.7195300865411     , 50.981498267987384 ,  5.017077153986527  , 1.4115953557127188
0.5694826204340617 , 0.08424479788347133 , 0.34627258168246694,  96.76256661861282 , 0.19449001627416107 ,  1.9316852978951076  , 11.155018310104042 ,  2.4279190581643846 , 0.2817788428653325
0.5701033720867307 , 0.07702476921307833 , 0.352871858700191  ,  54.741550728903675, 0.3831871812989468  , 72.26180523129369    , 31.688740563446185 ,  4.237917932081172  , 1.6237984457233918
0.583007334909251  , 0.14664173858664073 , 0.2703509265041082 , 216.98944113888075 , 0.32456453674892766 , 45.4822360813846     , 60.8031839723199   ,  9.386519991042665  , 1.546322283272138
0.48507425572468993, 0.10577088262500439 , 0.40915486165030573, 244.9381192097103  , 0.2955742826638926  , 42.890127248602255   , 55.688398105841316 ,  9.37605407911562   , 1.3051869474758961
0.632882389184992  , 0.08472770390305076 , 0.2823899069119573 ,  77.09190735893816 , 0.5228159869519851  ,  0.6812671195091689  , 22.79810713587758  ,  1.5159086630209662 , 0.6853967977927554
0.5337541049784147 , 0.10804676009936959 , 0.3581991349222157 ,  96.29504275305962 , 0.8596361704804054  , 78.66223017278331    , 49.80026734293409  , 10.602581381660968  , 1.8130585185013977
0.5266277056498995 , 0.06391967013456955 , 0.40945262421553097, 223.6819047893868  , 0.3000708720498213  , 34.543190461110385   , 44.87618321978436  ,  7.903051512279404  , 1.099819225269948
0.5537835410565675 , 0.09440437492022029 , 0.35181208402321223, 235.29275959123697 , 0.47168071165842856 , 51.91350060485212    , 62.92774418866366  ,  9.729037206084879  , 1.6895821409558271
0.459393193355011  , 0.11262343214210638 , 0.4279833745028826 , 133.92547656136207 , 0.49955504086733654 , 65.02086588822331    , 60.651316970391974 , 11.308574553561602  , 1.4820792374399854
0.4832566737512159 , 0.09888978317924513 , 0.41785354306953904,  60.124494453814826, 1.1729250088507217  , 67.45243933803991    , 28.697078439841178 ,  6.231965168288148  , 1.7681754759989
0.5976067232852741 , 0.09017788006543243 , 0.3122153966492935 ,  57.878366738563884, 1.1478663104109292  , 91.77408564730294    , 32.661543962995495 ,  5.379882876148527  , 1.7023051090793448
0.4665597335850253 , 0.1493848388899698  , 0.3840554275250049 , 164.78997321380209 , 0.9701582201648873  , 51.00863551071447    , 67.11968424575292  , 11.552335291057824  , 1.7600509842421854
0.5706304218932776 , 0.1380314762148927  , 0.2913381018918297 , 128.57902177863582 , 0.3279077589420629  , 38.37307689354505    , 64.06140794997732  ,  9.540413308967237  , 1.6864801869626054
0.4990698219362642 , 0.11234059581594401 , 0.38858958224779183,  55.7304855155309  , 0.12824291120542014 , 91.55554814320396    , 26.94898522206427  ,  6.418551030645418  , 0.7293517970301346
0.5278591228083953 , 0.10693773611822827 , 0.3652031410733764 , 166.65047846251136 , 0.41443975837871844 , 61.64258256245003    , 67.4268199292703   , 10.652163443652393  , 1.6408354746944505
0.5077387473541399 , 0.1120660479824584  , 0.3801952046634017 ,  52.260507317804496, 0.35681373184890547 , 28.62243420254934    , 26.745141354705282 ,  6.011153962030044  , 1.419882927400072
0.5211345432929898 , 0.07013121078224333 , 0.40873424592476687, 207.47439162985458 , 0.6318146701683529  , 12.14056755874283    , 40.664924592771506 ,  8.378153199646354  , 1.012502296630775
0.5938091810368491 , 0.08951377432643186 , 0.31667704463671903, 111.2865645406743  , 0.944387096577962   , 80.88523214065741    , 64.33141877317063  , 10.493033473216434  , 1.79863185449549
0.509424343124635  , 0.05394595328908994 , 0.43662970358627506,  58.05160060184642 , 1.0370713797106867  , 34.76943386823855    , 31.70414774672478  ,  3.271818726340795  , 1.485649783642457
0.5632809280593795 , 0.09755460374868266 , 0.3391644681919379 , 167.67044419663068 , 1.0215936982220848  , 63.40509325098539    , 68.45996550656024  , 11.543288808333728  , 1.8110840548710916
0.5452100804398199 , 0.10430245839576632 , 0.35048746116441376, 129.53688288661095 , 0.4636268954065279  , 45.19837625912622    , 64.7719913951406   ,  9.66147890054415   , 1.6451043456650876
0.5827342330725296 , 0.07277497361032095 , 0.3444907933171495 , 244.7600826714299  , 0.8403194949797853  , 19.09725886032368    , 52.64632572718405  , 10.043109499445437  , 1.3938789835911434
0.6373659478649516 , 0.14640288471655138 , 0.21623116741849702, 158.83973250074044 , 0.409759327152853   , 57.76191442756465    , 69.58039031781824  ,  9.828667759068123  , 1.7347263325645406
0.5965144194420501 , 0.1409454610937242  , 0.26254011946422573, 105.04783620740166 , 0.12004137472046011 ,  5.8255746192655025  , 13.793058251070267 ,  3.2970899076324844 , 0.18520724631023208
0.4929880757181514 , 0.12221432354559059 , 0.384797600736258  , 191.88777292679495 , 0.8568000554433837  , 39.68087614763445    , 61.94125013969932  , 10.903548730001866  , 1.6186790647762628
0.4562366270122569 , 0.10333866287653626 , 0.4404247101112069 , 104.29840050854227 , 0.06130168545525602 , 52.47503420771242    , 42.43089298685479  ,  6.936668342278793  , 0.8611796149598299
0.502452808859965  , 0.13699691596476848 , 0.3605502751752665 , 230.84865828151302 , 0.5205599755772619  , 41.86050951538359    , 59.56914795537873  , 10.897973027487275  , 1.4455384023465216
0.569015586140051  , 0.06306523438234629 , 0.3679191794776027 , 124.94439410147528 , 0.42878615969738704 , 71.87252882409513    , 66.79893905616866  ,  8.231096202848073  , 1.6128319438929999
0.4602851626968501 , 0.1290509794274885  , 0.41066385787566145, 159.97371255524104 , 0.8473841692966803  , 79.48079563635       , 67.87796488480653  , 11.686587197075966  , 1.794546782156055
0.5492732494402472 , 0.06248208139668483 , 0.38824466916306793,  60.11462076484577 , 0.9311822936744357  , 74.0393351071851     , 32.967244360015634 ,  3.9681029301724102 , 1.8537242187098792
0.5693685697833779 , 0.12942106625494054 , 0.30121036396168155, 135.22424759044617 , 0.3997088313669764  ,  3.7260429899330028  , 20.880213489271252 ,  5.163384432841185  , 0.5693107139910397
0.5168487781633921 , 0.07757675682513569 , 0.40557446501147215, 216.472707932199   , 0.9833710666115816  , 18.636361962813332   , 52.57063908150705  , 10.01247060041359   , 1.383908092422942
0.6041824407491644 , 0.13770905810181888 , 0.25810850114901673, 211.12976107266837 , 0.38800427458067377 , 51.514320889322335   , 61.803740671778904 , 10.034246781054874  , 1.6581715401011194
0.47131965062675435, 0.14440420938253978 , 0.3842761399907059 ,  94.86371177070525 , 0.5632753139845454  , 89.74291588260492    , 45.205982620522576 , 11.430593320049079  , 1.3645514497353555
0.46502755634716175, 0.06487959694051157 , 0.47009284671232665,  95.21581420211254 , 0.8860713060662541  , 80.15585040500322    , 43.72251013481819  ,  6.283936071403352  , 1.8017361464077835
0.5956377512407207 , 0.09626756050653934 , 0.30809468825273995, 213.46106244264735 , 0.8468582636085068  , 80.88331280177296    , 69.8825580465905   , 11.791653455861885  , 1.8007074976481772
0.5490982632412397 , 0.1480987378162685  , 0.30280299894249185, 236.0796840338651  , 1.18547374315903    , 29.10798660092879    , 52.005913331511024 ,  9.572716159703692  , 1.3240491665209477
0.5876804792855472 , 0.09834074359731465 , 0.3139787771171381 ,  69.07218425460071 , 0.30893517784832164 , 41.22699811955545    , 39.212395946581495 ,  7.332753369054625  , 1.7141069508284779
0.5369654677207493 , 0.1363547522514545  , 0.32667978002779624, 140.01172788524505 , 0.8116656005705197  , 45.18777094232999    , 65.92805849292309  , 11.162674784613461  , 1.8123944169932424
0.49928040664782136, 0.10887315221313199 , 0.39184644113904665, 117.49085579284579 , 0.751134194517144   , 15.1076720015914     , 47.73922180304473  ,  9.60523450734033   , 1.2712974762879379
0.61382046353484   , 0.08753299079196018 , 0.2986465456731998 , 224.13769109148788 , 1.1023632226635343  ,  2.9825405034678063  , 30.968965674726437 ,  2.5650636529598576 , 0.9152723833504448
0.6098831757937959 , 0.07857835555258702 , 0.31153846865361706,  66.70498293600374 , 0.2298164628916063  , 90.90267834820962    , 38.18432929801368  ,  5.3312836402657116 , 0.5832879389076249
0.5889392941708853 , 0.07032230910860873 , 0.340738396720506  ,  92.22518851160748 , 0.9145678881249729  , 23.108408223696646   , 55.89270297232513  ,  6.821046974233862  , 1.5056804928973073
0.5044290274459926 , 0.1261798191377697  , 0.3693911534162377 , 200.49366751729886 , 0.7035089087090836  , 23.035094757468606   , 50.318737852798115 ,  9.475199722105469  , 1.2690415383308913
0.5680461333738174 , 0.08865405068230278 , 0.3432998159438798 ,  60.258769796243115, 0.3658657502560912  ,  8.004389161800916   , 35.60146001566909  ,  5.511152573632318  , 0.8878066031627853
0.5221947793880054 , 0.10112754622007511 , 0.37667767439191946, 148.50707614285784 , 0.5956001512692503  , 89.13674418660274    , 68.00927458100769  , 11.203039801666224  , 1.4202274115372762
0.46831641466532686, 0.09923254800011819 , 0.4324510373345549 , 138.421406935944   , 0.43384308663026744 , 55.65476303421811    , 63.29847035229529  ,  9.906624466885111  , 1.715057094782333
0.6334627150924486 , 0.10772790292331312 , 0.2588093819842383 , 116.88023579774973 , 0.71621041320673    , 64.03553828403398    , 65.8440834493642   , 11.491330066816932  , 1.5692220612520273
0.4773637261837923 , 0.13655771456245522 , 0.38607855925375245, 128.91446306378475 , 1.0723507024368657  , 87.51138117725304    , 64.55947392860567  , 11.522211499801509  , 1.6315520765395408
0.6400474707641606 , 0.14807393435834293 , 0.2118785948774965 , 155.98811738604658 , 0.7047007320740323  , 33.17953621447579    , 59.522864818626346 , 10.227801455802785  , 1.4067606261313874
0.5392011545915911 , 0.0907584208573817  , 0.37004042455102715,  82.27347167767662 , 0.7764807810755716  , 59.66470186925608    , 44.320259536603125 ,  7.537832753215086  , 1.5441865512639272
0.48702658576772395, 0.1327518922106303  , 0.3802215220216457 , 164.39917565671857 , 0.6465600241819158  ,  3.7247476539731963  , 34.67826751388332  ,  3.868571762945444  , 0.9168145836544553
0.5583801894756717 , 0.12645277946547176 , 0.3151670310588566 , 211.08646585999728 , 0.10884033241229729 , 17.930162710188416   , 22.9317000854986   ,  5.799816540921975  , 0.5202713124373495
0.6245891671752817 , 0.10735289514555732 , 0.268057937679161  , 202.03218595803182 , 0.31778734040750833 , 79.79959728863449    , 70.11431511137775  , 10.687702322353129  , 1.6026561261144827
0.5964449772819123 , 0.14560471436119332 , 0.2579503083568944 ,  80.77998093875473 , 0.6158019888468952  , 73.60976220848023    , 47.328279835595076 , 11.319823995863755  , 1.5577437693304748
0.6113122295722899 , 0.07004745155284028 , 0.31864031887486977,  79.84989394829478 , 0.40677057630641045 , 33.661698379886104   , 46.40607347168691  ,  5.834559028113826  , 1.4412177965555089
0.5817566733421435 , 0.060926421030962144, 0.35731690562689433, 103.63487354898267 , 0.25902813742537334 , 36.1738202663244     , 57.70101154593983  ,  6.449392257174069  , 1.3800109953463149
0.5884553129035706 , 0.1353961966955422  , 0.27614849040088724, 122.21494526820744 , 0.6297527682062041  , 51.22122562114363    , 64.47510627746068  , 11.358010342459387  , 1.5099132304288527
0.6198391303130639 , 0.09391498166337484 , 0.2862458880235612 , 131.6911162816965  , 0.42123126246502784 ,  0.023136449772916734,  0.0               ,  0.01891606758059805, 0.011965045362719634
0.4999336017718372 , 0.13469688542070604 , 0.3653695128074568 , 185.93944336666905 , 0.3468237896494269  , 23.159456259650675   , 47.98180404908917  ,  7.587268496420016  , 1.2757318222686664
0.5478849927286281 , 0.13930902051954147 , 0.3128059867518304 ,  61.33608643316708 , 0.583583230056438   , 19.990253626388586   , 32.33150096119496  ,  8.635294758125761  , 1.4122848619505894
0.49424188836392047, 0.05624575936190715 , 0.4495123522741724 ,  56.93454084521328 , 0.20327689679449912 , 24.046362887977292   , 27.21187109478402  ,  3.1291630232011154 , 1.2556635443019095
0.6475336015993294 , 0.13834647629860608 , 0.21411992210206454, 128.3821125887818  , 1.1169075930367183  , 77.36696088321037    , 70.21694968637728  , 11.63980334498761   , 1.7764532923780383
0.6388118679373227 , 0.09483190553694221 , 0.2663562265257351 , 189.4327384275961  , 1.0478574126071247  , 26.848690228458544   , 51.86205774656976  ,  9.847843940026486  , 1.3772363060061408
0.4578853622737012 , 0.10104324890042321 , 0.44107138882587565,  88.68706859129651 , 0.8637636736016157  , 18.386046916814223   , 40.593026239918544 ,  9.302066406185007  , 1.4525636422085249
0.5911150345031377 , 0.11265925110932103 , 0.29622571438754125, 178.30089625125035 , 0.17214590172672464 , 48.40929223613102    , 55.730347294506    ,  9.412435613025933  , 1.4157193250084452
0.6350496634831332 , 0.14263826067300867 , 0.22231207584385815, 101.9656275880599  , 0.9422588426401469  , 83.10192349178226    , 65.31484619255298  , 11.683150465983774  , 1.8069289766096097
0.4861150690254667 , 0.0519116094429764  , 0.46197332153155685, 227.21722176270328 , 0.9791509273253718  , 23.169571568399988   , 53.1613552066125   ,  9.998057563813138  , 1.3643431862951563
0.563589046110526  , 0.0976843468317817  , 0.3387266070576923 , 229.1379888533233  , 0.9329293103714883  ,  7.539479308108675   , 36.473011881340646 ,  7.679033819796012  , 1.093447724556835
0.6330976595176083 , 0.11877220424305607 , 0.2481301362393356 , 109.4574408562653  , 0.18106077018712735 , 34.21485464156781    , 44.40711727860833  ,  5.324281201930264  , 1.247226522702504
0.45678919571715976, 0.12227069576982284 , 0.42094010851301744,  95.99875079264811 , 0.7904941506279294  , 71.77457515823787    , 42.308883243371724 , 11.751240129338674  , 1.7429820194541552
0.5894840534493679 , 0.11925324315371079 , 0.2912627033969213 , 132.26079441324626 , 1.0094735151118082  , 52.86629229070029    , 66.39160062165423  , 11.382654148715146  , 1.7407746956078627
0.5094698014745102 , 0.06344351294081219 , 0.42708668558467766,  98.10631703602974 , 0.7139564114026179  , 78.41216347913735    , 51.117575037401096 ,  6.628221980542825  , 1.5844795071767703
0.6348792390753061 , 0.07993955883716812 , 0.2851812020875258 , 184.47676865834072 , 0.7933684815123023  , 92.12084617048646    , 76.24844437873676  , 11.55162081334327   , 1.5149199414879406
0.6442116490330736 , 0.08587155254170134 , 0.2699167984252251 , 215.21293690965712 , 0.5771180013402522  , 76.09559776815524    , 70.25382337778765  , 11.190919870346633  , 1.6276612153237082
0.6388532978226868 , 0.1304437207679505  , 0.23070298140936266, 184.6184261822434  , 0.6580134178666605  , 57.965095569000326   , 59.80395110451943  , 10.965519345199006  , 1.5111055808396008
0.5448428433314928 , 0.07787598724145531 , 0.3772811694270519 , 214.8700894498699  , 0.089533387104484   , 47.36079245302852    , 45.785474838018736 ,  8.108592544544754  , 0.9880905545437065
0.6224085301978627 , 0.07107049638672032 , 0.306520973415417  , 129.39843244149483 , 0.7848074752692773  ,  3.8466322894336002  , 33.14264311380958  ,  3.6038459168902484 , 0.911390242959218
0.618909879707014  , 0.14574480190380962 , 0.23534531838917633,  81.26339414177217 , 0.14366429482483306 , 94.49490996614796    , 51.35127142943707  ,  8.975297167377962  , 0.7842472487665942
0.5138200946486511 , 0.05088632851134689 , 0.43529357684000203, 197.59018947951844 , 0.5502667834912569  , 36.81418776720408    , 59.0356851141109   , 10.131144707383827  , 1.4491588903635997
0.6157830948301355 , 0.14978208556819783 , 0.23443481960166668, 122.09490102831077 , 0.38655336231751897 , 14.613908536019213   , 45.15029120687127  ,  7.0375921947730795 , 1.0916420162686604
0.45740152694309855, 0.11768212988573956 , 0.4249163431711619 , 184.2541650458265  , 0.67724214274347    , 64.00405011805985    , 66.09474309915711  , 10.99886027922094   , 1.6403973618504266
0.5692539756964106 , 0.1328469299449117  , 0.29789909435867773, 104.12878839635313 , 0.20342878585168817 , 27.291675753164096   , 45.89698819423791  ,  5.333030623396626  , 1.285847847327581
0.49600176745754065, 0.07946193963461931 , 0.42453629290784   ,  66.24592696133453 , 0.8453899122693159  , 56.23471400938057    , 31.12319665809294  ,  5.214480723482368  , 1.7306433884430035
0.47411337715545576, 0.051431527766706   , 0.47445509507783823, 248.51635909755268 , 0.9642632674677409  , 56.32971915308076    , 62.648323130202684 , 11.057294803535303  , 1.661604270221617
0.4653906403258418 , 0.123786951856153   , 0.4108224078180051 ,  81.24030158611986 , 0.23785761720462995 , 42.79006280667544    , 36.62493757465544  ,  8.628461248708604  , 1.3856892691391893
0.589257755175628  , 0.13341445970006757 , 0.27732778512430445, 247.6841987926962  , 0.16996005045466447 , 80.2673870923241     , 65.90390824937428  , 10.92932572754786   , 1.6217014202752733
0.5179749927536133 , 0.12404761319535192 , 0.35797739405103485, 245.45598651328945 , 0.217342805205463   , 25.43683790932253    , 40.003972503856    ,  7.6500693918200815 , 0.9921414940665324
0.5949533543057524 , 0.06428502873008386 , 0.3407616169641638 , 208.76362078160793 , 1.0586966961832769  , 43.068728795302476   , 63.990674895497015 , 11.038148148443224  , 1.6035078680654427
0.4630712681597885 , 0.1253427922256969  , 0.4115859396145146 , 181.88459241639953 , 0.6574176510198095  , 51.61844434473326    , 65.07701123290472  , 10.766521392289091  , 1.5376171617176522
0.513058067566122  , 0.1268922782107641  , 0.36004965422311386, 165.56141005021692 , 0.587350145408628   , 63.70797319366076    , 67.1150818626309   , 11.784617121035264  , 1.53822754062487
0.5578982584750675 , 0.11585405156700548 , 0.3262476899579271 , 223.22030907556695 , 0.17271859196770742 , 75.26129764853658    , 69.2974181231435   , 10.649015364602134  , 1.5661510875963363
0.6081446329677928 , 0.12661159327955862 , 0.2652437737526486 , 107.88790432389759 , 0.7969894077705061  , 37.90149915631258    , 65.87922695010381  , 11.03966092509976   , 1.7077327960995228
0.513750500586414  , 0.1345921439677732  , 0.3516573554458128 , 143.5362424969754  , 1.0481995306793532  , 62.020506633273214   , 69.79818478619691  , 11.741368379302664  , 1.8246759135000261
0.5751782752874018 , 0.11136041142374584 , 0.3134613132888523 , 173.8779938733004  , 1.0024137497219707  , 14.458651494577836   , 49.64499696810913  ,  9.38896173194396   , 1.34967395873568
0.6271955496472374 , 0.05886047139696791 , 0.3139439789557946 , 132.23809517389822 , 0.7699629153279215  , 89.53421765207794    , 67.30435115565759  ,  8.144867106329926  , 1.4671554532788982
0.573172637636461  , 0.09876278096672109 , 0.32806458139681793, 135.4972908180536  , 0.13657052414942467 , 36.77364541641634    , 54.05663172070544  ,  7.537140989463163  , 1.1682346013966691
0.49659189495072675, 0.05776493346716051 , 0.44564317158211275, 116.05693350041687 , 0.1792565812524149  , 70.0340565097381     , 56.856798310203246 ,  6.968336188834301  , 0.9147243328214562
0.4548801563113076 , 0.09075430310324309 , 0.4543655405854493 , 162.8463633369072  , 0.10670533517629838 ,  1.9527438606890541  ,  6.517664317485378 ,  2.2794573556141997 , 0.06426595674906213
0.624019774780186  , 0.09071064891256277 , 0.28526957630725125, 220.1149056030232  , 0.34610109896633967 , 19.69796571886147    , 47.99226169797297  ,  7.695149025965889  , 1.256095149772523
0.45425388217007745, 0.05660098441402416 , 0.4891451334158984 ,  90.30567560126258 , 0.2060106872344344  , 46.75992425506349    , 41.994418308602974 ,  5.118882593281617  , 1.1438370777746005
0.6249403345368398 , 0.08488205339694793 , 0.29017761206621223, 236.88660775068828 , 0.34905524629029894 , 84.31223690230527    , 74.13097627618295  , 11.003576076647818  , 1.1827420119703793
0.5557874268054424 , 0.06109980987913149 , 0.38311276331542615, 187.81753074964593 , 0.49281676407680586 , 50.61649439526501    , 61.80831327501574  , 11.220667407945587  , 1.539211103554627
0.6378135397025793 , 0.1308235210009222  , 0.23136293929649854, 214.65464253600604 , 1.134430201681806   , 89.2675663002124     , 76.97185571898501  , 11.471861808067043  , 1.4779359576832174
0.6097566471547331 , 0.1447688025964471  , 0.2454745502488198 , 161.23813852600233 , 0.7519324687489459  , 46.44450207194845    , 65.97504152808362  , 11.12201285527915   , 1.5554271024341408
0.6495868221066675 , 0.05723164752579386 , 0.29318153036753863, 205.90334028481269 , 1.0102198535354066  , 47.0831132866512     , 63.45060275206841  , 11.124129507620772  , 1.683638711546853
0.520142363090342  , 0.14551152072917012 , 0.3343461161804879 ,  53.240079467893445, 0.866904225819182   , 11.495691696051061   , 27.718530176082012 ,  7.811441129705763  , 1.334081499775254
0.6034376577862254 , 0.10225765993367451 , 0.2943046822801001 , 213.67608495590704 , 0.1793786001056265  , 77.0549994386131     , 68.41966224091114  , 10.834481657955662  , 1.6524104491850196
0.5303861827218485 , 0.07995656779538739 , 0.38965724948276415,  58.0277718170733  , 0.8963084673300411  , 23.708679596838      , 31.95870356553177  ,  4.450279000557096  , 1.4469519820523036
0.5459751240607817 , 0.05768620752761636 , 0.3963386684116019 , 227.9826752725725  , 0.36636371379299304 , 86.36279897974225    , 77.20393053753787  , 11.461677077949105  , 1.2108197961431246
0.575501092643674  , 0.10006242680704178 , 0.3244364805492842 , 248.39254944772867 , 0.7849740240439123  , 87.43912515171803    , 71.91057305078733  , 11.30242302099686   , 1.19006014412376
0.6247354228372678 , 0.12945155444907486 , 0.24581302271365735, 108.81349243535556 , 0.4421062696894368  , 90.55777073991837    , 65.75602058677266  , 10.260589009679515  , 1.42769426253983
0.6468166938398591 , 0.12070864772666981 , 0.23247465843347112,  92.06371125715873 , 1.197323102754358   , 49.94212695389664    , 61.090166161298576 , 11.355673495027757  , 1.7427772452751815
0.6036546827729037 , 0.05502260114639738 , 0.3413227160806989 , 203.07267277160815 , 0.35308420142129443 , 65.00100333922985    , 68.01949075631913  , 10.983868488442385  , 1.744930856982658
0.5335533564334668 , 0.05729018353679036 , 0.4091564600297428 , 100.60526818405064 , 0.3710000413904101  , 74.73752448591969    , 52.87893018348276  ,  5.6423102159519685 , 1.629620913824686
0.5342714004554141 , 0.09028732826326372 , 0.3754412712813222 , 223.1124766344407  , 1.120273093896758   , 12.577403390444697   , 41.997449520824155 ,  9.201435602941428  , 1.14487427077252
0.5975164603177783 , 0.07952904940479433 , 0.3229544902774274 ,  70.56851843149533 , 0.07834106533177107 , 57.69189071975973    , 41.505599621004855 ,  5.881122217920234  , 0.8531252859793161
0.4977554291536605 , 0.07323843230560478 , 0.42900613854073466,  75.19103927587165 , 0.8511923360541764  ,  3.2925985251179206  , 35.76539122208179  ,  2.712874246220097  , 1.0551935117699847
0.47209482262627894, 0.07810044989087137 , 0.4498047274828497 , 245.8303110201231  , 0.8841253493462599  , 47.766344005317684   , 64.32755375931136  , 10.847560323218277  , 1.5802099449051612
0.5209244315281554 , 0.13034827432968846 , 0.3487272941421562 , 184.76777965400092 , 1.011835364021959   , 14.864897435541831   , 43.8899237017763   ,  9.01293996635706   , 1.1621171857333974
0.5074477983308163 , 0.14292280536318538 , 0.3496293963059983 , 219.37744488579057 , 1.1706052072342465  , 17.56060089236013    , 44.506381896260095 ,  8.92187917026754   , 1.1920739294934704
0.509261624091198  , 0.09051026945275664 , 0.40022810645604534, 114.8658754703036  , 1.1719422070301502  , 35.04456640248975    , 58.56311234713949  , 10.868913634390807  , 1.5412448486164465
0.496721550209982  , 0.14061110021324968 , 0.3626673495767683 , 185.29674990412087 , 0.1250682712014335  , 41.51396800478429    , 45.21524467901458  ,  8.02475967268632   , 1.017469651921993
0.4584186379272724 , 0.0821495701247882  , 0.4594317919479395 , 168.84836546171942 , 0.9951152211658378  , 59.824552755089975   , 68.0167089966661   , 11.51169493356995   , 1.7794152500312264
0.4535747869466828 , 0.09764369863437916 , 0.448781514418938  , 170.6300240245894  , 0.7932564237059885  ,  7.145128170097504   , 43.86424490843704  ,  8.111543585484997  , 1.1968455373126314
0.6475444779472064 , 0.07260289978159998 , 0.2798526222711937 , 186.5064919075443  , 0.7944434545290548  , 48.35440907879469    , 62.69277775942237  , 10.98872070973507   , 1.7293247310412252
0.5355546267471725 , 0.11404760421758439 , 0.3503977690352431 , 165.07183462581972 , 0.197602415606899   , 17.532012504297708   , 36.26514520744303  ,  4.43637591507228   , 1.0329136619874804
0.5268653294319363 , 0.1478981115174809  , 0.3252365590505828 , 135.8124738605332  , 0.7977152414125013  , 55.10161680304722    , 67.80766289300963  , 11.634330083888061  , 1.6958088865055068
0.585929456538614  , 0.11034930960433786 , 0.3037212338570482 , 105.18453887610937 , 1.179854967691435   , 61.19084277707361    , 61.00117763000973  , 11.883289587060435  , 1.7808754962227826
0.49365077757301284, 0.08578140841135488 , 0.4205678140156323 , 203.7162661826404  , 1.0985913549703639  , 53.444088629073974   , 63.43240724463217  , 10.838909359942322  , 1.7073760475931636
0.639992236790045  , 0.11478174459905284 , 0.24522601861090215,  95.25448600063724 , 0.5550002599255781  , 70.87636900591754    , 61.42737799288021  , 11.379590488722624  , 1.5450931726298498
0.6072690028831105 , 0.06229206784653876 , 0.3304389292703508 , 188.47086123088283 , 0.09594016927900849 , 32.21848744712653    , 35.1129830672727   ,  7.534539428751815  , 0.8054950412085151
0.46788220046245194, 0.13886590802653986 , 0.39325189151100826,  96.66656452986533 , 0.4666375135002355  , 73.45023279678057    , 43.12280588732629  , 10.411864128069105  , 1.5999563782101616
0.5335161551569857 , 0.10030839507798364 , 0.3661754497650307 , 175.0660339908908  , 1.0003488583406384  , 41.54563984398659    , 62.416142973361254 , 11.346195594872494  , 1.6067073630625652
0.625823661512433  , 0.09493497420396421 , 0.2792413642836028 , 199.41565342580577 , 0.8567239666849409  , 46.48171183896929    , 61.57959589142969  , 10.983970323366066  , 1.6394898754979477
0.6389464044582821 , 0.10858647884535191 , 0.252467116696366  ,  93.74277778130784 , 0.5782452039330499  , 62.217804217062856   , 60.72684303813418  , 10.147728383134996  , 1.5624645426182482
0.5434803022499739 , 0.11247838627894025 , 0.34404131147108585,  61.98866017226166 , 0.11336676543265575 ,  1.7624048639255     ,  7.527604146775173 ,  1.9566868945873568 , 0.04035674807142071
0.5726822778421415 , 0.057177580622651304, 0.37014014153520713,  76.19474859883482 , 0.540928936996798   , 62.78344525634384    , 45.53158988284383  ,  4.652405607052702  , 1.556294012086485
0.48340678921841507, 0.11826172212234023 , 0.3983314886592447 , 171.1993934542051  , 0.589378680675566   , 59.38417431092307    , 66.00276981377087  , 11.042511232667797  , 1.5115693707721052
0.6482337252273953 , 0.07419316803155296 , 0.27757310674105173, 219.88928124514712 , 1.1178388628282563  , 29.745323208314872   , 53.25767079613918  ,  9.906336295689291  , 1.3369534041048217
0.4963343402766887 , 0.12139526325065898 , 0.3822703964726524 ,  58.99936424708487 , 0.7872490191194833  ,  8.23625135035099    , 30.98691454141784  ,  7.434899101974933  , 1.137967583014446
0.6385463548270252 , 0.13225347943841967 , 0.22920016573455518, 196.83025180832925 , 0.4084008541528462  ,  8.72980319165195    , 32.07234612607794  ,  5.88587191474006   , 0.7815950869297211
0.5799293297984737 , 0.130395850755252   , 0.2896748194462743 , 118.26372919001042 , 0.6541160041183296  , 88.62947971058195    , 66.78399475243725  , 11.42289897597427   , 1.4264188009402314
0.5715473589757718 , 0.10525009674078892 , 0.3232025442834393 , 145.7056739839045  , 0.12596360399548406 , 66.17081483768037    , 47.48784494422855  ,  7.706813497022725  , 0.7990378716705906
0.5525377022033018 , 0.1020169892310751  , 0.3454453085656231 , 235.77190996911312 , 1.1684534709971972  , 12.201850921991078   , 44.34520680164787  ,  8.917056897326164  , 1.167720872913373
0.4961339623435518 , 0.06428759613394117 , 0.439578441522507  , 116.3943009471691  , 0.46406888722033485 , 34.24542425365501    , 55.746460703533394 ,  7.568586600748546  , 1.4658912187295707
0.48530560640110165, 0.12753461504031355 , 0.3871597785585848 , 143.0673867878972  , 0.5995474581501062  , 56.87836741455325    , 64.88147964921792  , 11.24480042472762   , 1.537438781298579
0.4940972418140351 , 0.07714093804467144 , 0.42876182014129355,  52.73648295213622 , 0.45857657037246097 , 80.21488368870227    , 26.012860709610546 ,  3.983928169274801  , 1.5758159820377977
0.4872876524288509 , 0.09966954228179464 , 0.4130428052893544 ,  66.31974400096767 , 0.8348884896336302  ,  4.191449156448819   , 31.30420368521845  ,  5.518889640369067  , 1.1539425929748452
0.6059168947133506 , 0.07842740929275167 , 0.3156556959938977 , 101.7183182269568  , 0.811566982079032   , 22.71678062112085    , 58.87936714174844  ,  8.03627688466176   , 1.4528005904907464
0.520025051833346  , 0.06338283629996931 , 0.41659211186668466,  55.57044816421488 , 0.872620657108506   , 85.41590306835649    , 28.96038142577914  ,  3.814543270486204  , 1.7048760877255276
0.4615685353126793 , 0.11295576968917366 , 0.4254756949981471 , 176.2750652096502  , 0.3583647140537089  ,  0.8798928176463825  , 10.002923077478432 ,  2.2048848732210398 , 0.10783648028033027
0.6438205260281623 , 0.05543320348229039 , 0.3007462704895473 , 135.2796713603245  , 0.4130187533386758  , 19.33431386821319    , 53.33905566744747  ,  7.705155117767897  , 1.432782586898947
0.6267571769926852 , 0.12486452341262    , 0.24837829959469482, 159.62904054560443 , 0.19403891576063914 , 92.06632089340474    , 59.86064541100945  ,  8.48243288846488   , 0.8283728257128778
0.6355504566390426 , 0.08175867952611167 , 0.2826908638348457 ,  84.9294371792659  , 0.8038364676230295  , 58.88657726612843    , 54.01012430939401  ,  6.907161973093336  , 1.7606427280215793
0.6489815645292871 , 0.05001346930044853 , 0.30100496617026434, 109.18640588732322 , 0.09576669643600043 , 25.12045119720062    , 32.873178847981514 ,  4.9554052257568895 , 0.6820037926580071
0.48477904984389747, 0.10111291392372299 , 0.41410803623237946, 182.76489497054501 , 0.7373346858519779  ,  6.43114506200137    , 33.302910015261034 ,  6.71504809047035   , 0.8664172046717517
0.5292484037805317 , 0.054685190852760315, 0.41606640536670797, 243.06054472607997 , 1.0501502675793788  ,  2.706368682933327   , 32.38860848042392  ,  2.511558009594009  , 0.878551436890349
0.6016476951408183 , 0.07761695578208995 , 0.3207353490770918 ,  60.08335472044184 , 1.0744569705330784  , 23.495527645145017   , 34.812960221001006 ,  4.808009549196054  , 1.467244103340425
0.5892041236107585 , 0.12069764874557161 , 0.29009822764366994, 228.07686417105322 , 0.5663934244254559  , 84.6226386805354     , 72.704274021065    , 11.708700778874947  , 1.1782591011324504
0.48077918126797103, 0.05626896216218659 , 0.4629518565698424 , 165.3762402622417  , 0.5781992414450349  , 39.92771081256091    , 64.56112142152632  ,  9.429713601613841  , 1.5276408710417282
0.6131666249981236 , 0.13393384923560023 , 0.25289952576627617, 162.78391335112474 , 0.13851456045921995 , 69.15200343993533    , 55.67715678724312  ,  7.970042865010897  , 0.9860959868660862
0.49488811436733215, 0.050381992265858315, 0.4547298933668095 , 150.05570704155207 , 0.8213797792594911  , 88.15536339647595    , 67.90256866174802  ,  7.456675328672738  , 1.6781997642167765
0.49476352296452464, 0.07468238692019022 , 0.4305540901152851 ,  63.87881718083668 , 0.9944483334287723  , 39.17188431387039    , 32.193837293070025 ,  4.968250919412909  , 1.7503262857458006
0.5573948845786827 , 0.12409040561520714 , 0.3185147098061102 ,  67.97537034723213 , 0.33135331279541996 , 18.362627619590118   , 36.72421795684808  ,  8.136549574720531  , 1.3677930662744653
0.5685879869683407 , 0.08162701497293068 , 0.34978499805872865, 170.18240113181722 , 0.5344960138783693  , 49.643321362264274   , 66.30052079870701  , 11.44041385536813   , 1.4740119236940417
0.5660172415675623 , 0.060189238806601354, 0.37379351962583635, 118.19171428711167 , 1.0146652372800609  , 87.17603395774603    , 68.33856289972476  ,  7.407448164851141  , 1.6329212510260795
0.468297367479551  , 0.0860233918800428  , 0.4456792406404062 , 233.45361331553613 , 1.058688537811631   , 77.21994375721926    , 68.45916295179421  , 11.656690456490027  , 1.7606459944755024
0.625492172526076  , 0.07703932863845256 , 0.29746849883547144, 131.31810747189445 , 0.3296569773038598  ,  6.319664962862763   , 32.308764793014184 ,  5.698429243358292  , 0.7302817957139125
0.5031200085177412 , 0.1342711902160555  , 0.3626088012662033 ,  78.65629174052822 , 0.6831562297225688  , 66.48698880744786    , 36.86778589047207  , 10.860633644718023  , 1.5442814017156363
0.47590298425656086, 0.08133479175851431 , 0.4427622239849248 , 192.9437667004072  , 0.2713671232312011  , 54.90216215605956    , 57.672176068034936 ,  9.702884822070239  , 1.4376563387854784
0.6277496159737954 , 0.1288932471776007  , 0.24335713684860388, 108.67068428820197 , 0.16716057876049    , 87.11646492925685    , 61.36189196322251  ,  8.496872190288345  , 0.8074252254932166
0.6411302996459507 , 0.13918721448107346 , 0.21968248587297584, 155.09406147117863 , 1.0977885766007511  , 11.758216017628534   , 49.22123215447843  ,  9.309039507657511  , 1.3442958930148952
0.6224255234530902 , 0.09338174195765295 , 0.28419273458925687, 189.566557101034   , 0.9935836298669255  , 51.26746686764703    , 63.98311015500906  , 11.046136874197577  , 1.6836506484897993
0.6119032149449757 , 0.1409943143854392  , 0.24710247066958513, 230.0528222404141  , 0.92404013707365    , 84.42841857714166    , 72.91243270281615  , 11.594611618548475  , 1.4552821115353403
0.5810483961278043 , 0.08773180539631928 , 0.33121979847587635, 208.4382389603352  , 0.10608126663511147 , 39.362283527207325   , 44.85920117523955  ,  8.181999459045098  , 0.9739242891360551
0.5601714741218279 , 0.14640784164901083 , 0.2934206842291613 , 185.27221357454482 , 1.0202881116167961  , 46.27151210235524    , 61.19971549599654  , 11.39793276560776   , 1.6397972270513452
0.46739735198228205, 0.0589289524525573  , 0.47367369556516065, 185.92663647902873 , 0.5537506872911913  ,  6.764225056027996   , 32.93869134943478  ,  6.8834405437952215 , 0.8323300635307493
0.5316906426141398 , 0.11870192665032427 , 0.34960743073553596, 239.1849288064173  , 0.44375439179023857 , 26.70178948309544    , 49.87128143645756  ,  8.441195908095445  , 1.2960260291339594
0.5245377034024628 , 0.09938140404569287 , 0.3760808925518444 , 109.16481949930721 , 0.678447815179183   , 31.152638320218944   , 55.75235489286201  , 10.221895882529575  , 1.4233870959845316
0.5019507567520652 , 0.08876488054556471 , 0.40928436270237006,  50.222418839237484, 0.1550562291320892  , 90.73175507950914    , 23.843703334131227 ,  4.49891683525244   , 0.8171738062822645
0.594684022737717  , 0.11327118787486008 , 0.2920447893874229 , 104.39091187963973 , 0.9201435317552586  , 27.136066611951268   , 58.61600247094661  , 10.330148962583445  , 1.4216383333461242
0.5491751470157542 , 0.12038570916343312 , 0.3304391438208127 ,  93.5782759253488  , 0.7198003384215402  , 44.243398585886595   , 51.857336961479945 , 11.01586346362416   , 1.5515402443300157
0.4662092431815296 , 0.05043632696503091 , 0.4833544298534394 , 182.36691702279964 , 0.2645786114041426  , 64.44522466217086    , 68.00209817535287  ,  9.50358806150409   , 1.3191267624681462
0.4940366403899623 , 0.06669530887471987 , 0.4392680507353178 , 176.7423199531058  , 0.2664670297344024  , 15.56960375115623    , 34.2810958572529   ,  6.469689415993322  , 0.6979833696975561
0.5866517527319192 , 0.12130460506343187 , 0.29204364220464896, 168.69227654094476 , 0.26188594930857534 , 46.698469165619954   , 59.51468298711987  ,  9.014966320475663  , 1.342996050944882
0.46522617189806004, 0.11663854135782065 , 0.4181352867441193 ,  53.24868864189074 , 0.11555274568472408 , 70.89974778968713    , 22.730044976120436 ,  6.3842423865117865 , 0.8540106661226111
0.6202413828097537 , 0.1466047505128677  , 0.23315386667737859, 195.7556108901295  , 0.7259682167774375  , 83.21810045059834    , 68.86131726934407  , 11.381207648198322  , 1.5661456063497285
0.5490293054027948 , 0.1261037790250783  , 0.3248669155721269 , 114.70608249709831 , 1.0164004042267842  , 60.12089036759296    , 62.93833456583895  , 12.060882092940714  , 1.7501843080793138
0.5461173154653296 , 0.14507727077313382 , 0.3088054137615366 , 183.01119780132623 , 0.07012294608549689 , 64.22913747042699    , 54.7414583625007   ,  9.402212161357177  , 1.3201289546703519
0.5684815569319035 , 0.12025405015348069 , 0.31126439291461583, 161.31568570043066 , 0.10635534171696458 , 12.12321336811862    , 23.4755227508439   ,  4.51665054489157   , 0.37231046608444357
0.6149361931850299 , 0.07980522086394432 , 0.3052585859510258 , 118.54618508558144 , 0.7086858181899877  , 90.79454373564933    , 68.63022091653689  ,  9.596664725837407  , 1.4070805381345182
0.5195618415804386 , 0.06053649222508565 , 0.4199016661944757 ,  76.91525342082156 , 0.9924200381939602  , 12.727111438510306   , 40.66452986731258  ,  4.894643228947312  , 1.3635581369580008
0.5856032305118127 , 0.12818238633449355 , 0.28621438315369374,  68.88377953209618 , 0.4257497241539286  , 74.36860196945264    , 39.49376263816266  ,  9.202933712255913  , 1.654595833205169
0.5631463927991582 , 0.1144149221475916  , 0.3224386850532502 , 216.30366662244472 , 0.45205655862888044 , 25.422366890718607   , 50.119501962132816 ,  8.257729926732303  , 1.3454259234649517
0.5034056540338843 , 0.05481860123932963 , 0.4417757447267861 , 233.6795084163116  , 0.7357984721212923  , 89.62494179532015    , 74.38554197970741  , 11.076577296248395  , 1.191965190162841
0.6257259972710316 , 0.08600504659009783 , 0.28826895613887055, 179.95760935285992 , 0.365344822492769   , 69.11611577947004    , 67.23668565303119  , 10.62568435673556   , 1.7267543479321987
0.6094852043213856 , 0.1456799815484286  , 0.24483481413018576,  70.68682297209668 , 0.08059962098933675 , 72.36611644592342    , 42.623914868681304 ,  7.931188479310996  , 0.8325495257854548
0.5816903669316851 , 0.10004011457102012 , 0.3182695184972948 , 130.40544337764814 , 0.8955127958168354  , 21.0296806137488     , 57.11081141307354  , 10.67183835289538   , 1.48889387153959
0.6201163458188483 , 0.09327291360197046 , 0.28661074057918123, 195.78784002103146 , 0.7694973998826711  , 42.531837756975435   , 62.68980491807481  , 10.91287883760352   , 1.487427368416057
0.6234588401919605 , 0.0957699605159294  , 0.2807711992921101 , 205.9641768020136  , 0.7178693989140079  , 59.310066680571495   , 59.507061137368765 , 10.617809991499543  , 1.5063712714461137
0.591672595343007  , 0.07088827240051637 , 0.33743913225647665,  73.64372445821772 , 0.9029367483405966  , 73.91746734783369    , 44.99390537942353  ,  5.201197422185266  , 1.7891846951511454
0.6174026656727345 , 0.08687071708647952 , 0.29572661724078597,  50.00614376907648 , 0.8265154631963431  ,  9.980100087589399   , 29.763537995453543 ,  4.519152803863175  , 1.266715649441267
0.5894942923338568 , 0.08698132559871766 , 0.3235243820674256 , 192.427409176121   , 0.2867642864050693  , 92.38707037963472    , 73.3172757284042   , 11.130485188110503  , 0.7186101128691795
0.5860281543520601 , 0.055235502018747246, 0.3587363436291926 , 121.31923519724113 , 0.4553532039848538  , 85.46118437323737    , 68.70558806872094  ,  7.080893233494489  , 1.4561337763846027
0.5737222756430369 , 0.12675676285179183 , 0.29952096150517127, 100.89626632365204 , 0.19502666293041876 , 25.953464687576098   , 45.3777672997778   ,  5.219819799513908  , 1.3066757689721307
0.6005433279115282 , 0.0916504431903879  , 0.3078062288980839 ,  52.579493957905086, 0.1993355654305632  , 78.98498333110388    , 33.05595995719551  ,  5.00360788491723   , 0.9141425007635128
0.48172102105861475, 0.1322179886816423  , 0.386060990259743  , 158.05988135229995 , 0.8276251083100201  , 49.759096611823054   , 67.84509748616406  , 11.536185905398405  , 1.7379656812295694
0.6261741518397856 , 0.13503480011198954 , 0.23879104804822482, 220.23014708519634 , 1.0373901230298728  , 44.33342222995379    , 64.29061681719989  , 10.84712374735776   , 1.602134062580793
0.6243687055490464 , 0.0711994054698658  , 0.30443188898108775, 241.52632925451758 , 1.1571424714403098  , 30.18567415789492    , 53.34336034033404  ,  9.744220414413261  , 1.4053089472740155
0.45584945660691184, 0.11573534821701285 , 0.42841519517607535, 163.14899012265784 , 0.772599185181861   , 55.77298431663287    , 64.63017333131114  , 11.365625059071162  , 1.5085112740790252
0.6151633501129525 , 0.09722818041629816 , 0.2876084694707493 , 152.89226554797884 , 0.2617165218651005  , 70.06935529954538    , 63.041025645146334 ,  9.548014323916401  , 0.6184073756061697
0.47577397349468903, 0.13801567379214852 , 0.3862103527131624 ,  67.01127709784822 , 0.1714978972662703  , 39.44955887642479    , 33.34882594994875  ,  7.492323940807781  , 1.1113941362542579
0.5170237708518284 , 0.07157406791764541 , 0.4114021612305262 , 159.77456030851994 , 0.9847786172672714  , 60.405042528796045   , 68.28727078870794  , 11.348560233185172  , 1.8116397404290676
0.5987016512583215 , 0.11778132003100442 , 0.2835170287106741 , 125.99581579307892 , 0.7155699478139992  , 67.13404043090915    , 66.36005746910934  , 11.622642573377092  , 1.5771049108466397
0.48215197920966163, 0.11077521222527226 , 0.40707280856506617, 171.42705617671538 , 0.7610277741657778  , 68.26769443346744    , 67.12236570358053  , 11.529315378683563  , 1.5673696659323577
0.6135934048238125 , 0.07953014775718328 , 0.3068764474190042 , 127.74526957530934 , 0.9486814020679156  ,  4.988745420593304   , 37.7169860051201   ,  5.380572571543427  , 1.1450605279161168
0.6164268355915484 , 0.06366009036511726 , 0.3199130740433343 ,  98.05982469007336 , 0.8587688118923194  , 82.53578934576643    , 60.6038727827238   ,  6.73476802407157   , 1.77260550337828
0.5514935467521672 , 0.11516397604772766 , 0.3333424772001051 ,  68.9930550456753  , 1.009626990784511   , 43.992318217444605   , 35.8159972415414   ,  7.718610134482252  , 1.6959847154201175
0.4512771743433667 , 0.12385974581323307 , 0.42486307984340016, 112.98368891777915 , 0.11464599127886024 , 25.191943842836586   , 31.591499957045155 ,  5.153015301148179  , 0.682148743584286
0.5074076266349825 , 0.081562734376335   , 0.4110296389886825 ,  69.32896685755045 , 0.9096487322584805  , 23.209392718049433   , 36.19730962941075  ,  5.741737496268773  , 1.5225938517731317
0.5733853836751485 , 0.11448326040223138 , 0.31213135592262015,  85.37939016479679 , 1.0284806709204097  , 46.369354833019244   , 48.386726245633874 , 10.26852642864833   , 1.7256158519280294
0.6462372356054847 , 0.08951309076115033 , 0.26424967363336493, 247.46723171590918 , 0.37905529882706146 , 85.13582778902008    , 77.34206059627158  , 10.733612535226873  , 1.206848445402879
0.5763627054033337 , 0.12132068832826177 , 0.30231660626840456, 138.82071138132372 , 0.7865143650922408  , 36.321367841534105   , 62.87278484948154  , 11.588873159223112  , 1.4582122844971708
0.501960716212832  , 0.0699215274894053  , 0.4281177562977627 , 156.3743533010033  , 0.4112863734125179  , 71.97367169122016    , 69.05831837340628  , 10.442859836612598  , 1.595946234731877
0.5768011406199223 , 0.13902150026361743 , 0.2841773591164603 , 224.72370574744306 , 1.1516667264548222  ,  9.294598174772986   , 41.00000856413688  ,  8.050395660460756  , 1.1307316790261879
0.5579970759431712 , 0.07874095964655797 , 0.36326196441027087, 249.11378009813757 , 0.08843710830082932 , 45.70144340650193    , 42.47681868444375  ,  8.232079174884827  , 1.0943456127844398
0.6059690790302288 , 0.08677859877561529 , 0.30725232219415594, 166.5428898689363  , 0.7167617704078982  , 95.20186947770262    , 70.01876688159717  , 11.250911683110342  , 1.423839822062211
0.4713961277653917 , 0.055809195208034984, 0.4727946770265733 , 212.49476420883434 , 0.24147907910694233 , 73.96202906806435    , 68.01489911948981  , 10.972259194445384  , 1.3042872767165548
0.6022055805004056 , 0.06115122123212764 , 0.33664319826746675, 115.38820486733505 , 0.8690532359537324  , 20.21073489029885    , 56.31683535519652  ,  7.012159935449883  , 1.4626896151106736
0.5582533157352221 , 0.1015861902712328  , 0.3401604939935451 , 111.14879148945822 , 0.25227382593146136 , 48.13838147499943    , 58.01956925651918  ,  8.982428038938412  , 1.2885540787442267
0.642598400771799  , 0.07675926767279714 , 0.28064233155540386, 130.54074419891202 , 0.3206907511831112  , 22.42797731026239    , 53.21985655236228  ,  7.80238879446346   , 1.428975661066362
0.5183744332077372 , 0.13354802257421944 , 0.3480775442180433 , 184.50145253472982 , 0.6185264327026218  , 39.317849017200885   , 59.94911717156001  , 10.565578816674075  , 1.4763048541716624
0.5765243786267896 , 0.05146933886549539 , 0.372006282507715  , 186.43833785101975 , 1.1020601924964097  , 74.88806627855662    , 70.43792467928704  , 10.29973987312139   , 1.7041359946661658
0.6364056211020035 , 0.08790940486719362 , 0.2756849740308029 , 113.04788692989015 , 0.29347152797016646 , 74.03758226787875    , 63.10816204826542  ,  9.754899792265798  , 0.5603007541571201
0.47050194559813585, 0.08373455467690927 , 0.4457634997249549 ,  76.64198482732573 , 0.21587602428581903 , 21.897636278628973   , 36.80507542802949  ,  5.363161145606468  , 1.250865651574145
0.6374456974472902 , 0.051932763091760106, 0.3106215394609497 , 176.4792512931017  , 0.9228233566321352  , 88.53343854286658    , 74.25366443604686  ,  9.585473748474891  , 1.4342070443680717
0.5875771444601627 , 0.06243683990005103 , 0.34998601563978626,  75.6651724377529  , 0.6257124621840207  , 56.886545545423374   , 42.16753364579212  ,  4.5613814296460164 , 1.5538227415567099
0.4635674118210344 , 0.09136426749186352 , 0.445068320687102  , 165.69850164586603 , 1.098552879239037   , 36.4727319323534     , 65.95365992676479  , 11.779748771654388  , 1.7290035559038623
0.5101927133893632 , 0.09928645844474465 , 0.3905208281658921 , 188.6844256112618  , 0.21860674073381864 , 48.18581575496262    , 51.893021731194814 ,  8.999747256158958  , 1.4114211793457192
0.5916344177290563 , 0.09042897472548692 , 0.3179366075454567 , 190.12229927889032 , 0.7928170769764952  , 58.08684033002339    , 63.85660365829053  , 11.030081378175003  , 1.7330724224488807
0.46347012029375434, 0.10309376784120938 , 0.4334361118650363 , 200.69442213191934 , 0.3178110180745873  , 53.7494910571954     , 60.2433076073662   ,  9.710070111283589  , 1.6176437835927715
0.5664340920352546 , 0.10951316749056815 , 0.3240527404741772 , 224.5718843131329  , 0.23027449294938518 , 46.69488341147311    , 56.90180686098031  ,  9.427540746096993  , 1.366898940462206
0.5191766113905913 , 0.05099238211278356 , 0.4298310064966251 , 149.9917983929577  , 0.835943827430861   , 48.47354919258241    , 68.45190940317372  ,  7.86111756281486   , 1.737510896298411
0.5741831035534954 , 0.09640951594535038 , 0.32940738050115415, 196.04983790591425 , 0.7327373128950432  , 16.935543401077073   , 41.720943152098926 ,  8.84444339038951   , 1.0912863772690622
0.45914840676250257, 0.14634992408875883 , 0.39450166914873863, 173.83454707316736 , 0.9180515771166808  , 78.02235881324921    , 70.46291521475108  , 11.65243164191936   , 1.7942032066259972
0.6243073612304753 , 0.10190322801295487 , 0.2737894107565699 ,  87.32798795953651 , 0.4058819629131097  , 52.00899071433747    , 54.001783092916405 ,  8.913425101409342  , 1.7098250999405487
0.6446977938354794 , 0.11775422674589532 , 0.23754797941862527,  55.137928973881635, 0.5651674048395184  , 12.583666723651497   , 37.61603973603603  ,  6.355076971336432  , 1.2078779232950476
0.6437755710571383 , 0.08118638579168833 , 0.2750380431511733 , 106.90827713538675 , 0.5162924277799812  , 73.55108175194668    , 66.56862883908207  ,  9.011280127934086  , 1.5384765600690526
0.599930366348585  , 0.12739913781527623 , 0.2726704958361388 , 138.6067412675239  , 1.1817028835614913  , 89.51462192422568    , 67.53778245346369  , 11.635800178756226  , 1.6248167005239593
0.4760172480261264 , 0.1272921481876115  , 0.3966906037862621 , 173.42118888573125 , 0.38608630025029606 , 90.94146232674836    , 68.34358252947685  , 10.333582177005159  , 1.4096558578406282
0.6016526391858046 , 0.10212960476541388 , 0.29621775604878153, 219.99186610064106 , 0.38903982409878185 , 35.425702311472584   , 49.543785636311554 ,  8.030783475166855  , 1.3846019099381597
0.4549173832917603 , 0.14760138232792136 , 0.3974812343803183 ,  89.24914334123312 , 0.45773044015289843 , 13.009619861832387   , 39.60232514514978  ,  7.57121173437563   , 1.11489084309297
0.45442471030579945, 0.06255502147626534 , 0.4830202682179352 ,  75.10995797969542 , 0.6992831934838697  , 49.76636415677426    , 33.56359636497805  ,  4.750110640074016  , 1.5581060105895563
0.5147220438299083 , 0.0516947664889581  , 0.43358318968113363, 242.6959894948655  , 0.340171155903307   , 10.810486017525186   , 37.46830464530943  ,  6.80389176976878   , 0.8303300411059741
0.5477286380809332 , 0.1270158211757096  , 0.3252555407433572 ,  71.60891187528142 , 1.1025834314361649  , 89.66279217721126    , 40.80479951409999  ,  9.492427372703201  , 1.6396965330543354
0.6040814835615587 , 0.13071555373648824 , 0.2652029627019531 , 145.69821402143782 , 0.355538399596203   , 17.623644226094015   , 42.033779482291905 ,  7.0493637155268685 , 1.0540461060861397
0.586659075321301  , 0.062020722912057624, 0.35132020176664136, 167.11274575866037 , 1.0801880912942239  , 24.26552255531175    , 57.381311563262145 , 10.50791113020438   , 1.4901214971170538
0.5391805412753496 , 0.0765582832958606  , 0.38426117542878974, 158.27488418148766 , 0.16899632319357233 , 39.03710658095716    , 54.1599687906582   ,  7.790888392814877  , 1.0669338319680963
0.5047253332563332 , 0.051755236336662895, 0.4435194304070039 ,  67.20643140658865 , 0.8050471077596001  , 36.783788981676075   , 34.14605450609521  ,  3.678509642722141  , 1.7376009512709087
0.6494249000315422 , 0.07933086107805647 , 0.27124423889040133,  61.40538280072387 , 1.0930333462039803  , 76.28763767019734    , 41.42247013265555  ,  4.85105165546577   , 1.76690949583608
0.5352362604471946 , 0.12731418739186715 , 0.3374495521609382 ,  71.09668549220714 , 0.24406185415796394 , 43.80641477289238    , 37.96184181809616  ,  8.585634210053845  , 1.387895863153114
0.5402774048659351 , 0.10179605277125789 , 0.35792654236280697, 167.1175367745225  , 1.1635760041141432  , 16.39375296032034    , 50.225755067853456 ,  9.658556600301507  , 1.3344101307844172
0.4827247642383338 , 0.0848095593168288  , 0.4324656764448373 , 158.86897752686423 , 0.5708158644778385  , 25.652149966663114   , 57.46453261633918  , 10.519028499642907  , 1.3681887685875014
0.6089619097499859 , 0.08717392949063303 , 0.3038641607593811 ,  96.74815840734885 , 1.1375723747071782  , 48.874884978002115   , 59.027441608971706 ,  8.839605134212668  , 1.7500079478238149
0.5887364451562977 , 0.05013536257154682 , 0.3611281922721554 , 177.5548283691183  , 0.828343050174554   , 14.15557607290895    , 43.45497640925849  ,  8.69464371212494   , 1.1598739905643163
0.4941539225577521 , 0.07998005275652359 , 0.4258660246857244 , 214.01350041112988 , 0.39682490035458423 , 58.71894486201735    , 62.91734727257641  ,  9.719353479178293  , 1.625513046753125
0.46647620912316856, 0.11464587416379304 , 0.4188779167130384 ,  58.31579196931875 , 0.26654790365467235 , 54.31174142891001    , 26.428914490655256 ,  7.0764304571242835 , 1.2971016254726944
0.5860998604149427 , 0.1474194443816357  , 0.26648069520342166, 149.62598870960846 , 0.39929530315886425 , 68.61142237269674    , 66.92781933131354  , 10.202456747190737  , 1.5691594782600549
0.580902242856227  , 0.13470608269838996 , 0.284391674445383  , 187.86208242053806 , 0.15697002065207621 , 90.0196430764193     , 75.3324792666193   , 11.286713321453355  , 0.7798458598455098
0.5046519053996419 , 0.052359496464552915, 0.4429885981358052 , 100.46238541393743 , 0.21544816129482924 , 87.57643786571094    , 52.29280526813171  ,  5.261505877503984  , 0.744875139638925
0.6401727124500821 , 0.13985606046748394 , 0.21997122708243394, 111.55418105862982 , 0.17035950639845332 , 90.82325933460781    , 56.64874068687997  ,  8.86326073066097   , 0.7979283052558543
0.48021157835618006, 0.12831984132986257 , 0.3914685803139574 , 172.72758059787677 , 0.5363850753027913  , 23.49269731427529    , 57.23199500190691  , 10.058807823765143  , 1.4187317451766086
0.5364669602085204 , 0.12803761235709804 , 0.3354954274343816 , 229.5870586887474  , 0.9649151326962244  , 12.630269437378043   , 43.520389617564184 ,  9.042550616443192  , 1.1630387796671169
0.6387231840335198 , 0.09579957590035715 , 0.26547724006612305, 211.98488406057987 , 0.21259108734879123 , 29.018563247659056   , 38.001911442968805 ,  7.548991535921373  , 0.9678892484927945
0.5339454633852245 , 0.08980052929545028 , 0.3762540073193252 , 166.6260438199167  , 0.19986849814818625 , 85.9281765855662     , 60.88486339733551  ,  8.62369957094703   , 0.792712841446198
0.5777051895328171 , 0.08029157288331926 , 0.34200323758386364, 196.04434355144983 , 0.7899432919449304  , 93.31713356385487    , 75.27419014611827  , 11.223813783622253  , 1.4865042859909476
0.5295188795925588 , 0.05656948589543658 , 0.4139116345120046 , 122.96449404155973 , 0.2767604292632762  , 82.4951953027657     , 64.15711930374611  ,  6.695344943013998  , 0.5447210575935199
0.504843040469734  , 0.07282353634936992 , 0.42233342318089606, 178.19310561975155 , 0.16225154382534035 , 10.561701228244186   , 24.784010115933654 ,  5.728123894224275  , 0.6182216201898426
0.6467955295919656 , 0.07466036349780246 , 0.2785441069102319 , 143.2363182255114  , 0.24187586493641428 , 90.95308781374014    , 65.16216223507405  ,  9.520338777059052  , 0.5219832064563865
0.5318668012630086 , 0.09840770697102016 , 0.36972549176597125,  87.98722729151218 , 1.1122911052582924  , 40.642370625675454   , 45.92079342604985  ,  8.639831355773794  , 1.7221203665311262
0.628819840735827  , 0.1247444406596694  , 0.24643571860450364, 190.34765477545145 , 0.9946919406926195  ,  0.8937879131859532  , 25.02538308458495  ,  1.2095055766887586 , 0.6409182119430924
0.49599092117821725, 0.09738098283979466 , 0.4066280959819881 , 161.2929274697644  , 0.45717424670835816 , 42.46979911182659    , 65.76231919102374  , 10.004620238955253  , 1.6534201772938961
0.49262094080501667, 0.055784444944716065, 0.4515946142502673 , 121.72431639071829 , 0.8041938824265017  ,  4.422640288844889   , 39.16835885516609  ,  5.381703174439519  , 1.1251790797445718
0.4562268165769023 , 0.1457789800988204  , 0.39799420332427726, 232.26783801572614 , 0.6678670247182438  , 52.212280431467285   , 62.70537341779068  , 10.903917066578977  , 1.4729166220961878
0.580333365075177  , 0.14427243190941122 , 0.27539420301541184,  54.18682356534666 , 0.8286929030049485  , 32.50118663395693    , 30.98762026184739  ,  8.140294553660642  , 1.4986155205794005
0.5237052687447522 , 0.12851895431484084 , 0.34777577694040696, 113.1546302498992  , 0.8350718253321732  , 45.44975362502868    , 56.80536211389603  , 11.26321493493599   , 1.772581747270234
0.6228716499679274 , 0.14913279015642206 , 0.2279955598756505 ,  61.37627955552931 , 0.7730441173189918  , 58.86435463133924    , 39.60600386957652  ,  9.290950641851513  , 1.5067090360914728
0.5446419813383114 , 0.10444823328002628 , 0.3509097853816623 , 203.30546324432544 , 0.35601657381790486 , 83.40490519851075    , 68.87968931897844  , 11.132020317445312  , 1.6619159386385205
0.6436386855829443 , 0.1462768350253206  , 0.21008447939173505, 190.42149082275853 , 0.09485738387724085 , 63.54255134130514    , 51.42284708660147  ,  9.432884446420905  , 1.32089912954195
0.4871051031406242 , 0.05756050406167508 , 0.45533439279770077, 116.27044374726341 , 0.5739017992886252  , 41.66869137390535    , 56.15383512657224  ,  6.866381380486453  , 1.568343156551476
0.6237246335911222 , 0.08656807482613713 , 0.28970729158274067, 185.1325804414146  , 1.0746199673943093  , 78.66507395235504    , 70.63838312260083  , 11.971949190454248  , 1.7232866673884335
0.6053193705583484 , 0.07253812680067659 , 0.322142502640975  , 129.18744523918997 , 0.7049218472963623  , 86.93588520702069    , 66.74688748431059  ,  9.316350054739498  , 1.3973826240668796
0.6041843689288104 , 0.069583308413427   , 0.3262323226577626 , 201.25075828448686 , 1.007249697957194   , 11.496956777490933   , 43.934520433133116 ,  8.976955759187637  , 1.186304022943585
0.6189566456233775 , 0.06408029488926761 , 0.3169630594873549 , 140.83673254734123 , 1.1903679944054124  , 51.06556584506798    , 65.31537054668125  ,  9.541628880519525  , 1.7553995553379782
0.6022047981885998 , 0.11224136415659966 , 0.28555383765480047, 132.45594556633313 , 0.23815863475901772 , 27.313148135274638   , 47.79837209291091  ,  7.075745233382555  , 1.1287920701115788
0.5752440643262831 , 0.1281321855747305  , 0.29662375009898645, 236.9459830976602  , 0.8455442850132796  ,  4.517874996186951   , 34.21807699949663  ,  5.180618502022726  , 0.9180667007763363
0.47624897553647755, 0.10782983994203607 , 0.4159211845214863 , 100.17581997814005 , 0.8254376097550283  , 64.1804827309426     , 49.947182005520396 , 10.858234075118608  , 1.8507849848426168
0.45650523589825037, 0.06469627095882097 , 0.4787984931429286 ,  74.08946799931309 , 1.1769487644620202  , 82.82599463608565    , 33.68432031674192  ,  4.770840845941718  , 1.8067060832456874
0.6341695695631374 , 0.1311123769933471  , 0.23471805344351548, 166.90862265189162 , 1.1834408440457203  , 15.638654829829829   , 51.72663993249417  ,  9.785896246266944  , 1.3345742675202723
0.5733300629041476 , 0.11359547071637284 , 0.3130744663794796 , 243.86436245683578 , 0.8396804034827489  , 77.99171113189445    , 70.36216925099049  , 11.686946340903098  , 1.7540850303167486
0.6093074581952354 , 0.08881657061269956 , 0.3018759711920651 , 125.56784274543733 , 0.33015701077952336 , 81.9259904195464     , 66.90193912190934  , 10.327699847364643  , 1.6126126651075723
0.5463044703025101 , 0.11741302955360629 , 0.33628250014388367,  62.407352725756304, 0.9683392138501888  , 87.77668249598241    , 33.79837576437057  ,  7.788343235005454  , 1.677078810358252
0.4734616377924789 , 0.07599049792428328 , 0.4505478642832378 , 117.86105346191349 , 0.17308350434269382 , 25.467368552261032   , 43.78898959639331  ,  5.13569109933002   , 1.2881544357527845
0.4750371584405101 , 0.08451922084942105 , 0.4404436207100689 , 151.18633086391168 , 0.947804199797373   , 86.77949425822936    , 69.24476846523334  , 11.73031817746567   , 1.6596835612396488
0.5871130574457943 , 0.14174858431319903 , 0.2711383582410066 ,  82.38460132644275 , 1.0967255427664009  , 30.783624454697495   , 49.98904214550472  , 10.598666515518282  , 1.4754171692023341
0.5360611789798926 , 0.07905045056714204 , 0.38488837045296537, 181.6204436112984  , 0.4902584039837005  , 53.024449291728274   , 62.294382925332634 , 11.100519918017419  , 1.5108670717686015
0.4901049453400674 , 0.09699882681579367 , 0.41289622784413893, 249.54987780204013 , 0.7752305892305426  ,  4.848717199899085   , 32.75198402332429  ,  5.179470255182137  , 0.7943446195701199
0.5483189093482874 , 0.13901411373960146 , 0.3126669769121111 , 140.34789519628876 , 0.5446641419113503  ,  4.212584483399386   , 35.59730581741491  ,  5.6279617364191115 , 1.0209403150105993
0.46284178741502685, 0.12077213502675274 , 0.41638607755822044, 120.94571134604253 , 0.5534298132363478  , 69.15582842229148    , 55.4830340543405   , 11.564156677733166  , 1.5722609506922554
0.5663942803828798 , 0.05622032261647028 , 0.37738539700065   , 130.14083336689333 , 0.406926522474338   , 42.67007788586794    , 64.14208347424304  ,  7.177046304398155  , 1.7338003248512268
0.5037986808870195 , 0.06473030442789704 , 0.4314710146850834 ,  73.02923567904023 , 0.9264490635178733  , 24.604068035444886   , 37.16002996137019  ,  4.620554435808154  , 1.4306593294176189
0.6095118201274377 , 0.050784159077191686, 0.33970402079537065, 226.65472028524476 , 1.1266030487914809  , 18.27969561839138    , 51.02721103237412  ,  9.987641015427155  , 1.3615756849770795
0.5120723917847148 , 0.11309217902291634 , 0.3748354291923689 , 132.9651311042704  , 1.1318634881196303  , 64.31553512248493    , 68.94356263745172  , 11.335683313108987  , 1.8261927105386397
0.5410440298163602 , 0.09476734254104183 , 0.36418862764259796, 127.45488228496826 , 0.2509984776061739  ,  0.038548226432627786,  0.0               ,  0.2332751447450382 , 0.02183095404039223
0.45232410798162015, 0.06342748509022755 , 0.4842484069281523 , 181.93805458609486 , 1.055955197105051   , 77.365552242898      , 70.3674596954655   , 11.70074654904233   , 1.75043639524564
0.4644893775589118 , 0.14579341210567703 , 0.3897172103354111 , 138.4066841862247  , 0.8980461576411904  ,  7.6079621884731665  , 43.40708606156006  ,  8.278388685434296  , 1.3355155752415988
0.528498711281337  , 0.10296597239456198 , 0.3685353163241011 , 179.6466937615692  , 0.3407630107938326  , 18.383003031179467   , 45.62011870836376  ,  7.711735310912436  , 1.2139710854426846
0.5459877669434248 , 0.07418932941128892 , 0.3798229036452863 ,  62.2892580261575  , 0.12737730485974175 , 37.0786939487126     , 36.51356080805209  ,  4.98565830910016   , 0.7931509171263188
0.5700041096238607 , 0.10006035711547076 , 0.3299355332606685 , 212.74466874444548 , 0.3581968569170346  , 46.54643901274595    , 60.01841171936109  ,  9.9831255008168    , 1.5992640341637576
0.5083325157418607 , 0.11796203327351078 , 0.37370545098462854, 238.10079057588052 , 1.0990394722987544  , 34.07953111813842    , 50.28932646858573  , 10.198534729231076  , 1.460550313096905
0.5889963772253085 , 0.05762392179735645 , 0.35337970097733507, 179.7530772318772  , 0.7781554761301381  , 30.788367838492213   , 52.59596519172216  , 10.05606778069695   , 1.2981793315369634
0.6220244794378409 , 0.0774703815047892  , 0.3005051390573699 , 240.91318577176216 , 0.8792128600325526  , 92.53593715902609    , 74.75137717093739  , 11.634486399318961  , 1.4430197049353524
0.60597019777867   , 0.13069654908839934 , 0.26333325313293066,  80.28646287399266 , 0.3457252037754602  , 61.59164939936585    , 48.549538713519176 , 10.220170292538883  , 1.5908471735657896
0.4579237650696714 , 0.09596648704026611 , 0.4461097478900624 , 145.48323789607073 , 0.8772963789110433  ,  2.249563715269268   , 40.01674753151842  ,  2.346021491928249  , 1.054452016996921
0.5461013894515658 , 0.10465771420322949 , 0.34924089634520467, 170.36134678908945 , 0.08233973221961233 , 41.29688721065406    , 42.73800055597815  ,  6.946771547839597  , 0.8166751091061154
0.470986035683635  , 0.09328160022094692 , 0.43573236409541805, 166.34732948423732 , 0.4816195476389658  , 84.00083517542114    , 67.09804422031279  , 11.483608879879778  , 1.4174382877123832
0.4984090031725055 , 0.054389994264300516, 0.447201002563194  , 130.29235581780864 , 0.770766350823681   , 28.939793895424124   , 57.8447516689256   ,  7.688831432805732  , 1.4126360713682735
0.6473325186534293 , 0.06657497798201559 , 0.28609250336455505, 117.61688187325228 , 0.21801105037251822 ,  9.07740909834127    , 32.3794739648918   ,  3.586632849018156  , 0.9300280969971917
0.47849910858030265, 0.09455416387418908 , 0.4269467275455083 ,  75.36480451008376 , 0.9964541106139749  , 72.80493807263211    , 38.15703302177517  ,  7.2660517314684885 , 1.8436242738435589
0.5497776306902712 , 0.07091854654079278 , 0.37930382276893604, 128.34849011245564 , 0.3202859936337064  , 58.1773278658638     , 62.715935370480906 ,  9.082987984167245  , 1.724487538832381
0.5736311468636238 , 0.054997902865967875, 0.3713709502704083 ,  82.53216302109703 , 0.8001232797412132  , 54.75000075134437    , 47.50335466156631  ,  4.94177845201771   , 1.7677743368413983
0.5904929941088208 , 0.13436496640518236 , 0.2751420394859968 , 196.87313529844369 , 0.5159767139616291  ,  5.143349722311161   , 32.631296412880225 ,  6.683475395899311  , 0.8170817484051847
0.5619297366973828 , 0.1481192529164116  , 0.28995101038620563,  91.766187098918   , 0.7354501347992942  , 13.487904940369663   , 48.81436534641716  ,  9.179204937519422  , 1.2182408762358756
0.45195416948383677, 0.12931428739967393 , 0.41873154311648936,  61.71306105690677 , 0.17356813552324435 , 59.76474203645893    , 26.891242621963556 ,  7.87982642010193   , 1.11460706481882
0.5152922616487984 , 0.1353784921704667  , 0.3493292461807349 , 160.47322756344687 , 0.06944971990984843 , 19.951088780048238   , 29.467745365880106 ,  5.615089829469163  , 0.6579308785070968
0.5535423286769423 , 0.07419771303170454 , 0.37225995829135317, 169.04594654388032 , 1.0959990914873463  , 48.390727655848735   , 67.08402632961075  , 11.65855756254527   , 1.7962105479304484
0.46757329982896667, 0.14606269755131995 , 0.3863640026197134 , 224.3826122561011  , 0.36007451008226016 , 52.30864185882177    , 62.07114384250091  ,  9.873864811647804  , 1.6941904579830134
0.5201253862418361 , 0.06969257044534284 , 0.41018204331282104, 165.39632248353638 , 0.9926285531975279  , 27.216690266010183   , 59.232780983370375 , 10.658783627486278  , 1.4299453074644721
0.4566406217582733 , 0.14514298103618323 , 0.3982163972055435 , 119.09617074468915 , 1.1992528455430302  , 91.04881493198332    , 52.87713075413376  , 11.772146298264145  , 1.6487982469715234
0.46571569943100416, 0.1494819293965951  , 0.3848023711724008 , 210.6023763052641  , 0.29314594669874783 , 80.87655425621521    , 69.68627592448465  , 10.626633677086692  , 1.2638311832837825
0.5293846552403192 , 0.12117228057460487 , 0.3494430641850759 , 158.0557786374842  , 0.3549463523608589  , 69.34785673274865    , 70.55089179351594  , 10.164605380347698  , 1.6121844210785155
0.4765431508086121 , 0.1481143731791822  , 0.3753424760122057 ,  65.85605692623835 , 0.8122887557798655  ,  7.487411175303272   , 30.933592772614695 ,  8.130939113994101  , 1.2565890295048396
0.5635081696523117 , 0.10695397795671036 , 0.329537852390978  , 163.17011206264934 , 1.1602659297907143  , 10.188481853665866   , 48.184553746436634 ,  9.345753079971804  , 1.3721436969986411
0.5878929938274532 , 0.07595417831760903 , 0.3361528278549378 , 231.60370908433248 , 1.1031865004193555  , 47.30700920303575    , 61.374812342473696 , 10.971640205345517  , 1.6324964383167422
0.6101173398218166 , 0.09369958856656208 , 0.29618307161162133, 129.2625250996441  , 0.6283068480754226  , 15.428481522334625   , 48.07020734091807  ,  9.712835353072217  , 1.1470701481281367
0.49003004884896206, 0.10935609353787859 , 0.4006138576131594 , 109.26516037996001 , 0.9643768249057333  , 93.91348449882952    , 54.204260306515    , 11.611768418971481  , 1.6181568775857473
0.48349651645181396, 0.0573081562027015  , 0.45919532734548457,  78.69389140360401 , 0.20610773106488622 , 15.217942466631307   , 35.78356234665001  ,  4.395774200760509  , 1.0124124077320953
0.47091356806688006, 0.1122343264617246  , 0.4168521054713953 ,  80.28910438707146 , 1.174053911834614   , 46.7969122045415     , 39.64370748744644  ,  9.24073867837308   , 1.6532890549288495
0.5772860499087273 , 0.14811778367622946 , 0.2745961664150432 , 136.5542968683638  , 1.1590062191413844  , 34.95562145678452    , 56.5506119685382   , 10.76233237241967   , 1.5335081065355103
0.5912951452973803 , 0.06901076497837276 , 0.339694089724247  , 169.1359648323059  , 0.23828830156104658 , 61.38109645959341    , 60.57992593547562  ,  9.363756873891738  , 0.5766929309023485
0.45631722896512844, 0.1292595116288383  , 0.4144232594060332 ,  66.12308103392036 , 0.3943365935235726  , 12.387495253384792   , 31.47822627851243  ,  7.2274304465011685 , 1.152124028098361
0.637242449248738  , 0.14078987937796195 , 0.2219676713733001 , 237.91371780503314 , 0.16517824713278195 , 41.31037709206953    , 49.89135916131833  ,  9.192875896605674  , 1.2303333175454934
0.4603942567302945 , 0.14437015928202207 , 0.3952355839876834 , 201.02672348903917 , 0.3624752387329066  , 26.37168314948579    , 48.60762662870896  ,  8.014923722451792  , 1.2036905516218863
0.5582592670602141 , 0.1460135604405447  , 0.2957271724992412 , 167.32478365673254 , 0.9883491578274876  , 85.22414636848205    , 72.21638273714379  , 11.56517845501461   , 1.662007434024273
0.5918121038901833 , 0.1021459638721472  , 0.30604193223766946, 215.68773418779816 , 0.48506294824004836 ,  3.896228364930728   , 28.508867736651155 ,  3.665441382765205  , 0.7775258401983349
0.6241938247492171 , 0.14773079079915036 , 0.2280753844516325 ,  66.03735136242265 , 0.15165651221877213 , 87.71783942462008    , 39.89122665366298  ,  8.4861632575542    , 0.832602618695778
0.5928173864264856 , 0.1257310207134439  , 0.2814515928600705 , 145.3677755466249  , 0.4435593534957402  , 79.96743730108804    , 67.44536897313792  , 11.094301781983708  , 1.5887316565813385
0.6103456166139584 , 0.06616714362369619 , 0.32348723976234545, 176.01862537233268 , 1.178590834377472   , 28.566788778318283   , 51.60596297398295  , 10.191291124642039  , 1.3663164576602271
0.5178900385085612 , 0.097690010646797   , 0.3844199508446418 , 215.73058122365785 , 0.7741361345480834  , 75.77190284900205    , 69.51904312461735  , 11.565824486551817  , 1.5680423430294215
0.6129650227493024 , 0.1218331175372004  , 0.2652018597134972 , 206.69391200985353 , 0.5285850883670814  ,  2.9965017925197657  , 27.445271283218986 ,  3.4178768779134847 , 0.7201146376339189
0.46602296927693504, 0.07473403158190833 , 0.45924299914115657, 105.41384994267992 , 0.2415192905218605  , 92.8190928281658     , 47.89212332275261  ,  7.969156534611842  , 0.6064496519108813
0.6289633312121056 , 0.11406151835488873 , 0.2569751504330057 , 238.17603391184085 , 1.184103316876249   , 50.55311448861978    , 65.4331415404191   , 11.150702645590188  , 1.6541643398886876
0.5595184752307473 , 0.11666004790466192 , 0.32382147686459084,  74.86916828617407 , 0.9939763606525981  , 29.114978502282746   , 42.17622128003636  ,  8.985253392677674  , 1.449231912790364
0.6134595539924987 , 0.06626997438085659 , 0.3202704716266447 , 225.02672372423044 , 0.37369889781855725 , 34.807988409089      , 50.91797096183671  ,  7.824616229591892  , 1.2712461107251434
0.54046365690366   , 0.10650853124527562 , 0.35302781185106435, 244.1880499209237  , 0.13057900007936787 ,  6.374913932207747   , 13.140674636157062 ,  3.442426209054545  , 0.026129128507596695
0.5787155390393051 , 0.12716269109786077 , 0.29412176986283417,  85.43070464452512 , 0.11511939098419173 , 94.97755334803577    , 50.95564847295452  ,  7.887083578016183  , 0.7716377203699825
0.5552805321872226 , 0.09988956645359419 , 0.3448299013591832 , 194.41321284075707 , 0.18843487193136388 ,  3.7720267344664755  , 11.551071553802785 ,  3.4143675342310402 , 0.09999677765566695
0.5963179043510664 , 0.05121031167761075 , 0.3524717839713229 ,  58.05710375559969 , 0.7178838711565849  , 62.871083822194464   , 34.945098164412244 ,  2.994480544261048  , 1.522056934069704
0.46632599640611794, 0.05090384690792922 , 0.48277015668595286, 131.084565027831   , 1.1180779343863163  , 42.50264905982       , 60.019087131435484 ,  7.101648164033944  , 1.6920887005934264
0.4620704167981128 , 0.08570293439700122 , 0.452226648804886  , 153.2566598395348  , 0.6212549422068822  , 91.09595694611664    , 65.56756879241289  , 11.032084085311189  , 1.4260585020461969
0.4994206468020293 , 0.1426194068431782  , 0.35795994635479256, 166.1290451819268  , 1.0193873048246267  , 23.615975069452336   , 58.16749536273654  , 10.43004851794926   , 1.528236333444731
0.4819089360226377 , 0.07286767796036088 , 0.4452233860170015 , 237.1874496497119  , 0.562769612838779   , 51.08033509804909    , 61.344889080759536 , 11.217366296227272  , 1.4968619030148311
0.6243567133184403 , 0.11343636888716871 , 0.262206917794391  , 184.45013745883892 , 0.864871077632999   , 46.30619602394428    , 60.846632809978246 , 11.058517617405032  , 1.6209814825615079
0.49384279747160886, 0.07220758706933206 , 0.4339496154590591 , 146.2555902438474  , 0.8916536478794759  , 67.47517862880973    , 68.44825103690381  , 10.964623036009682  , 1.8192445809998488
0.6451730511638263 , 0.08216699896595486 , 0.27265994987021885, 211.93500725317787 , 0.25005826178883944 ,  6.528982267432369   , 21.353389325765505 ,  4.964592701615871  , 0.29526721173626497
0.5173791583542213 , 0.1348042089601484  , 0.3478166326856303 , 240.10656419088178 , 0.46539846782218347 , 18.603756482242066   , 49.237531132754874 ,  8.08713123448335   , 1.273100933377252
0.48642358313773987, 0.12288614422699469 , 0.3906902726352654 ,  54.41322973645817 , 0.7828974800187275  , 20.598222728913584   , 26.326162117730235 ,  6.817635025490736  , 1.3622001281650742
0.6079397014284958 , 0.059539927731321066, 0.3325203708401831 , 246.50425445120774 , 0.13130109941202112 , 70.86247246480221    , 52.450629613600924 ,  9.36845845536742   , 1.3249489298786146
0.5817415551001752 , 0.09287020209864336 , 0.3253882428011814 ,  67.22642781273606 , 0.46577121592740006 , 18.157314847367047   , 36.838170795835495 ,  6.013624393513591  , 1.439186185609928
0.5496391432906278 , 0.05291697636452645 , 0.39744388034484573, 212.87735585375228 , 0.6650193862233713  , 55.05520933353376    , 60.18581762036719  , 10.871272755459032  , 1.517362680184266
0.5610727101875262 , 0.0980890146603009  , 0.34083827515217285, 106.0669505102825  , 1.1956581670013344  , 20.663406768091555   , 57.75151373427544  , 10.738690572882666  , 1.457724054421604
0.5938403556544528 , 0.1162434011701068  , 0.2899162431754404 ,  76.43593155077434 , 0.5957135970158068  , 82.71599520806193    , 44.515025832770235 ,  9.186410694336379  , 1.5560915802438737
0.49569094826625976, 0.06185026235981516 , 0.44245878937392513, 137.971127942767   , 0.988465270681472   , 90.4498036310053     , 69.63325925766222  ,  8.841753085349493  , 1.6650768091725703
0.6492667832113483 , 0.07888849389091657 , 0.2718447228977351 , 178.7913158895227  , 0.5468773778266104  , 49.77532559445508    , 63.01201206287646  , 10.858961886915539  , 1.4930219947997334
0.6449586324293566 , 0.08978366255021569 , 0.2652577050204277 , 126.190369004695   , 0.9658493310126652  , 33.82165288408112    , 58.71806435515713  , 10.539337261304883  , 1.4977361300947993
0.5800651372693874 , 0.14195310246560497 , 0.27798176026500765,  60.91308165653979 , 0.7347270218631247  , 22.469546401679917   , 37.481009660930546 ,  9.080469562270546  , 1.35815162203363
0.48990849018582905, 0.1493255015422964  , 0.36076600827187455, 169.89222793174332 , 1.069584757727758   ,  4.778976146212202   , 40.10641094017335  ,  5.1812547459588805 , 1.1610940353673618
0.5860456484862583 , 0.05449112989956159 , 0.3594632216141801 , 230.48065522213494 , 0.5225839352026264  , 25.776007314959557   , 51.74183474463836  ,  9.73847925121949   , 1.2803893376960767
0.46443968179583517, 0.1261007923495392  , 0.40945952585462564, 126.64307318945033 , 0.7449500827947007  , 62.806634874750515   , 58.121419171199996 , 11.610475295489357  , 1.5348511663072237
0.4561305004411612 , 0.08717240664023432 , 0.4566970929186045 ,  93.2665555261654  , 0.7745214827116514  , 51.22722540568424    , 45.43619155266569  ,  8.588757443663644  , 1.5401535894325258
0.5015365777022427 , 0.089245818622948   , 0.4092176036748093 , 138.51546918656308 , 0.5299903830705442  , 90.62796271496903    , 69.09062592809025  , 11.496029897856564  , 1.400929998540272
0.5425245913478632 , 0.12542649733470226 , 0.3320489113174345 ,  59.67254220975617 , 0.21595885024060374 , 38.04261719920326    , 32.384626983976155 ,  7.407274437759757  , 1.1958164162793707
0.6236545010816761 , 0.14184264321454088 , 0.23450285570378304, 214.09751689605497 , 0.15759331794918588 , 66.61088086352588    , 66.15338534868066  , 10.289433996675836  , 1.6827182910367309
0.5954338139532616 , 0.14509285945025485 , 0.2594733265964836 , 215.26816219003734 , 0.06917228318957806 , 46.97498375761165    , 46.11188964376705  ,  8.378982117396466  , 1.0391781882176085
0.5985413042399962 , 0.10771225860383207 , 0.29374643715617177, 167.6000926859257  , 1.0545644038819968  , 49.20731672872432    , 66.7247396748672   , 11.520925573049583  , 1.7826048578551728
0.535098666889615  , 0.08571211593005028 , 0.37918921718033466, 120.6205777876779  , 0.3219461490744987  , 25.70633420199528    , 52.70378396482816  ,  7.788966573683061  , 1.3973964593318273
0.5191869985093926 , 0.1287549085858779  , 0.35205809290472945, 209.95667288915666 , 0.2932327616740332  , 43.67527457683197    , 58.31708771566889  ,  9.5208864682799    , 1.3018341513518554
0.5242077525969205 , 0.07510013832623003 , 0.40069210907684943, 160.93740495767344 , 0.8964407104899753  , 45.1953597132199     , 66.44392261809861  , 11.520666593267169  , 1.7354874116772563
0.6475299127472116 , 0.10640740288335176 , 0.24606268436943662, 215.18646171000324 , 0.4180185300505005  , 67.83768208789766    , 68.28023788516015  , 10.692404872830867  , 1.7038987779930617
0.4580218382824965 , 0.08585784615248732 , 0.45612031556501614, 176.29175851660412 , 0.6319513962736121  , 90.30143992186693    , 73.0856731619777   , 11.665110176349316  , 1.2477044511704696
0.6234062992244898 , 0.11566310737078761 , 0.26093059340472263, 206.88109464255945 , 0.23688772509207473 , 31.61484263832041    , 43.05010815531528  ,  7.813850846215563  , 1.0855363529808895
0.5657350817144787 , 0.07403989128935069 , 0.3602250269961706 , 169.71259864355198 , 1.1537075796812646  ,  4.051244983804651   , 40.483745957510486 ,  5.571845849937016  , 1.1272714324278892
0.5377230838379181 , 0.06915929457348258 , 0.3931176215885993 , 132.82821364313324 , 1.0293186100198228  , 47.644332048061415   , 67.42088059746088  ,  9.24308131295581   , 1.8012746577999272
0.5950515320830273 , 0.14182390866754369 , 0.263124559249429  , 241.58917198522752 , 1.0433580664097537  , 52.26828788632018    , 63.171537560705374 , 11.29964001425268   , 1.72132775522377
0.5473337882849406 , 0.06018036829495369 , 0.3924858434201057 , 158.22276497576894 , 0.517789810857806   , 16.170292908663864   , 49.75152698995466  ,  9.774493847485202  , 1.1820982042138348
0.6246846476163321 , 0.10059579077349316 , 0.2747195616101747 , 171.01790370810767 , 0.9267153957632487  , 73.00460220250241    , 68.37646406011218  , 11.39429243070153   , 1.8209817606129335
0.6301403728022517 , 0.07208527829630089 , 0.29777434890144744,  94.09752788294985 , 0.21545757869824717 , 94.5531944103832     , 58.04205091553733  ,  6.870071767862933  , 0.7893224716839514
0.5343441853746911 , 0.05389299633256675 , 0.4117628182927422 , 175.13015788545528 , 0.059911852980547325, 90.79437283281226    , 60.76029645663616  ,  9.865665697701507  , 0.7018911211177717
0.5053655594470103 , 0.05360188182914264 , 0.441032558723847  , 164.32152989658877 , 0.07296887246473234 , 18.92217972707061    , 31.431158106329832 ,  5.504092168529448  , 0.6622659366620293
0.5684700657186724 , 0.06752217721058273 , 0.36400775707074484,  86.96767958940498 , 0.7245919980152445  , 84.03487103047303    , 50.343689205161304 ,  5.971360446320351  , 1.4400710615283137
0.6324726691233382 , 0.1366770354506     , 0.23085029542606178,  61.917419470628744, 0.5737041410351319  , 67.63138909552174    , 38.24114585828082  ,  8.51334808064222   , 1.5357044162692088
0.49213243780113336, 0.07824787439770267 , 0.429619687801164  , 170.87186394295423 , 0.6457176512447977  , 43.56927012546351    , 65.84421846586223  , 11.32347705668282   , 1.5292955358633957
0.5745933167126965 , 0.14504591705752956 , 0.2803607662297739 , 202.73845387006412 , 0.058582611479802316, 51.89865545517399    , 48.83019497141467  ,  8.735822281521509  , 1.1903640624694158
0.5763120440185041 , 0.10816222929891936 , 0.3155257266825765 , 154.68027418440164 , 0.5360896126060396  , 81.56161679831598    , 66.9539741573557   , 11.263878479691169  , 1.5321742911839478
0.5966226044830563 , 0.0936614189768766  , 0.3097159765400671 ,  95.35452506392915 , 0.87577838538099    , 46.092954205283824   , 58.362145892314956 ,  8.903469448304751  , 1.7432241182300423
0.476313537025452  , 0.10800888346694545 , 0.41567757950760253, 183.30439533860698 , 0.5590977572625512  , 35.82790743409218    , 50.824726858265144 ,  9.910352992183215  , 1.3294414605489917
0.5931649929364178 , 0.10166983852262677 , 0.30516516854095543,  66.02114532192044 , 0.8920520872590556  , 47.35175933049464    , 40.42843836994405  ,  6.981710300727011  , 1.7364650129646702
0.6318065041331282 , 0.1258776253757325  , 0.24231587049113928, 138.36674096039093 , 0.31797180905635997 , 55.59646118736471    , 65.70225034064406  ,  9.528192839542267  , 1.715129957283255
0.4859366217740484 , 0.07824960659728522 , 0.4358137716286664 ,  82.67335167968403 , 0.9851133051539842  , 18.15145476272149    , 41.19058308428305  ,  6.742501589721415  , 1.456826517662086
0.49750866498477553, 0.08530503916003024 , 0.41718629585519423,  86.89181021197668 , 0.7266959265214701  , 86.48714210563111    , 43.20670983147734  ,  7.444078280645139  , 1.379081315890014
0.6442790188083279 , 0.13940943025332508 , 0.21631155093834697,  90.45878983164073 , 0.29237756434439216 , 64.72194708764293    , 54.78292131648286  ,  9.26894049937255   , 0.5500866974237341
0.486195390541898  , 0.14464565131504054 , 0.3691589581430615 , 127.34141140879558 , 0.32222854723190786 , 60.79381606439894    , 61.14808824887031  , 10.039744812935758  , 1.5132504051255036
0.6208770186739159 , 0.13925582274864745 , 0.23986715857743668,  60.23004112407953 , 0.7722350342549675  ,  9.551637713341261   , 36.65187000503299  ,  8.587216739017752  , 1.1475549745552098
0.548455571289607  , 0.09194479939573136 , 0.35959962931466166, 129.55868818581962 , 1.0044305321943099  , 58.00069806456881    , 65.74235315293481  , 11.480936475914918  , 1.7531303434593513
0.49944621488063545, 0.12803655030068817 , 0.3725172348186764 , 152.34148942294019 , 0.5279719493335284  , 11.612223574895264   , 47.65580575311489  ,  9.195284270103322  , 1.195080459169781
0.6241499802545023 , 0.09763357333010989 , 0.2782164464153878 , 146.65885699326503 , 0.34704549349673103 ,  7.554976818758309   , 33.60141446770025  ,  5.075225534752241  , 0.844734534071379
0.5390610510005331 , 0.09975398521461021 , 0.36118496378485665, 126.5568200806081  , 1.0470633479471905  , 50.62184598166976    , 65.92396058784685  , 11.435890367102227  , 1.6845789325516352
0.5529634707859381 , 0.07046801090572839 , 0.3765685183083335 , 217.8293216141505  , 0.8196585355134601  , 38.66741126846352    , 59.68974459812554  , 11.10447128303826   , 1.6655578771509605
0.5218466738799532 , 0.10911303032585165 , 0.3690402957941952 ,  79.06533848410082 , 0.565298310375538   , 56.52578593499743    , 40.41011460390083  ,  9.057816147881692  , 1.5702758567857398
0.5685901702869856 , 0.0686135897753348  , 0.3627962399376796 , 151.13934875627479 , 0.6110852245711971  ,  8.565328133494905   , 40.993439637925505 ,  8.009366295889924  , 1.1080146230513952
0.48270477451700455, 0.08315646990671938 , 0.43413875557627607,  62.40828339131086 , 0.28489493812685585 , 41.37437403333681    , 29.340425843918517 ,  5.151635371719749  , 1.4788460268541688
0.5282163073303522 , 0.1355030201619935  , 0.3362806725076543 ,  64.23113577558195 , 0.7708230245745705  , 16.779524644335165   , 33.31587800460535  ,  8.680338384111922  , 1.207216435527272
0.6438824644670575 , 0.07070758092108552 , 0.2854099546118569 , 164.77316993541928 , 0.4625538871243219  , 94.76160824871519    , 66.77106397917626  , 10.41532287335487   , 1.501021753976755
0.5016266865402255 , 0.05711582851734329 , 0.4412574849424312 , 163.2036849775642  , 1.1949919531755016  , 53.87042039377674    , 67.29935362890802  ,  9.65039501602067   , 1.7282749159445434
0.5813473329082585 , 0.05690075926128163 , 0.3617519078304599 , 225.6067025688914  , 0.6022110425511711  , 65.99393865032326    , 68.2090013309505   , 11.406437405418131  , 1.6206289808291723
0.515038012844939  , 0.14407845205031078 , 0.3408835351047502 , 161.57473513201464 , 0.6087684471180551  , 31.24015494553035    , 53.60123303811607  ,  9.912024343749879  , 1.367052018418543
0.6046946251373202 , 0.10069204379618346 , 0.29461333106649634, 241.95820408097003 , 0.7007295555222727  ,  9.094935818817039   , 39.34260608808435  ,  7.675600010211919  , 1.0091050937384862
0.47617473214366995, 0.09094120718170183 , 0.43288406067462815,  59.738969679985956, 1.1042694035865588  , 93.68360282721952    , 30.141144247498662 ,  5.548813951105138  , 1.6606185748685092
0.6439642090157089 , 0.13108785810079182 , 0.22494793288349924,  69.60153695614821 , 0.9709408148387128  , 27.480867396785587   , 43.575085905639384 ,  9.420411289091964  , 1.4724588726334242
0.5407579082767279 , 0.1335825927910516  , 0.3256594989322205 ,  58.81317231407628 , 0.5687995802675176  , 40.685585776663125   , 30.65124169322936  ,  8.177475858067261  , 1.552686856840555
0.49721009266929284, 0.08321910331156046 , 0.4195708040191467 ,  87.05537006670801 , 0.8765041558687153  , 62.3869364834472     , 42.74827625579407  ,  7.434224695240092  , 1.8061515186486334
0.46469934946600255, 0.11936180574737952 , 0.4159388447866179 , 158.25402218833563 , 0.7241708235978759  ,  2.3709405778666834  , 32.17155923270931  ,  3.615301849367008  , 0.9008531721724817
0.4839515810175082 , 0.12711228158518867 , 0.3889361373973032 , 179.1144362854856  , 0.6162221060064362  , 77.78487652965954    , 69.38341707528272  , 11.454942321285698  , 1.5523046178417714
0.5539547897112036 , 0.11546506868659545 , 0.33058014160220095,  59.117031589733756, 0.2711631387020031  , 51.511506242747544   , 30.444076174396464 ,  7.1084846459614    , 1.3600862132462732
0.5174006352862572 , 0.06515950748000994 , 0.41743985723373284, 239.19417796911986 , 0.5835267029731246  , 26.708849958606926   , 49.65344869917032  ,  9.74203070039169   , 1.2680862255541943
0.615776673176522  , 0.1375883083517057  , 0.24663501847177233, 218.4330753300762  , 0.3326913750759608  ,  5.914366588077048   , 26.783676054183633 ,  4.968332463028176  , 0.43561310861963987
0.5361775047323611 , 0.10390945527360088 , 0.359913039994038  , 109.32249643141863 , 1.1020684723294027  , 15.599847885546378   , 49.34673164140725  ,  9.662369060816458  , 1.4054002560014105
0.499742854517526  , 0.07824724263700036 , 0.4220099028454737 ,  65.43750604529359 , 0.43571783552079896 , 85.92325044992994    , 34.16840018390134  ,  5.250369138081551  , 1.3996341759293836
0.573428997320806  , 0.0925228185437694  , 0.3340481841354246 ,  83.97741464381146 , 1.1451036167133781  , 65.85832549784554    , 48.57028236999713  ,  8.03549372898955   , 1.8386420924205875
0.5913554433770891 , 0.05375710903989074 , 0.35488744758302015,  75.38888275099453 , 0.6630135836089178  , 23.990565277141425   , 42.43859599454097  ,  4.194040630997047  , 1.4617474552191896
0.48340838158019   , 0.06278668012224176 , 0.4538049382975683 ,  74.65675585978937 , 0.7762760354775844  ,  6.297673434722835   , 36.83705783926603  ,  4.86445221570779   , 1.090922524992397
0.48352384325766357, 0.12655467505158607 , 0.3899214816907503 , 153.7123377331468  , 0.6743815111627269  , 66.29906998911709    , 66.90172554932913  , 11.737954008785241  , 1.5436694907709694
0.4573342853867086 , 0.05000116347553662 , 0.49266455113775476,  99.16948849868007 , 0.198787709511706   , 54.95114169290545    , 44.81070530560334  ,  5.119797205693363  , 1.1576777831187146
0.5972804030131281 , 0.09165658284822922 , 0.3110630141386427 , 121.6279433058289  , 0.48219440185913204 , 38.83387434799056    , 64.46945944330062  , 11.00846942736247   , 1.5215963305878955
0.582760905524361  , 0.10225101810855884 , 0.31498807636708015, 247.9010666768645  , 0.16401802911926752 , 34.906699122246124   , 41.65420139417304  ,  7.805618351079077  , 1.0463181368300565
0.5449261751499628 , 0.05546344200009723 , 0.39961038284994   , 186.86284978506896 , 0.766397150810889   , 20.814170489194396   , 52.14681041255264  ,  9.488310587776459  , 1.2529780848371768
0.6188340897938395 , 0.14730781629723327 , 0.23385809390892726, 239.79613340940028 , 0.5639053244805048  , 64.28268062760169    , 69.06241632039442  , 11.12631202412724   , 1.6174832578395781
0.6111340305900106 , 0.0726125331249672  , 0.3162534362850222 ,  78.51131100662312 , 0.9446827173065773  , 93.18413066821157    , 48.45855646565843  ,  5.892104652888932  , 1.664136450343863
0.5670708728793504 , 0.08041987196362808 , 0.3525092551570215 , 126.42789496651386 , 0.30354105314927526 , 16.86866360033528    , 38.751610466918606 ,  6.568895984507007  , 0.9525003686420411
0.6236542561026517 , 0.08039425122550273 , 0.2959514926718456 , 160.94636065647086 , 0.23925096719373512 , 57.32319552148832    , 59.122906464428546 ,  8.68171607593999   , 1.3403608597468246
0.49116824200735365, 0.073041666211735   , 0.4357900917809113 ,  65.3516123777476  , 0.517282065608333   , 40.72176535161371    , 35.57413844391852  ,  4.807934664917467  , 1.5059052564742774
0.4723839238795456 , 0.050147382208631144, 0.47746869391182334,  50.83748872559157 , 1.1155731907011384  , 42.88211728748783    , 24.868766399775403 ,  2.491879510764525  , 1.7226695554231932
0.503949922303398  , 0.12293447940879963 , 0.3731155982878024 , 184.0868667593835  , 0.8669850872642735  , 24.398138892270183   , 54.25202395633666  ,  9.876236624309124  , 1.4141027854121735
0.46141737121786297, 0.14668454997992852 , 0.3918980788022085 , 178.36390336028705 , 0.5317621685118564  , 79.21294806349623    , 70.76814998445109  , 11.617304281611046  , 1.5653926133511458
0.5562339056002064 , 0.0724293483285045  , 0.37133674607128914, 132.15776199992234 , 0.6448629952174572  , 46.58453799813515    , 64.51293017707812  ,  9.920095804689385  , 1.5375327073688325
0.6373211384589923 , 0.11630471918034224 , 0.24637414236066546, 147.9288152064065  , 0.14684496285366308 , 52.16696181103335    , 54.39020275332992  ,  7.755547870700807  , 1.1115742164951312
0.45786870813370195, 0.12418963269587151 , 0.4179416591704265 , 133.0886001184179  , 1.18226228083253    , 29.257047628543273   , 57.42882203724632  , 10.478200728967096  , 1.4514987665586732
0.47442198280200537, 0.13484253790905248 , 0.3907354792889422 ,  54.80100896897777 , 0.8163684003991568  , 17.453612704027176   , 23.942101503975028 ,  7.299851561151386  , 1.4179959011567371
0.540439805656687  , 0.09226291970136091 , 0.36729727464195205, 117.07432124349249 , 0.3782146787329358  ,  8.247397267470767   , 34.84784536120032  ,  5.818710082820388  , 0.8462137053655092
0.636775003505581  , 0.08029309056404292 , 0.28293190593037604,  85.41645107945797 , 0.7236796533475309  , 68.55543752879193    , 55.8166509203535   ,  7.12392986975812   , 1.4924418377905233
0.5132312209953501 , 0.0825295134023031  , 0.4042392656023468 ,  69.68483782027374 , 0.17590472097934307 , 18.83849104203414    , 35.052077652537555 ,  5.113598886681622  , 1.2636705342499828
0.5514469617376785 , 0.12126213330985128 , 0.32729090495247026, 241.34408677786996 , 1.160712169128721   , 66.24723400212459    , 69.46596911643132  , 11.5729058845248    , 1.7464065996810634
0.45831457181007845, 0.1316779466505636  , 0.4100074815393579 , 169.87194500843313 , 0.2510027360658708  , 37.47613882050757    , 60.26969222847159  ,  8.806959368887332  , 1.3759133599953093
0.4796686401924178 , 0.06816139677566027 , 0.45216996303192203, 195.73125684732054 , 0.7952348657634962  , 39.914380895006545   , 60.33429887711398  , 10.914665724137596  , 1.595056660759161
0.6473260245917694 , 0.08709410081577652 , 0.26557987459245413, 113.0727486532235  , 0.33227263191976997 , 45.041039624906084   , 63.580295071370024 ,  9.591184507284613  , 1.7226926297099152
0.6430237392872091 , 0.14019401967491502 , 0.21678224103787586, 128.62942589880305 , 0.875195590045816   , 35.30001678024415    , 56.6648187224501   , 10.52319034830009   , 1.4750313617675825
0.45098799618688196, 0.13066935196947393 , 0.41834265184364416,  97.38479877934469 , 0.9433445723263232  ,  9.659517813368648   , 42.94317558309858  ,  8.627028711356148  , 1.3296991451873073
0.6403623570846478 , 0.14848584027624756 , 0.2111518026391046 ,  69.39313419308495 , 0.8244326882481475  , 29.724653760273196   , 42.91034533931779  , 10.557669998903426  , 1.521267212217893
0.5778239875631    , 0.1254248259682081  , 0.29675118646869186,  85.80632748831675 , 0.7566743792934714  , 63.718498626618086   , 48.511657376796435 , 10.908885875765918  , 1.5730916860162054
0.6235836589040045 , 0.08931952010279223 , 0.2870968209932033 , 209.50280905929716 , 1.0763394580448133  , 63.91530254101161    , 70.6568470808582   , 11.563355063449704  , 1.8025414457035656
0.5409479711267718 , 0.10906378339946377 , 0.3499882454737644 , 185.50916103675516 , 0.14042071763822173 , 27.47753349503946    , 38.63434391831067  ,  7.7988575401982905 , 0.9905645081992194
0.55311920571585   , 0.11610142542473202 , 0.33077936885941794, 159.38577519709537 , 0.43055198064722444 , 44.169852149538045   , 65.14769213743656  ,  9.648318586333795  , 1.650734175507853
0.547769316051384  , 0.0578455816317124  , 0.3943851023169036 , 145.01797457335363 , 0.3355306015754728  , 18.570933889145998   , 52.88552424443376  ,  7.560198632765878  , 1.3805993306391973
0.5833728515092209 , 0.1044496959103865  , 0.3121774525803926 , 234.4868567312249  , 1.1862160563752349  , 20.195719826864234   , 52.84493433146403  ,  9.5897809608905    , 1.3274974784142641
0.47793025095126257, 0.12093208284726095 , 0.4011376662014764 ,  64.54698955573369 , 0.49779824661690447 ,  2.212520487034311   , 32.395680601909504 ,  3.6025674026642958 , 0.9390891334130902
0.4559947179745356 , 0.06673213040010603 , 0.4772731516253583 , 106.12016264758319 , 0.8925046041264585  , 86.08766879114349    , 49.40673373362961  ,  7.1148672795284815 , 1.7293318062472545
0.5115859883182382 , 0.12806317174255571 , 0.3603508399392061 , 119.9875707141428  , 0.8374339384631553  , 20.227839847190996   , 57.71588401790852  , 10.611407200399384  , 1.490970175611181
0.5909361525473293 , 0.10837727805141116 , 0.3006865694012595 , 206.48516244255757 , 0.29389342309898436 , 21.84325218590048    , 44.40206538116806  ,  7.767147131019378  , 0.9786052971584421
0.4903706904245897 , 0.14522217856975944 , 0.36440713100565086, 248.50292403239428 , 0.324847332243284   , 26.841737533932655   , 46.65251917929264  ,  7.620587100566261  , 1.2427517125595569
0.5846864866649835 , 0.05424222982068917 , 0.3610712835143274 ,  98.1341029514306  , 0.3734772480859892  , 12.231174882761184   , 46.617160031845025 ,  5.099104915938939  , 1.054619264431253
0.6439824092214541 , 0.0765326137555467  , 0.2794849770229992 , 224.8614668274161  , 0.522796369998286   , 61.369236785410834   , 66.7717691077213   , 11.386729261003463  , 1.615871864556489
0.4687801431578837 , 0.1101553879299824  , 0.42106446891213384, 216.12455208635825 , 0.31947382549810577 ,  7.213723505048311   , 28.401326433947766 ,  5.394935757034019  , 0.6316142744844292
0.5845204236450252 , 0.07965599122059307 , 0.3358235851343817 ,  94.93147952835332 , 0.07259920515887497 , 12.883432927329626   , 23.999073474260943 ,  4.216249876513877  , 0.42700160051578584
0.5387500438609143 , 0.12144241640712422 , 0.3398075397319615 , 129.8665160398445  , 1.0613020153282748  , 61.896645752648915   , 68.55215305440066  , 11.341381081624013  , 1.763994542038649
0.6236284508755011 , 0.1259005282521931  , 0.25047102087230577, 131.93457385850382 , 1.1604513060880166  , 32.6074195662185     , 59.094940898509265 , 10.752513403725876  , 1.4664996762245084
0.4854299578894772 , 0.06025159640664745 , 0.45431844570387536, 245.64413370531167 , 0.4428059450863031  , 67.96299136331415    , 68.9007207691132   , 10.94852018133766   , 1.7187907895497512
0.5885251904452329 , 0.10138544642067676 , 0.31008936313409036,  86.17838027577966 , 0.43928291133929376 , 53.51277548833363    , 52.755545901424746 ,  8.985506194161546  , 1.6556495565884688
0.617623057929622  , 0.10088905555910559 , 0.2814878865112724 , 209.83159422095642 , 0.05815558469052664 , 24.578032613905254   , 32.0368745805159   ,  6.657796689425075  , 0.782766576360727
0.6389228438948047 , 0.08692807702155411 , 0.27414907908364117, 116.83854283462199 , 0.8322882915799301  , 62.47948324697549    , 67.68859623082169  , 10.39248011997229   , 1.7600047450898297
0.5866496056579291 , 0.14329248625696722 , 0.27005790808510366, 196.17406915523208 , 0.999255880110923   , 11.162273308116543   , 42.68920619485688  ,  8.568079851672126  , 1.232866134223679
0.5494349528016855 , 0.13275063198732212 , 0.31781441521099235, 134.00220085913259 , 0.21859954541400362 , 51.49539677568292    , 54.48781025101546  ,  8.022870407454276  , 1.1015653158879264
0.5735694480402428 , 0.11972093819096367 , 0.3067096137687935 , 165.67195262330802 , 0.2336163017722233  , 41.96621808432333    , 59.331911342673216 ,  8.83571111233332   , 1.385391301533796
0.6237809968957437 , 0.12143266357349976 , 0.2547863395307565 , 216.52235466522623 , 0.9585957374671534  , 25.715863950474315   , 51.104485915061026 ,  9.633944939009536  , 1.3669828202485899
0.5641219493277659 , 0.09617161438131192 , 0.3397064362909221 , 210.83311299677683 , 0.7587343606072664  , 57.98447978299201    , 59.88346670955596  , 10.924470994130628  , 1.503300603942263
0.4560774119393674 , 0.14209945210965758 , 0.4018231359509751 , 223.28463670794002 , 0.10158964127187456 , 83.64802486466712    , 54.77239547530795  ,  9.787567193973373  , 1.2536965172256118
0.6361897391013955 , 0.11945954272532854 , 0.24435071817327592,  61.923465068931804, 0.7659290390316239  , 95.89485117725536    , 41.7224639279191   ,  7.500079562133726  , 1.4352971911480252
0.5879053502063123 , 0.12289810616558164 , 0.2891965436281061 , 188.41011060794898 , 0.40525538127033095 , 58.34522579936875    , 62.856009476761685 ,  9.88797926631961   , 1.6706438363428033
0.5853026771554493 , 0.13616909037873454 , 0.2785282324658162 ,  77.99747534435258 , 0.47403392879147277 , 38.85176393560033    , 46.36757002264223  ,  9.655485220131116  , 1.7004793902452007
0.49313503047954343, 0.0774071589342191  , 0.42945781058623744, 133.1637136036822  , 0.9351911310414122  , 21.619881620755354   , 58.03066591700332  , 10.64583687253829   , 1.46986420760046
0.5817770940465314 , 0.13070709038667028 , 0.2875158155667983 , 159.7176830109377  , 0.9825754715735022  , 24.681224581930728   , 57.941373023760235 , 10.449499506868918  , 1.4706554452747518
0.5287728811308317 , 0.0695240602956492  , 0.4017030585735192 , 130.54789694936613 , 0.5104101208658052  , 46.027677902377505   , 65.28115600797075  ,  8.871804437810752  , 1.6050671557348428
0.5802465954082985 , 0.08453419522448878 , 0.3352192093672127 , 153.9223351606015  , 1.139225876407308   , 35.25865932294809    , 58.33533553485645  , 10.59319241261338   , 1.5260434972770678
0.47131860606159814, 0.08356104542698427 , 0.4451203485114176 , 249.30526175972383 , 0.5174321256448831  , 87.72619417199465    , 73.70220254572355  , 11.703174289787253  , 1.202858455337434
0.5815690609206072 , 0.14785254683891405 , 0.27057839224047875,  77.04346274257094 , 0.9376114405146264  , 35.356364894948115   , 43.86074703786421  , 10.59022926691918   , 1.4993354508506291
0.6498827451541334 , 0.13565372237479267 , 0.21446353247107397, 185.09120906728512 , 0.6064588542488979  , 35.85068074996181    , 51.77922738568365  , 10.196367070859884  , 1.3090414954887448
0.45964240777211124, 0.12011698615902597 , 0.4202406060688627 , 129.20019327712305 , 1.0821621755003965  , 36.819313193661785   , 59.751253452396675 , 11.529545689852736  , 1.7281271359500403
0.6454348368442635 , 0.122705676161539   , 0.2318594869941975 ,  76.60195978146575 , 1.0939254301977055  , 80.31554019529517    , 49.06301612325626  ,  9.674093538526506  , 1.7644032441383293
0.5313815921445741 , 0.1062072794402571  , 0.36241112841516876,  81.7473526748619  , 0.15052932905174643 , 62.47567880130258    , 43.8062458934906   ,  8.112520191073594  , 0.9472753557361001
0.6241506900674518 , 0.1447090667108519  , 0.23114024322169627, 239.85462124912337 , 1.1269673310067596  , 58.9602096306137     , 63.957523060642686 , 11.162522345445105  , 1.7487246160773497
0.6064770968116547 , 0.09962587528823616 , 0.2938970279001091 , 225.9202993423524  , 0.999365067748478   , 32.07773014885077    , 53.66776952099544  , 10.120920717942129  , 1.412227411776644
0.5634032521973336 , 0.08805177098698945 , 0.348544976815677  , 231.40839208300437 , 0.9600073214595669  , 78.51880097591419    , 71.83287279075161  , 11.478809418822163  , 1.691925515075164
0.5976898418502653 , 0.0663035336931591  , 0.3360066244565756 , 248.3065551654773  , 0.2810480406383508  ,  3.682930690147309   , 13.267858860338317 ,  3.963598611809204  , 0.12770207429400032
0.6257031122602696 , 0.1286205652261058  , 0.24567632251362456,  91.66307800170358 , 0.9758870900678647  , 83.59652854445886    , 55.80233318391838  , 11.477760819031545  , 1.837281493016355
0.5308280643302066 , 0.12344439320755914 , 0.3457275424622343 , 121.08786747281235 , 1.0276526448877923  , 49.223990380217245   , 63.86249422320452  , 11.32966894842203   , 1.747316163812591
0.5154066323126477 , 0.08843550385241349 , 0.3961578638349388 , 183.84380598497333 , 0.3825228846222736  , 38.232022546887634   , 59.39582904970332  ,  9.267402293643755  , 1.5831565980001796
0.583518677112717  , 0.05251934139592294 , 0.36396198149136005, 146.76050797212946 , 1.1450990901166722  , 47.728058948897825   , 64.18131015011592  ,  8.26719450058882   , 1.7124001369638948
0.6115691883882517 , 0.13389973277180106 , 0.25453107883994724, 133.6779066756667  , 0.1073391683590389  , 64.07189093124778    , 48.09758162957466  ,  7.762119489016313  , 0.8256089303022498
0.6024570269553231 , 0.051141798345407365, 0.3464011746992695 , 121.56224986711861 , 0.22239564123421063 ,  1.2254809457181466  ,  8.046802076739393 ,  1.5919241848517545 , 0.09555999491622662
0.609562729771727  , 0.12036997796290509 , 0.2700672922653679 , 168.75612638869046 , 0.6682183087592415  , 83.66897821999179    , 67.4915722023072   , 11.28413726008062   , 1.5163042454443687
0.5371166629625866 , 0.1470257109726057  , 0.31585762606480766, 165.1186857280164  , 0.7121613417906562  , 42.88699442989371    , 65.95680999835666  , 11.274073041441751  , 1.4727705460777476
0.6135668432350043 , 0.09376613281482035 , 0.2926670239501753 ,  82.29156681284802 , 0.7919225957960389  , 32.924785891207506   , 49.741492785261336 ,  7.86696367165535   , 1.4942040362234368
0.4740418110741217 , 0.07349734049959528 , 0.45246084842628304, 144.3479675036878  , 0.06951449871278642 , 13.271574300869482   , 23.580006476288023 ,  4.348733281081482  , 0.4168237013615784
0.5588978195921699 , 0.12048710100433817 , 0.32061507940349193, 160.69435524196996 , 1.1544217908154497  , 42.18867593841044    , 66.22134620509684  , 11.300572091415772  , 1.7770652727676337
0.45115173209962434, 0.1317128142015585  , 0.41713545369881716, 164.0573877462781  , 0.1012763066442656  , 47.64698604330037    , 41.91037086688761  ,  7.019768968474399  , 0.8439605205572076
0.5149171659800541 , 0.10464303160778474 , 0.38043980241216113,  92.02143858247035 , 0.21452124563191272 , 38.75008267137387    , 46.46594111306764  ,  7.592745081726311  , 1.1544451535901288
0.5232923069742796 , 0.1467035275256146  , 0.33000416550010575, 198.45427845045737 , 0.06611669515496553 , 65.15136900738212    , 54.40162585769933  ,  9.275211280489225  , 1.337947445983195
0.5292345383218511 , 0.05516687216579611 , 0.4155985895123528 ,  55.03981896421393 , 0.7018871982882089  , 40.40606676088569    , 28.682215583666995 ,  3.2431881659030997 , 1.5343291536701265
0.5890934413379725 , 0.10047955983045281 , 0.3104269988315747 , 120.96637110863253 , 1.122106916509118   , 92.29608747327104    , 69.35802687312898  , 11.21390300432291   , 1.6249139495446332
0.5277116202540691 , 0.121845394732255   , 0.3504429850136759 , 206.0425297071267  , 0.8158392409925338  , 57.53064171106482    , 61.222166373126754 , 11.28221652933818   , 1.7280923433821833
0.5397387245245061 , 0.1362640471149179  , 0.323997228360576  , 162.77858421108047 , 0.9960560887524914  , 77.51788182258326    , 70.60325791355977  , 11.784116941858482  , 1.8091258005568076
0.4975088261748655 , 0.067925561190779   , 0.43456561263435556, 102.23248650217205 , 0.0652733839773671  , 10.49816669850997    , 23.90725714893074  ,  4.130444294195908  , 0.417641948194788
0.524650358325868  , 0.13000034817636813 , 0.34534929349776383, 188.99062386860953 , 0.6733175932516849  , 38.139964122806944   , 59.83702806559427  , 10.52983912131873   , 1.4682807524658537
0.49545392545263034, 0.10527070757185453 , 0.39927536697551513, 163.47818883121468 , 0.5784974241313502  , 32.33737933892666    , 56.93179846543044  , 10.250658826866045  , 1.373436581394855
0.46463918475368876, 0.08965536819899632 , 0.44570544704731485, 209.24872189127743 , 0.623813135853912   , 54.67030926111281    , 62.39750722863911  , 10.983285059577058  , 1.500588535647025
0.5706897186762756 , 0.06317150285790936 , 0.36613877846581505, 197.00503723796467 , 0.13304516313546613 , 82.66689792589686    , 70.68286281204217  , 10.761996116869254  , 1.5999092495520066
0.5836425597110033 , 0.13652957589089124 , 0.2798278643981055 , 172.02158440724693 , 0.8371006652297036  ,  7.52046890515264    , 40.51105041361308  ,  8.29850438187888   , 1.2378227138824853
0.5738980692019229 , 0.06572732081797153 , 0.3603746099801056 , 147.6355350621628  , 0.6287034770874296  ,  6.9671806122922355  , 40.527183974729674 ,  7.987816187902942  , 1.1022225946063797
0.5426988087601144 , 0.08097878592090993 , 0.37632240531897565,  76.63642513350467 , 0.9299211773404535  , 81.6304999831295     , 40.508797064329734 ,  6.248942515611013  , 1.8098719560284937
0.525957156035846  , 0.0790045531962437  , 0.3950382907679103 , 102.26660357707675 , 0.6080842291709727  , 20.433608259682313   , 53.7589294515806   ,  7.936216779345748  , 1.4219374879672755
0.6226667299143651 , 0.13714140341908543 , 0.24019186666654946, 133.81989458341707 , 0.2217888816603969  , 64.20031242718211    , 62.34268662277204  ,  9.67128459110068   , 0.560608581361521
