Cellulose, Hemicellulose, Lignin, Solids Loading [g/L], Enzyme Loading [g/L], Time [h], Glucose Concentration [g/L], Xylose Concentration [g/L], Cellobiose Concentration [g/L]
    0.599,         0.109,  0.292,              119.744,                0.413,        0,                       0.000,                      0.000,                          0.000
    0.599,         0.109,  0.292,              119.744,                0.413,        1,                       9.305,                      2.834,                          0.479
    0.599,         0.109,  0.292,              119.744,                0.413,        2,                      11.975,                      4.228,                          0.672
    0.599,         0.109,  0.292,              119.744,                0.413,        4,                      15.416,                      5.936,                          0.903
    0.599,         0.109,  0.292,              119.744,                0.413,        6,                      17.919,                      7.015,                          1.045
    0.599,         0.109,  0.292,              119.744,                0.413,        8,                      19.974,                      7.785,                          1.141
    0.599,         0.109,  0.292,              119.744,                0.413,       12,                      23.334,                      8.841,                          1.254
    0.599,         0.109,  0.292,              119.744,                0.413,       24,                      30.536,                     10.467,                          1.319
    0.599,         0.109,  0.292,              119.744,                0.413,       48,                      39.611,                     11.781,                          1.116
    0.599,         0.109,  0.292,              119.744,                0.413,       72,                      45.525,                     12.400,                          0.874
    0.599,         0.109,  0.292,              119.744,                0.413,       96,                      49.788,                     12.777,                          0.680
    0.627,         0.097,  0.276,               98.712,                1.156,        0,                       0.000,                      0.000,                          0.000
    0.627,         0.097,  0.276,               98.712,                1.156,        1,                      14.107,                      2.555,                          0.355
    0.627,         0.097,  0.276,               98.712,                1.156,        2,                      18.169,                      3.655,                          0.382
    0.627,         0.097,  0.276,               98.712,                1.156,        4,                      23.209,                      4.935,                          0.361
    0.627,         0.097,  0.276,               98.712,                1.156,        6,                      26.663,                      5.717,                          0.324
    0.627,         0.097,  0.276,               98.712,                1.156,        8,                      29.343,                      6.266,                          0.290
    0.627,         0.097,  0.276,               98.712,                1.156,       12,                      33.413,                      7.009,                          0.234
    0.627,         0.097,  0.276,               98.712,                1.156,       24,                      40.923,                      8.137,                          0.140
    0.627,         0.097,  0.276,               98.712,                1.156,       48,                      48.487,                      9.038,                          0.070
    0.627,         0.097,  0.276,               98.712,                1.156,       72,                      52.570,                      9.454,                          0.043
    0.627,         0.097,  0.276,               98.712,                1.156,       96,                      55.200,                      9.703,                          0.030
    0.612,         0.134,  0.253,              214.891,                0.693,        0,                       0.000,                      0.000,                          0.000
    0.612,         0.134,  0.253,              214.891,                0.693,        1,                      10.702,                     10.374,                          1.102
    0.612,         0.134,  0.253,              214.891,                0.693,        2,                      13.730,                     14.416,                          1.572
    0.612,         0.134,  0.253,              214.891,                0.693,        4,                      18.032,                     18.581,                          2.203
    0.612,         0.134,  0.253,              214.891,                0.693,        6,                      21.447,                     20.848,                          2.649
    0.612,         0.134,  0.253,              214.891,                0.693,        8,                      24.415,                     22.322,                          2.995
    0.612,         0.134,  0.253,              214.891,                0.693,       12,                      29.561,                     24.173,                          3.501
    0.612,         0.134,  0.253,              214.891,                0.693,       24,                      41.636,                     26.709,                          4.256
    0.612,         0.134,  0.253,              214.891,                0.693,       48,                      58.514,                     28.549,                          4.450
    0.612,         0.134,  0.253,              214.891,                0.693,       72,                      70.397,                     29.373,                          4.089
    0.612,         0.134,  0.253,              214.891,                0.693,       96,                      79.382,                     29.869,                          3.597
    0.609,         0.106,  0.285,              205.348,                0.701,        0,                       0.000,                      0.000,                          0.000
    0.609,         0.106,  0.285,              205.348,                0.701,        1,                      15.808,                      5.585,                          0.983
    0.609,         0.106,  0.285,              205.348,                0.701,        2,                      20.357,                      8.031,                          1.380
    0.609,         0.106,  0.285,              205.348,                0.701,        4,                      26.374,                     10.879,                          1.876
    0.609,         0.106,  0.285,              205.348,                0.701,        6,                      30.828,                     12.614,                          2.198
    0.609,         0.106,  0.285,              205.348,                0.701,        8,                      34.511,                     13.827,                          2.429
    0.609,         0.106,  0.285,              205.348,                0.701,       12,                      40.566,                     15.463,                          2.731
    0.609,         0.106,  0.285,              205.348,                0.701,       24,                      53.577,                     17.941,                          3.046
    0.609,         0.106,  0.285,              205.348,                0.701,       48,                      69.906,                     19.930,                          2.830
    0.609,         0.106,  0.285,              205.348,                0.701,       72,                      80.499,                     20.870,                          2.382
    0.609,         0.106,  0.285,              205.348,                0.701,       96,                      88.118,                     21.446,                          1.951
    0.603,         0.132,  0.266,              207.126,                0.351,        0,                       0.000,                      0.000,                          0.000
    0.603,         0.132,  0.266,              207.126,                0.351,        1,                       8.399,                      6.657,                          0.743
    0.603,         0.132,  0.266,              207.126,                0.351,        2,                      10.643,                      9.903,                          1.080
    0.603,         0.132,  0.266,              207.126,                0.351,        4,                      13.659,                     13.734,                          1.545
    0.603,         0.132,  0.266,              207.126,                0.351,        6,                      15.964,                     16.060,                          1.890
    0.603,         0.132,  0.266,              207.126,                0.351,        8,                      17.933,                     17.669,                          2.169
    0.603,         0.132,  0.266,              207.126,                0.351,       12,                      21.313,                     19.806,                          2.613
    0.603,         0.132,  0.266,              207.126,                0.351,       24,                      29.300,                     22.933,                          3.465
    0.603,         0.132,  0.266,              207.126,                0.351,       48,                      41.065,                     25.314,                          4.241
    0.603,         0.132,  0.266,              207.126,                0.351,       72,                      50.022,                     26.394,                          4.489
    0.603,         0.132,  0.266,              207.126,                0.351,       96,                      57.289,                     27.041,                          4.493
    0.619,         0.147,  0.234,               84.335,                0.225,        0,                       0.000,                      0.000,                          0.000
    0.619,         0.147,  0.234,               84.335,                0.225,        1,                       4.484,                      2.699,                          0.294
    0.619,         0.147,  0.234,               84.335,                0.225,        2,                       5.718,                      4.160,                          0.430
    0.619,         0.147,  0.234,               84.335,                0.225,        4,                       7.326,                      5.955,                          0.607
    0.619,         0.147,  0.234,               84.335,                0.225,        6,                       8.526,                      7.071,                          0.728
    0.619,         0.147,  0.234,               84.335,                0.225,        8,                       9.539,                      7.853,                          0.820
    0.619,         0.147,  0.234,               84.335,                0.225,       12,                      11.256,                      8.897,                          0.949
    0.619,         0.147,  0.234,               84.335,                0.225,       24,                      15.236,                     10.426,                          1.124
    0.619,         0.147,  0.234,               84.335,                0.225,       48,                      20.920,                     11.578,                          1.126
    0.619,         0.147,  0.234,               84.335,                0.225,       72,                      25.082,                     12.090,                          1.000
    0.619,         0.147,  0.234,               84.335,                0.225,       96,                      28.334,                     12.394,                          0.856
    0.629,         0.102,  0.269,              164.426,                0.537,        0,                       0.000,                      0.000,                          0.000
    0.629,         0.102,  0.269,              164.426,                0.537,        1,                      14.678,                      3.526,                          0.720
    0.629,         0.102,  0.269,              164.426,                0.537,        2,                      18.933,                      5.186,                          1.005
    0.629,         0.102,  0.269,              164.426,                0.537,        4,                      24.386,                      7.233,                          1.349
    0.629,         0.102,  0.269,              164.426,                0.537,        6,                      28.304,                      8.548,                          1.566
    0.629,         0.102,  0.269,              164.426,                0.537,        8,                      31.480,                      9.501,                          1.715
    0.629,         0.102,  0.269,              164.426,                0.537,       12,                      36.596,                     10.830,                          1.902
    0.629,         0.102,  0.269,              164.426,                0.537,       24,                      47.267,                     12.944,                          2.058
    0.629,         0.102,  0.269,              164.426,                0.537,       48,                      60.270,                     14.723,                          1.837
    0.629,         0.102,  0.269,              164.426,                0.537,       72,                      68.570,                     15.586,                          1.505
    0.629,         0.102,  0.269,              164.426,                0.537,       96,                      74.499,                     16.119,                          1.209
    0.568,         0.144,  0.288,              188.293,                1.025,        0,                       0.000,                      0.000,                          0.000
    0.568,         0.144,  0.288,              188.293,                1.025,        1,                       8.511,                     13.438,                          1.068
    0.568,         0.144,  0.288,              188.293,                1.025,        2,                      11.100,                     17.544,                          1.501
    0.568,         0.144,  0.288,              188.293,                1.025,        4,                      15.029,                     21.201,                          2.054
    0.568,         0.144,  0.288,              188.293,                1.025,        6,                      18.296,                     22.980,                          2.414
    0.568,         0.144,  0.288,              188.293,                1.025,        8,                      21.204,                     24.065,                          2.665
    0.568,         0.144,  0.288,              188.293,                1.025,       12,                      26.335,                     25.358,                          2.964
    0.568,         0.144,  0.288,              188.293,                1.025,       24,                      38.455,                     27.021,                          3.108
    0.568,         0.144,  0.288,              188.293,                1.025,       48,                      54.796,                     28.170,                          2.487
    0.568,         0.144,  0.288,              188.293,                1.025,       72,                      65.514,                     28.678,                          1.825
    0.568,         0.144,  0.288,              188.293,                1.025,       96,                      73.099,                     28.984,                          1.335
    0.583,         0.133,  0.284,               73.807,                0.293,        0,                       0.000,                      0.000,                          0.000
    0.583,         0.133,  0.284,               73.807,                0.293,        1,                       4.631,                      2.300,                          0.265
    0.583,         0.133,  0.284,               73.807,                0.293,        2,                       5.942,                      3.501,                          0.376
    0.583,         0.133,  0.284,               73.807,                0.293,        4,                       7.655,                      4.944,                          0.509
    0.583,         0.133,  0.284,               73.807,                0.293,        6,                       8.932,                      5.826,                          0.589
    0.583,         0.133,  0.284,               73.807,                0.293,        8,                      10.004,                      6.437,                          0.641
    0.583,         0.133,  0.284,               73.807,                0.293,       12,                      11.803,                      7.245,                          0.699
    0.583,         0.133,  0.284,               73.807,                0.293,       24,                      15.848,                      8.418,                          0.712
    0.583,         0.133,  0.284,               73.807,                0.293,       48,                      21.244,                      9.296,                          0.567
    0.583,         0.133,  0.284,               73.807,                0.293,       72,                      24.896,                      9.688,                          0.427
    0.583,         0.133,  0.284,               73.807,                0.293,       96,                      27.584,                      9.920,                          0.325
    0.640,         0.115,  0.245,              111.388,                0.319,        0,                       0.000,                      0.000,                          0.000
    0.640,         0.115,  0.245,              111.388,                0.319,        1,                       8.781,                      2.438,                          0.432
    0.640,         0.115,  0.245,              111.388,                0.319,        2,                      11.319,                      3.693,                          0.613
    0.640,         0.115,  0.245,              111.388,                0.319,        4,                      14.554,                      5.284,                          0.836
    0.640,         0.115,  0.245,              111.388,                0.319,        6,                      16.887,                      6.321,                          0.980
    0.640,         0.115,  0.245,              111.388,                0.319,        8,                      18.792,                      7.077,                          1.082
    0.640,         0.115,  0.245,              111.388,                0.319,       12,                      21.895,                      8.135,                          1.213
    0.640,         0.115,  0.245,              111.388,                0.319,       24,                      28.555,                      9.810,                          1.343
    0.640,         0.115,  0.245,              111.388,                0.319,       48,                      37.078,                     11.204,                          1.235
    0.640,         0.115,  0.245,              111.388,                0.319,       72,                      42.775,                     11.870,                          1.034
    0.640,         0.115,  0.245,              111.388,                0.319,       96,                      46.975,                     12.279,                          0.847
    0.644,         0.081,  0.275,              138.083,                0.493,        0,                       0.000,                      0.000,                          0.000
    0.644,         0.081,  0.275,              138.083,                0.493,        1,                      18.218,                      1.586,                          0.517
    0.644,         0.081,  0.275,              138.083,                0.493,        2,                      23.689,                      2.369,                          0.684
    0.644,         0.081,  0.275,              138.083,                0.493,        4,                      30.267,                      3.421,                          0.858
    0.644,         0.081,  0.275,              138.083,                0.493,        6,                      34.663,                      4.161,                          0.946
    0.644,         0.081,  0.275,              138.083,                0.493,        8,                      38.033,                      4.737,                          0.994
    0.644,         0.081,  0.275,              138.083,                0.493,       12,                      43.134,                      5.601,                          1.030
    0.644,         0.081,  0.275,              138.083,                0.493,       24,                      52.701,                      7.148,                          0.965
    0.644,         0.081,  0.275,              138.083,                0.493,       48,                      62.926,                      8.635,                          0.719
    0.644,         0.081,  0.275,              138.083,                0.493,       72,                      68.869,                      9.417,                          0.525
    0.644,         0.081,  0.275,              138.083,                0.493,       96,                      72.911,                      9.917,                          0.391
    0.646,         0.138,  0.216,              143.122,                0.947,        0,                       0.000,                      0.000,                          0.000
    0.646,         0.138,  0.216,              143.122,                0.947,        1,                      10.834,                      8.076,                          0.906
    0.646,         0.138,  0.216,              143.122,                0.947,        2,                      14.063,                     10.927,                          1.232
    0.646,         0.138,  0.216,              143.122,                0.947,        4,                      18.684,                     13.720,                          1.588
    0.646,         0.138,  0.216,              143.122,                0.947,        6,                      22.332,                     15.187,                          1.772
    0.646,         0.138,  0.216,              143.122,                0.947,        8,                      25.463,                     16.122,                          1.867
    0.646,         0.138,  0.216,              143.122,                0.947,       12,                      30.765,                     17.282,                          1.916
    0.646,         0.138,  0.216,              143.122,                0.947,       24,                      42.388,                     18.852,                          1.665
    0.646,         0.138,  0.216,              143.122,                0.947,       48,                      56.476,                     19.991,                          1.043
    0.646,         0.138,  0.216,              143.122,                0.947,       72,                      64.947,                     20.504,                          0.666
    0.646,         0.138,  0.216,              143.122,                0.947,       96,                      70.664,                     20.813,                          0.453
    0.586,         0.120,  0.294,               62.506,                1.059,        0,                       0.000,                      0.000,                          0.000
    0.586,         0.120,  0.294,               62.506,                1.059,        1,                       6.571,                      2.403,                          0.176
    0.586,         0.120,  0.294,               62.506,                1.059,        2,                       8.522,                      3.438,                          0.184
    0.586,         0.120,  0.294,               62.506,                1.059,        4,                      11.065,                      4.558,                          0.171
    0.586,         0.120,  0.294,               62.506,                1.059,        6,                      12.901,                      5.192,                          0.153
    0.586,         0.120,  0.294,               62.506,                1.059,        8,                      14.379,                      5.613,                          0.137
    0.586,         0.120,  0.294,               62.506,                1.059,       12,                      16.716,                      6.153,                          0.111
    0.586,         0.120,  0.294,               62.506,                1.059,       24,                      21.312,                      6.909,                          0.068
    0.586,         0.120,  0.294,               62.506,                1.059,       48,                      26.277,                      7.463,                          0.035
    0.586,         0.120,  0.294,               62.506,                1.059,       72,                      29.078,                      7.707,                          0.022
    0.586,         0.120,  0.294,               62.506,                1.059,       96,                      30.919,                      7.850,                          0.015
    0.641,         0.117,  0.242,              121.600,                0.673,        0,                       0.000,                      0.000,                          0.000
    0.641,         0.117,  0.242,              121.600,                0.673,        1,                      11.478,                      4.104,                          0.634
    0.641,         0.117,  0.242,              121.600,                0.673,        2,                      14.784,                      5.871,                          0.856
    0.641,         0.117,  0.242,              121.600,                0.673,        4,                      19.168,                      7.859,                          1.090
    0.641,         0.117,  0.242,              121.600,                0.673,        6,                      22.417,                      9.028,                          1.208
    0.641,         0.117,  0.242,              121.600,                0.673,        8,                      25.100,                      9.827,                          1.267
    0.641,         0.117,  0.242,              121.600,                0.673,       12,                      29.483,                     10.879,                          1.297
    0.641,         0.117,  0.242,              121.600,                0.673,       24,                      38.678,                     12.417,                          1.141
    0.641,         0.117,  0.242,              121.600,                0.673,       48,                      49.514,                     13.606,                          0.743
    0.641,         0.117,  0.242,              121.600,                0.673,       72,                      56.024,                     14.154,                          0.491
    0.641,         0.117,  0.242,              121.600,                0.673,       96,                      60.452,                     14.486,                          0.342
    0.572,         0.140,  0.288,               57.738,                0.382,        0,                       0.000,                      0.000,                          0.000
    0.572,         0.140,  0.288,               57.738,                0.382,        1,                       3.942,                      2.249,                          0.213
    0.572,         0.140,  0.288,               57.738,                0.382,        2,                       5.079,                      3.359,                          0.288
    0.572,         0.140,  0.288,               57.738,                0.382,        4,                       6.596,                      4.617,                          0.361
    0.572,         0.140,  0.288,               57.738,                0.382,        6,                       7.745,                      5.347,                          0.393
    0.572,         0.140,  0.288,               57.738,                0.382,        8,                       8.713,                      5.834,                          0.406
    0.572,         0.140,  0.288,               57.738,                0.382,       12,                      10.337,                      6.459,                          0.402
    0.572,         0.140,  0.288,               57.738,                0.382,       24,                      13.909,                      7.325,                          0.331
    0.572,         0.140,  0.288,               57.738,                0.382,       48,                      18.398,                      7.947,                          0.206
    0.572,         0.140,  0.288,               57.738,                0.382,       72,                      21.255,                      8.218,                          0.139
    0.572,         0.140,  0.288,               57.738,                0.382,       96,                      23.279,                      8.377,                          0.100
    0.602,         0.101,  0.298,              212.732,                1.049,        0,                       0.000,                      0.000,                          0.000
    0.602,         0.101,  0.298,              212.732,                1.049,        1,                      19.437,                      6.280,                          1.145
    0.602,         0.101,  0.298,              212.732,                1.049,        2,                      25.108,                      8.817,                          1.560
    0.602,         0.101,  0.298,              212.732,                1.049,        4,                      32.626,                     11.659,                          2.031
    0.602,         0.101,  0.298,              212.732,                1.049,        6,                      38.164,                     13.341,                          2.297
    0.602,         0.101,  0.298,              212.732,                1.049,        8,                      42.706,                     14.499,                          2.459
    0.602,         0.101,  0.298,              212.732,                1.049,       12,                      50.069,                     16.039,                          2.611
    0.602,         0.101,  0.298,              212.732,                1.049,       24,                      65.323,                     18.334,                          2.520
    0.602,         0.101,  0.298,              212.732,                1.049,       48,                      83.129,                     20.156,                          1.865
    0.602,         0.101,  0.298,              212.732,                1.049,       72,                      93.795,                     21.012,                          1.317
    0.602,         0.101,  0.298,              212.732,                1.049,       96,                     101.025,                     21.535,                          0.942
    0.624,         0.079,  0.297,              162.341,                0.869,        0,                       0.000,                      0.000,                          0.000
    0.624,         0.079,  0.297,              162.341,                0.869,        1,                      23.418,                      2.411,                          0.691
    0.624,         0.079,  0.297,              162.341,                0.869,        2,                      30.160,                      3.515,                          0.878
    0.624,         0.079,  0.297,              162.341,                0.869,        4,                      38.271,                      4.927,                          1.039
    0.624,         0.079,  0.297,              162.341,                0.869,        6,                      43.692,                      5.876,                          1.096
    0.624,         0.079,  0.297,              162.341,                0.869,        8,                      47.842,                      6.588,                          1.107
    0.624,         0.079,  0.297,              162.341,                0.869,       12,                      54.093,                      7.621,                          1.071
    0.624,         0.079,  0.297,              162.341,                0.869,       24,                      65.622,                      9.364,                          0.855
    0.624,         0.079,  0.297,              162.341,                0.869,       48,                      77.432,                     10.927,                          0.513
    0.624,         0.079,  0.297,              162.341,                0.869,       72,                      83.959,                     11.708,                          0.329
    0.624,         0.079,  0.297,              162.341,                0.869,       96,                      88.240,                     12.194,                          0.227
    0.636,         0.115,  0.250,              201.913,                0.450,        0,                       0.000,                      0.000,                          0.000
    0.636,         0.115,  0.250,              201.913,                0.450,        1,                      13.038,                      5.031,                          0.842
    0.636,         0.115,  0.250,              201.913,                0.450,        2,                      16.735,                      7.432,                          1.208
    0.636,         0.115,  0.250,              201.913,                0.450,        4,                      21.590,                     10.358,                          1.692
    0.636,         0.115,  0.250,              201.913,                0.450,        6,                      25.183,                     12.208,                          2.032
    0.636,         0.115,  0.250,              201.913,                0.450,        8,                      28.168,                     13.531,                          2.295
    0.636,         0.115,  0.250,              201.913,                0.450,       12,                      33.119,                     15.351,                          2.684
    0.636,         0.115,  0.250,              201.913,                0.450,       24,                      44.067,                     18.177,                          3.312
    0.636,         0.115,  0.250,              201.913,                0.450,       48,                      58.673,                     20.491,                          3.635
    0.636,         0.115,  0.250,              201.913,                0.450,       72,                      68.846,                     21.594,                          3.525
    0.636,         0.115,  0.250,              201.913,                0.450,       96,                      76.600,                     22.273,                          3.270
    0.649,         0.064,  0.287,              167.241,                0.192,        0,                       0.000,                      0.000,                          0.000
    0.649,         0.064,  0.287,              167.241,                0.192,        1,                      17.351,                      0.595,                          0.361
    0.649,         0.064,  0.287,              167.241,                0.192,        2,                      23.483,                      0.908,                          0.498
    0.649,         0.064,  0.287,              167.241,                0.192,        4,                      30.989,                      1.364,                          0.664
    0.649,         0.064,  0.287,              167.241,                0.192,        6,                      36.018,                      1.717,                          0.772
    0.649,         0.064,  0.287,              167.241,                0.192,        8,                      39.859,                      2.014,                          0.850
    0.649,         0.064,  0.287,              167.241,                0.192,       12,                      45.621,                      2.507,                          0.957
    0.649,         0.064,  0.287,              167.241,                0.192,       24,                      56.257,                      3.567,                          1.106
    0.649,         0.064,  0.287,              167.241,                0.192,       48,                      67.527,                      4.897,                          1.154
    0.649,         0.064,  0.287,              167.241,                0.192,       72,                      74.212,                      5.772,                          1.105
    0.649,         0.064,  0.287,              167.241,                0.192,       96,                      78.916,                      6.416,                          1.029
    0.589,         0.134,  0.278,              104.734,                0.760,        0,                       0.000,                      0.000,                          0.000
    0.589,         0.134,  0.278,              104.734,                0.760,        1,                       7.395,                      5.349,                          0.536
    0.589,         0.134,  0.278,              104.734,                0.760,        2,                       9.561,                      7.412,                          0.717
    0.589,         0.134,  0.278,              104.734,                0.760,        4,                      12.622,                      9.486,                          0.898
    0.589,         0.134,  0.278,              104.734,                0.760,        6,                      15.023,                     10.589,                          0.976
    0.589,         0.134,  0.278,              104.734,                0.760,        8,                      17.080,                     11.294,                          1.004
    0.589,         0.134,  0.278,              104.734,                0.760,       12,                      20.555,                     12.168,                          0.989
    0.589,         0.134,  0.278,              104.734,                0.760,       24,                      28.143,                     13.345,                          0.787
    0.589,         0.134,  0.278,              104.734,                0.760,       48,                      37.307,                     14.186,                          0.456
    0.589,         0.134,  0.278,              104.734,                0.760,       72,                      42.840,                     14.559,                          0.288
    0.589,         0.134,  0.278,              104.734,                0.760,       96,                      46.607,                     14.781,                          0.198
    0.576,         0.129,  0.294,              115.725,                1.177,        0,                       0.000,                      0.000,                          0.000
    0.576,         0.129,  0.294,              115.725,                1.177,        1,                       8.696,                      6.448,                          0.584
    0.576,         0.129,  0.294,              115.725,                1.177,        2,                      11.362,                      8.673,                          0.734
    0.576,         0.129,  0.294,              115.725,                1.177,        4,                      15.199,                     10.799,                          0.836
    0.576,         0.129,  0.294,              115.725,                1.177,        6,                      18.212,                     11.891,                          0.842
    0.576,         0.129,  0.294,              115.725,                1.177,        8,                      20.770,                     12.580,                          0.812
    0.576,         0.129,  0.294,              115.725,                1.177,       12,                      25.015,                     13.424,                          0.719
    0.576,         0.129,  0.294,              115.725,                1.177,       24,                      33.883,                     14.554,                          0.471
    0.576,         0.129,  0.294,              115.725,                1.177,       48,                      43.919,                     15.364,                          0.239
    0.576,         0.129,  0.294,              115.725,                1.177,       72,                      49.699,                     15.725,                          0.146
    0.576,         0.129,  0.294,              115.725,                1.177,       96,                      53.531,                     15.940,                          0.099
    0.630,         0.149,  0.221,              226.435,                0.604,        0,                       0.000,                      0.000,                          0.000
    0.630,         0.149,  0.221,              226.435,                0.604,        1,                       9.271,                     12.551,                          1.104
    0.630,         0.149,  0.221,              226.435,                0.604,        2,                      11.845,                     17.415,                          1.584
    0.630,         0.149,  0.221,              226.435,                0.604,        4,                      15.552,                     22.344,                          2.247
    0.630,         0.149,  0.221,              226.435,                0.604,        6,                      18.541,                     24.982,                          2.739
    0.630,         0.149,  0.221,              226.435,                0.604,        8,                      21.173,                     26.677,                          3.135
    0.630,         0.149,  0.221,              226.435,                0.604,       12,                      25.806,                     28.780,                          3.749
    0.630,         0.149,  0.221,              226.435,                0.604,       24,                      37.020,                     31.607,                          4.837
    0.630,         0.149,  0.221,              226.435,                0.604,       48,                      53.486,                     33.614,                          5.569
    0.630,         0.149,  0.221,              226.435,                0.604,       72,                      65.661,                     34.499,                          5.553
    0.630,         0.149,  0.221,              226.435,                0.604,       96,                      75.225,                     35.028,                          5.251
    0.637,         0.108,  0.254,               68.128,                0.907,        0,                       0.000,                      0.000,                          0.000
    0.637,         0.108,  0.254,               68.128,                0.907,        1,                       9.203,                      1.966,                          0.224
    0.637,         0.108,  0.254,               68.128,                0.907,        2,                      11.885,                      2.854,                          0.238
    0.637,         0.108,  0.254,               68.128,                0.907,        4,                      15.232,                      3.885,                          0.222
    0.637,         0.108,  0.254,               68.128,                0.907,        6,                      17.551,                      4.509,                          0.199
    0.637,         0.108,  0.254,               68.128,                0.907,        8,                      19.368,                      4.942,                          0.178
    0.637,         0.108,  0.254,               68.128,                0.907,       12,                      22.159,                      5.523,                          0.144
    0.637,         0.108,  0.254,               68.128,                0.907,       24,                      27.425,                      6.387,                          0.088
    0.637,         0.108,  0.254,               68.128,                0.907,       48,                      32.884,                      7.060,                          0.045
    0.637,         0.108,  0.254,               68.128,                0.907,       72,                      35.895,                      7.366,                          0.028
    0.637,         0.108,  0.254,               68.128,                0.907,       96,                      37.857,                      7.548,                          0.020
    0.632,         0.094,  0.274,              198.894,                0.338,        0,                       0.000,                      0.000,                          0.000
    0.632,         0.094,  0.274,              198.894,                0.338,        1,                      15.739,                      2.485,                          0.644
    0.632,         0.094,  0.274,              198.894,                0.338,        2,                      20.500,                      3.761,                          0.917
    0.632,         0.094,  0.274,              198.894,                0.338,        4,                      26.479,                      5.482,                          1.271
    0.632,         0.094,  0.274,              198.894,                0.338,        6,                      30.677,                      6.692,                          1.516
    0.632,         0.094,  0.274,              198.894,                0.338,        8,                      34.026,                      7.627,                          1.702
    0.632,         0.094,  0.274,              198.894,                0.338,       12,                      39.339,                      9.027,                          1.976
    0.632,         0.094,  0.274,              198.894,                0.338,       24,                      50.256,                     11.512,                          2.414
    0.632,         0.094,  0.274,              198.894,                0.338,       48,                      63.692,                     13.892,                          2.660
    0.632,         0.094,  0.274,              198.894,                0.338,       72,                      72.628,                     15.148,                          2.618
    0.632,         0.094,  0.274,              198.894,                0.338,       96,                      79.320,                     15.960,                          2.473
    0.595,         0.136,  0.269,              181.247,                0.556,        0,                       0.000,                      0.000,                          0.000
    0.595,         0.136,  0.269,              181.247,                0.556,        1,                       8.500,                      8.375,                          0.842
    0.595,         0.136,  0.269,              181.247,                0.556,        2,                      10.853,                     11.839,                          1.207
    0.595,         0.136,  0.269,              181.247,                0.556,        4,                      14.161,                     15.485,                          1.695
    0.595,         0.136,  0.269,              181.247,                0.556,        6,                      16.776,                     17.494,                          2.042
    0.595,         0.136,  0.269,              181.247,                0.556,        8,                      19.050,                     18.805,                          2.311
    0.595,         0.136,  0.269,              181.247,                0.556,       12,                      23.000,                     20.457,                          2.705
    0.595,         0.136,  0.269,              181.247,                0.556,       24,                      32.355,                     22.716,                          3.298
    0.595,         0.136,  0.269,              181.247,                0.556,       48,                      45.674,                     24.342,                          3.453
    0.595,         0.136,  0.269,              181.247,                0.556,       72,                      55.227,                     25.062,                          3.170
    0.595,         0.136,  0.269,              181.247,                0.556,       96,                      62.542,                     25.492,                          2.783
    0.606,         0.142,  0.252,               82.823,                0.583,        0,                       0.000,                      0.000,                          0.000
    0.606,         0.142,  0.252,               82.823,                0.583,        1,                       5.975,                      4.089,                          0.399
    0.606,         0.142,  0.252,               82.823,                0.583,        2,                       7.700,                      5.801,                          0.537
    0.606,         0.142,  0.252,               82.823,                0.583,        4,                      10.096,                      7.585,                          0.675
    0.606,         0.142,  0.252,               82.823,                0.583,        6,                      11.960,                      8.556,                          0.737
    0.606,         0.142,  0.252,               82.823,                0.583,        8,                      13.551,                      9.185,                          0.761
    0.606,         0.142,  0.252,               82.823,                0.583,       12,                      16.241,                      9.970,                          0.754
    0.606,         0.142,  0.252,               82.823,                0.583,       24,                      22.154,                     11.032,                          0.611
    0.606,         0.142,  0.252,               82.823,                0.583,       48,                      29.424,                     11.789,                          0.365
    0.606,         0.142,  0.252,               82.823,                0.583,       72,                      33.904,                     12.122,                          0.235
    0.606,         0.142,  0.252,               82.823,                0.583,       96,                      36.997,                     12.319,                          0.165
    0.643,         0.089,  0.268,              168.349,                1.139,        0,                       0.000,                      0.000,                          0.000
    0.643,         0.089,  0.268,              168.349,                1.139,        1,                      24.376,                      3.521,                          0.824
    0.643,         0.089,  0.268,              168.349,                1.139,        2,                      31.351,                      5.028,                          1.028
    0.643,         0.089,  0.268,              168.349,                1.139,        4,                      39.954,                      6.849,                          1.181
    0.643,         0.089,  0.268,              168.349,                1.139,        6,                      45.836,                      8.008,                          1.214
    0.643,         0.089,  0.268,              168.349,                1.139,        8,                      50.402,                      8.845,                          1.199
    0.643,         0.089,  0.268,              168.349,                1.139,       12,                      57.362,                     10.013,                          1.113
    0.643,         0.089,  0.268,              168.349,                1.139,       24,                      70.328,                     11.877,                          0.806
    0.643,         0.089,  0.268,              168.349,                1.139,       48,                      83.540,                     13.452,                          0.433
    0.643,         0.089,  0.268,              168.349,                1.139,       72,                      90.729,                     14.210,                          0.265
    0.643,         0.089,  0.268,              168.349,                1.139,       96,                      95.385,                     14.673,                          0.179
    0.616,         0.087,  0.297,              224.563,                0.729,        0,                       0.000,                      0.000,                          0.000
    0.616,         0.087,  0.297,              224.563,                0.729,        1,                      23.478,                      3.593,                          0.953
    0.616,         0.087,  0.297,              224.563,                0.729,        2,                      30.392,                      5.249,                          1.309
    0.616,         0.087,  0.297,              224.563,                0.729,        4,                      39.045,                      7.354,                          1.730
    0.616,         0.087,  0.297,              224.563,                0.729,        6,                      45.075,                      8.757,                          1.990
    0.616,         0.087,  0.297,              224.563,                0.729,        8,                      49.841,                      9.805,                          2.168
    0.616,         0.087,  0.297,              224.563,                0.729,       12,                      57.298,                     11.318,                          2.385
    0.616,         0.087,  0.297,              224.563,                0.729,       24,                      72.076,                     13.857,                          2.561
    0.616,         0.087,  0.297,              224.563,                0.729,       48,                      88.990,                     16.137,                          2.298
    0.616,         0.087,  0.297,              224.563,                0.729,       72,                      99.336,                     17.288,                          1.904
    0.616,         0.087,  0.297,              224.563,                0.729,       96,                     106.574,                     18.012,                          1.546
    0.588,         0.118,  0.295,              192.715,                1.066,        0,                       0.000,                      0.000,                          0.000
    0.588,         0.118,  0.295,              192.715,                1.066,        1,                      13.478,                      8.692,                          1.114
    0.588,         0.118,  0.295,              192.715,                1.066,        2,                      17.468,                     11.835,                          1.533
    0.588,         0.118,  0.295,              192.715,                1.066,        4,                      23.095,                     15.008,                          2.021
    0.588,         0.118,  0.295,              192.715,                1.066,        6,                      27.481,                     16.719,                          2.303
    0.588,         0.118,  0.295,              192.715,                1.066,        8,                      31.219,                     17.829,                          2.475
    0.588,         0.118,  0.295,              192.715,                1.066,       12,                      37.516,                     19.226,                          2.636
    0.588,         0.118,  0.295,              192.715,                1.066,       24,                      51.305,                     21.158,                          2.521
    0.588,         0.118,  0.295,              192.715,                1.066,       48,                      68.242,                     22.588,                          1.802
    0.588,         0.118,  0.295,              192.715,                1.066,       72,                      78.616,                     23.239,                          1.234
    0.588,         0.118,  0.295,              192.715,                1.066,       96,                      85.690,                     23.633,                          0.864
    0.644,         0.125,  0.231,              196.155,                0.801,        0,                       0.000,                      0.000,                          0.000
    0.644,         0.125,  0.231,              196.155,                0.801,        1,                      13.988,                      8.141,                          1.129
    0.644,         0.125,  0.231,              196.155,                0.801,        2,                      18.033,                     11.352,                          1.586
    0.644,         0.125,  0.231,              196.155,                0.801,        4,                      23.622,                     14.777,                          2.160
    0.644,         0.125,  0.231,              196.155,                0.801,        6,                      27.925,                     16.707,                          2.533
    0.644,         0.125,  0.231,              196.155,                0.801,        8,                      31.576,                     17.991,                          2.799
    0.644,         0.125,  0.231,              196.155,                0.801,       12,                      37.729,                     19.644,                          3.139
    0.644,         0.125,  0.231,              196.155,                0.801,       24,                      51.401,                     21.989,                          3.447
    0.644,         0.125,  0.231,              196.155,                0.801,       48,                      68.996,                     23.760,                          3.073
    0.644,         0.125,  0.231,              196.155,                0.801,       72,                      80.453,                     24.572,                          2.483
    0.644,         0.125,  0.231,              196.155,                0.801,       96,                      88.639,                     25.064,                          1.960
    0.578,         0.129,  0.293,              164.643,                0.808,        0,                       0.000,                      0.000,                          0.000
    0.578,         0.129,  0.293,              164.643,                0.808,        1,                       9.498,                      8.259,                          0.879
    0.578,         0.129,  0.293,              164.643,                0.808,        2,                      12.251,                     11.329,                          1.230
    0.578,         0.129,  0.293,              164.643,                0.808,        4,                      16.185,                     14.391,                          1.662
    0.578,         0.129,  0.293,              164.643,                0.808,        6,                      19.309,                     16.014,                          1.933
    0.578,         0.129,  0.293,              164.643,                0.808,        8,                      22.017,                     17.053,                          2.115
    0.578,         0.129,  0.293,              164.643,                0.808,       12,                      26.675,                     18.340,                          2.324
    0.578,         0.129,  0.293,              164.643,                0.808,       24,                      37.311,                     20.077,                          2.391
    0.578,         0.129,  0.293,              164.643,                0.808,       48,                      51.232,                     21.324,                          1.892
    0.578,         0.129,  0.293,              164.643,                0.808,       72,                      60.249,                     21.881,                          1.388
    0.578,         0.129,  0.293,              164.643,                0.808,       96,                      66.614,                     22.215,                          1.019
    0.596,         0.132,  0.272,              181.521,                0.496,        0,                       0.000,                      0.000,                          0.000
    0.596,         0.132,  0.272,              181.521,                0.496,        1,                       8.642,                      7.380,                          0.797
    0.596,         0.132,  0.272,              181.521,                0.496,        2,                      11.014,                     10.601,                          1.146
    0.596,         0.132,  0.272,              181.521,                0.496,        4,                      14.294,                     14.122,                          1.614
    0.596,         0.132,  0.272,              181.521,                0.496,        6,                      16.852,                     16.125,                          1.948
    0.596,         0.132,  0.272,              181.521,                0.496,        8,                      19.058,                     17.458,                          2.209
    0.596,         0.132,  0.272,              181.521,                0.496,       12,                      22.869,                     19.164,                          2.597
    0.596,         0.132,  0.272,              181.521,                0.496,       24,                      31.835,                     21.549,                          3.214
    0.596,         0.132,  0.272,              181.521,                0.496,       48,                      44.613,                     23.297,                          3.466
    0.596,         0.132,  0.272,              181.521,                0.496,       72,                      53.856,                     24.078,                          3.271
    0.596,         0.132,  0.272,              181.521,                0.496,       96,                      61.003,                     24.545,                          2.947
    0.554,         0.149,  0.298,              123.874,                0.760,        0,                       0.000,                      0.000,                          0.000
    0.554,         0.149,  0.298,              123.874,                0.760,        1,                       5.881,                      8.397,                          0.626
    0.554,         0.149,  0.298,              123.874,                0.760,        2,                       7.611,                     11.288,                          0.871
    0.554,         0.149,  0.298,              123.874,                0.760,        4,                      10.188,                     13.957,                          1.163
    0.554,         0.149,  0.298,              123.874,                0.760,        6,                      12.312,                     15.279,                          1.336
    0.554,         0.149,  0.298,              123.874,                0.760,        8,                      14.198,                     16.090,                          1.443
    0.554,         0.149,  0.298,              123.874,                0.760,       12,                      17.516,                     17.057,                          1.542
    0.554,         0.149,  0.298,              123.874,                0.760,       24,                      25.314,                     18.295,                          1.462
    0.554,         0.149,  0.298,              123.874,                0.760,       48,                      35.682,                     19.138,                          1.016
    0.554,         0.149,  0.298,              123.874,                0.760,       72,                      42.379,                     19.504,                          0.688
    0.554,         0.149,  0.298,              123.874,                0.760,       96,                      47.088,                     19.721,                          0.485
    0.635,         0.107,  0.258,               80.513,                0.964,        0,                       0.000,                      0.000,                          0.000
    0.635,         0.107,  0.258,               80.513,                0.964,        1,                      10.653,                      2.386,                          0.296
    0.635,         0.107,  0.258,               80.513,                0.964,        2,                      13.751,                      3.429,                          0.326
    0.635,         0.107,  0.258,               80.513,                0.964,        4,                      17.660,                      4.625,                          0.315
    0.635,         0.107,  0.258,               80.513,                0.964,        6,                      20.392,                      5.343,                          0.287
    0.635,         0.107,  0.258,               80.513,                0.964,        8,                      22.541,                      5.839,                          0.259
    0.635,         0.107,  0.258,               80.513,                0.964,       12,                      25.856,                      6.501,                          0.212
    0.635,         0.107,  0.258,               80.513,                0.964,       24,                      32.127,                      7.484,                          0.129
    0.635,         0.107,  0.258,               80.513,                0.964,       48,                      38.628,                      8.251,                          0.066
    0.635,         0.107,  0.258,               80.513,                0.964,       72,                      42.206,                      8.601,                          0.041
    0.635,         0.107,  0.258,               80.513,                0.964,       96,                      44.535,                      8.810,                          0.028
    0.648,         0.058,  0.294,               92.923,                1.051,        0,                       0.000,                      0.000,                          0.000
    0.648,         0.058,  0.294,               92.923,                1.051,        1,                      21.526,                      0.719,                          0.220
    0.648,         0.058,  0.294,               92.923,                1.051,        2,                      27.423,                      1.074,                          0.197
    0.648,         0.058,  0.294,               92.923,                1.051,        4,                      33.761,                      1.567,                          0.148
    0.648,         0.058,  0.294,               92.923,                1.051,        6,                      37.529,                      1.926,                          0.116
    0.648,         0.058,  0.294,               92.923,                1.051,        8,                      40.177,                      2.213,                          0.095
    0.648,         0.058,  0.294,               92.923,                1.051,       12,                      43.814,                      2.655,                          0.070
    0.648,         0.058,  0.294,               92.923,                1.051,       24,                      49.612,                      3.471,                          0.039
    0.648,         0.058,  0.294,               92.923,                1.051,       48,                      54.652,                      4.269,                          0.019
    0.648,         0.058,  0.294,               92.923,                1.051,       72,                      57.170,                      4.682,                          0.012
    0.648,         0.058,  0.294,               92.923,                1.051,       96,                      58.746,                      4.941,                          0.009
    0.625,         0.145,  0.230,               62.985,                0.691,        0,                       0.000,                      0.000,                          0.000
    0.625,         0.145,  0.230,               62.985,                0.691,        1,                       5.456,                      3.197,                          0.273
    0.625,         0.145,  0.230,               62.985,                0.691,        2,                       7.070,                      4.542,                          0.338
    0.625,         0.145,  0.230,               62.985,                0.691,        4,                       9.286,                      5.942,                          0.376
    0.625,         0.145,  0.230,               62.985,                0.691,        6,                      10.976,                      6.705,                          0.374
    0.625,         0.145,  0.230,               62.985,                0.691,        8,                      12.392,                      7.198,                          0.358
    0.625,         0.145,  0.230,               62.985,                0.691,       12,                      14.721,                      7.815,                          0.315
    0.625,         0.145,  0.230,               62.985,                0.691,       24,                      19.593,                      8.651,                          0.211
    0.625,         0.145,  0.230,               62.985,                0.691,       48,                      25.231,                      9.247,                          0.113
    0.625,         0.145,  0.230,               62.985,                0.691,       72,                      28.572,                      9.507,                          0.071
    0.625,         0.145,  0.230,               62.985,                0.691,       96,                      30.831,                      9.660,                          0.050
    0.632,         0.144,  0.224,              162.316,                0.619,        0,                       0.000,                      0.000,                          0.000
    0.632,         0.144,  0.224,              162.316,                0.619,        1,                       8.817,                      8.622,                          0.872
    0.632,         0.144,  0.224,              162.316,                0.619,        2,                      11.308,                     11.993,                          1.240
    0.632,         0.144,  0.224,              162.316,                0.619,        4,                      14.851,                     15.430,                          1.721
    0.632,         0.144,  0.224,              162.316,                0.619,        6,                      17.669,                     17.279,                          2.051
    0.632,         0.144,  0.224,              162.316,                0.619,        8,                      20.122,                     18.471,                          2.296
    0.632,         0.144,  0.224,              162.316,                0.619,       12,                      24.379,                     19.956,                          2.633
    0.632,         0.144,  0.224,              162.316,                0.619,       24,                      34.357,                     21.963,                          3.034
    0.632,         0.144,  0.224,              162.316,                0.619,       48,                      48.168,                     23.399,                          2.879
    0.632,         0.144,  0.224,              162.316,                0.619,       72,                      57.710,                     24.036,                          2.430
    0.632,         0.144,  0.224,              162.316,                0.619,       96,                      64.786,                     24.417,                          1.985
    0.619,         0.146,  0.235,               99.937,                0.147,        0,                       0.000,                      0.000,                          0.000
    0.619,         0.146,  0.235,               99.937,                0.147,        1,                       4.219,                      2.388,                          0.271
    0.619,         0.146,  0.235,               99.937,                0.147,        2,                       5.373,                      3.810,                          0.405
    0.619,         0.146,  0.235,               99.937,                0.147,        4,                       6.835,                      5.698,                          0.589
    0.619,         0.146,  0.235,               99.937,                0.147,        6,                       7.900,                      6.960,                          0.723
    0.619,         0.146,  0.235,               99.937,                0.147,        8,                       8.786,                      7.886,                          0.831
    0.619,         0.146,  0.235,               99.937,                0.147,       12,                      10.271,                      9.183,                          1.000
    0.619,         0.146,  0.235,               99.937,                0.147,       24,                      13.702,                     11.211,                          1.314
    0.619,         0.146,  0.235,               99.937,                0.147,       48,                      18.753,                     12.835,                          1.577
    0.619,         0.146,  0.235,               99.937,                0.147,       72,                      22.680,                     13.580,                          1.638
    0.619,         0.146,  0.235,               99.937,                0.147,       96,                      25.936,                     14.025,                          1.610
    0.638,         0.112,  0.250,               95.983,                0.264,        0,                       0.000,                      0.000,                          0.000
    0.638,         0.112,  0.250,               95.983,                0.264,        1,                       7.870,                      1.760,                          0.337
    0.638,         0.112,  0.250,               95.983,                0.264,        2,                      10.198,                      2.708,                          0.478
    0.638,         0.112,  0.250,               95.983,                0.264,        4,                      13.118,                      3.952,                          0.649
    0.638,         0.112,  0.250,               95.983,                0.264,        6,                      15.189,                      4.789,                          0.756
    0.638,         0.112,  0.250,               95.983,                0.264,        8,                      16.861,                      5.413,                          0.831
    0.638,         0.112,  0.250,               95.983,                0.264,       12,                      19.553,                      6.307,                          0.924
    0.638,         0.112,  0.250,               95.983,                0.264,       24,                      25.230,                      7.771,                          1.006
    0.638,         0.112,  0.250,               95.983,                0.264,       48,                      32.374,                      9.032,                          0.906
    0.638,         0.112,  0.250,               95.983,                0.264,       72,                      37.114,                      9.646,                          0.750
    0.638,         0.112,  0.250,               95.983,                0.264,       96,                      40.603,                     10.026,                          0.610
    0.565,         0.143,  0.292,              181.425,                0.076,        0,                       0.000,                      0.000,                          0.000
    0.565,         0.143,  0.292,              181.425,                0.076,        1,                       3.622,                      2.642,                          0.258
    0.565,         0.143,  0.292,              181.425,                0.076,        2,                       4.564,                      4.421,                          0.394
    0.565,         0.143,  0.292,              181.425,                0.076,        4,                       5.714,                      7.035,                          0.587
    0.565,         0.143,  0.292,              181.425,                0.076,        6,                       6.524,                      8.959,                          0.734
    0.565,         0.143,  0.292,              181.425,                0.076,        8,                       7.184,                     10.472,                          0.856
    0.565,         0.143,  0.292,              181.425,                0.076,       12,                       8.270,                     12.745,                          1.061
    0.565,         0.143,  0.292,              181.425,                0.076,       24,                      10.738,                     16.697,                          1.516
    0.565,         0.143,  0.292,              181.425,                0.076,       48,                      14.439,                     20.236,                          2.133
    0.565,         0.143,  0.292,              181.425,                0.076,       72,                      17.484,                     21.965,                          2.569
    0.565,         0.143,  0.292,              181.425,                0.076,       96,                      20.176,                     23.021,                          2.902
    0.603,         0.135,  0.262,              125.630,                1.079,        0,                       0.000,                      0.000,                          0.000
    0.603,         0.135,  0.262,              125.630,                1.079,        1,                       9.255,                      7.350,                          0.717
    0.603,         0.135,  0.262,              125.630,                1.079,        2,                      12.071,                      9.860,                          0.938
    0.603,         0.135,  0.262,              125.630,                1.079,        4,                      16.148,                     12.253,                          1.136
    0.603,         0.135,  0.262,              125.630,                1.079,        6,                      19.382,                     13.480,                          1.202
    0.603,         0.135,  0.262,              125.630,                1.079,        8,                      22.154,                     14.253,                          1.207
    0.603,         0.135,  0.262,              125.630,                1.079,       12,                      26.814,                     15.200,                          1.138
    0.603,         0.135,  0.262,              125.630,                1.079,       24,                      36.785,                     16.464,                          0.825
    0.603,         0.135,  0.262,              125.630,                1.079,       48,                      48.358,                     17.371,                          0.437
    0.603,         0.135,  0.262,              125.630,                1.079,       72,                      55.106,                     17.777,                          0.267
    0.603,         0.135,  0.262,              125.630,                1.079,       96,                      59.605,                     18.020,                          0.181
    0.647,         0.064,  0.289,              247.855,                0.655,        0,                       0.000,                      0.000,                          0.000
    0.647,         0.064,  0.289,              247.855,                0.655,        1,                      36.979,                      1.577,                          0.822
    0.647,         0.064,  0.289,              247.855,                0.655,        2,                      48.304,                      2.331,                          1.089
    0.647,         0.064,  0.289,              247.855,                0.655,        4,                      61.635,                      3.392,                          1.386
    0.647,         0.064,  0.289,              247.855,                0.655,        6,                      70.269,                      4.184,                          1.557
    0.647,         0.064,  0.289,              247.855,                0.655,        8,                      76.710,                      4.828,                          1.668
    0.647,         0.064,  0.289,              247.855,                0.655,       12,                      86.147,                      5.855,                          1.795
    0.647,         0.064,  0.289,              247.855,                0.655,       24,                     102.886,                      7.894,                          1.868
    0.647,         0.064,  0.289,              247.855,                0.655,       48,                     119.687,                     10.146,                          1.662
    0.647,         0.064,  0.289,              247.855,                0.655,       72,                     129.157,                     11.459,                          1.394
    0.647,         0.064,  0.289,              247.855,                0.655,       96,                     135.558,                     12.349,                          1.155
    0.628,         0.110,  0.262,              203.793,                0.053,        0,                       0.000,                      0.000,                          0.000
    0.628,         0.110,  0.262,              203.793,                0.053,        1,                       6.029,                      1.097,                          0.241
    0.628,         0.110,  0.262,              203.793,                0.053,        2,                       7.994,                      1.811,                          0.370
    0.628,         0.110,  0.262,              203.793,                0.053,        4,                      10.421,                      2.909,                          0.554
    0.628,         0.110,  0.262,              203.793,                0.053,        6,                      12.106,                      3.781,                          0.696
    0.628,         0.110,  0.262,              203.793,                0.053,        8,                      13.445,                      4.517,                          0.815
    0.628,         0.110,  0.262,              203.793,                0.053,       12,                      15.571,                      5.729,                          1.012
    0.628,         0.110,  0.262,              203.793,                0.053,       24,                      20.027,                      8.251,                          1.438
    0.628,         0.110,  0.262,              203.793,                0.053,       48,                      25.914,                     11.193,                          1.992
    0.628,         0.110,  0.262,              203.793,                0.053,       72,                      30.270,                     12.987,                          2.371
    0.628,         0.110,  0.262,              203.793,                0.053,       96,                      33.874,                     14.242,                          2.658
    0.608,         0.128,  0.264,              221.245,                1.167,        0,                       0.000,                      0.000,                          0.000
    0.608,         0.128,  0.264,              221.245,                1.167,        1,                      13.867,                     12.051,                          1.388
    0.608,         0.128,  0.264,              221.245,                1.167,        2,                      18.052,                     16.070,                          1.934
    0.608,         0.128,  0.264,              221.245,                1.167,        4,                      24.120,                     19.942,                          2.605
    0.608,         0.128,  0.264,              221.245,                1.167,        6,                      28.959,                     21.957,                          3.025
    0.608,         0.128,  0.264,              221.245,                1.167,        8,                      33.145,                     23.238,                          3.306
    0.608,         0.128,  0.264,              221.245,                1.167,       12,                      40.302,                     24.824,                          3.627
    0.608,         0.128,  0.264,              221.245,                1.167,       24,                      56.372,                     26.972,                          3.726
    0.608,         0.128,  0.264,              221.245,                1.167,       48,                      76.783,                     28.537,                          2.944
    0.608,         0.128,  0.264,              221.245,                1.167,       72,                      89.638,                     29.247,                          2.152
    0.608,         0.128,  0.264,              221.245,                1.167,       96,                      98.541,                     29.677,                          1.567
    0.631,         0.085,  0.284,              208.952,                0.193,        0,                       0.000,                      0.000,                          0.000
    0.631,         0.085,  0.284,              208.952,                0.193,        1,                      14.396,                      1.446,                          0.473
    0.631,         0.085,  0.284,              208.952,                0.193,        2,                      19.087,                      2.232,                          0.681
    0.631,         0.085,  0.284,              208.952,                0.193,        4,                      24.948,                      3.357,                          0.959
    0.631,         0.085,  0.284,              208.952,                0.193,        6,                      29.016,                      4.201,                          1.157
    0.631,         0.085,  0.284,              208.952,                0.193,        8,                      32.226,                      4.887,                          1.313
    0.631,         0.085,  0.284,              208.952,                0.193,       12,                      37.254,                      5.977,                          1.552
    0.631,         0.085,  0.284,              208.952,                0.193,       24,                      47.374,                      8.128,                          1.991
    0.631,         0.085,  0.284,              208.952,                0.193,       48,                      59.623,                     10.497,                          2.388
    0.631,         0.085,  0.284,              208.952,                0.193,       72,                      67.795,                     11.890,                          2.538
    0.631,         0.085,  0.284,              208.952,                0.193,       96,                      74.000,                     12.849,                          2.577
    0.640,         0.094,  0.266,               83.005,                0.993,        0,                       0.000,                      0.000,                          0.000
    0.640,         0.094,  0.266,               83.005,                0.993,        1,                      12.994,                      1.826,                          0.271
    0.640,         0.094,  0.266,               83.005,                0.993,        2,                      16.719,                      2.657,                          0.282
    0.640,         0.094,  0.266,               83.005,                0.993,        4,                      21.211,                      3.663,                          0.257
    0.640,         0.094,  0.266,               83.005,                0.993,        6,                      24.215,                      4.300,                          0.226
    0.640,         0.094,  0.266,               83.005,                0.993,        8,                      26.510,                      4.757,                          0.200
    0.640,         0.094,  0.266,               83.005,                0.993,       12,                      29.946,                      5.389,                          0.160
    0.640,         0.094,  0.266,               83.005,                0.993,       24,                      36.177,                      6.376,                          0.096
    0.640,         0.094,  0.266,               83.005,                0.993,       48,                      42.370,                      7.183,                          0.049
    0.640,         0.094,  0.266,               83.005,                0.993,       72,                      45.701,                      7.560,                          0.031
    0.640,         0.094,  0.266,               83.005,                0.993,       96,                      47.848,                      7.786,                          0.021
    0.634,         0.087,  0.279,              104.906,                0.224,        0,                       0.000,                      0.000,                          0.000
    0.634,         0.087,  0.279,              104.906,                0.224,        1,                      10.201,                      0.966,                          0.299
    0.634,         0.087,  0.279,              104.906,                0.224,        2,                      13.479,                      1.498,                          0.417
    0.634,         0.087,  0.279,              104.906,                0.224,        4,                      17.469,                      2.245,                          0.554
    0.634,         0.087,  0.279,              104.906,                0.224,        6,                      20.178,                      2.791,                          0.638
    0.634,         0.087,  0.279,              104.906,                0.224,        8,                      22.285,                      3.225,                          0.695
    0.634,         0.087,  0.279,              104.906,                0.224,       12,                      25.534,                      3.896,                          0.764
    0.634,         0.087,  0.279,              104.906,                0.224,       24,                      31.880,                      5.146,                          0.822
    0.634,         0.087,  0.279,              104.906,                0.224,       48,                      39.180,                      6.412,                          0.749
    0.634,         0.087,  0.279,              104.906,                0.224,       72,                      43.767,                      7.104,                          0.635
    0.634,         0.087,  0.279,              104.906,                0.224,       96,                      47.073,                      7.557,                          0.530
    0.630,         0.131,  0.239,              207.181,                0.383,        0,                       0.000,                      0.000,                          0.000
    0.630,         0.131,  0.239,              207.181,                0.383,        1,                       9.804,                      6.539,                          0.815
    0.630,         0.131,  0.239,              207.181,                0.383,        2,                      12.473,                      9.674,                          1.182
    0.630,         0.131,  0.239,              207.181,                0.383,        4,                      16.053,                     13.383,                          1.683
    0.630,         0.131,  0.239,              207.181,                0.383,        6,                      18.775,                     15.646,                          2.049
    0.630,         0.131,  0.239,              207.181,                0.383,        8,                      21.088,                     17.221,                          2.344
    0.630,         0.131,  0.239,              207.181,                0.383,       12,                      25.030,                     19.326,                          2.805
    0.630,         0.131,  0.239,              207.181,                0.383,       24,                      34.205,                     22.443,                          3.658
    0.630,         0.131,  0.239,              207.181,                0.383,       48,                      47.385,                     24.858,                          4.365
    0.630,         0.131,  0.239,              207.181,                0.383,       72,                      57.182,                     25.967,                          4.528
    0.630,         0.131,  0.239,              207.181,                0.383,       96,                      64.992,                     26.637,                          4.454
    0.615,         0.105,  0.279,               87.555,                0.533,        0,                       0.000,                      0.000,                          0.000
    0.615,         0.105,  0.279,               87.555,                0.533,        1,                       9.360,                      2.141,                          0.365
    0.615,         0.105,  0.279,               87.555,                0.533,        2,                      12.081,                      3.163,                          0.473
    0.615,         0.105,  0.279,               87.555,                0.533,        4,                      15.531,                      4.395,                          0.566
    0.615,         0.105,  0.279,               87.555,                0.533,        6,                      17.984,                      5.166,                          0.598
    0.615,         0.105,  0.279,               87.555,                0.533,        8,                      19.954,                      5.712,                          0.603
    0.615,         0.105,  0.279,               87.555,                0.533,       12,                      23.077,                      6.456,                          0.578
    0.615,         0.105,  0.279,               87.555,                0.533,       24,                      29.332,                      7.596,                          0.448
    0.615,         0.105,  0.279,               87.555,                0.533,       48,                      36.350,                      8.513,                          0.262
    0.615,         0.105,  0.279,               87.555,                0.533,       72,                      40.466,                      8.941,                          0.170
    0.615,         0.105,  0.279,               87.555,                0.533,       96,                      43.251,                      9.200,                          0.119
    0.644,         0.148,  0.208,              222.750,                1.194,        0,                       0.000,                      0.000,                          0.000
    0.644,         0.148,  0.208,              222.750,                1.194,        1,                      12.344,                     16.125,                          1.522
    0.644,         0.148,  0.208,              222.750,                1.194,        2,                      16.177,                     20.933,                          2.135
    0.644,         0.148,  0.208,              222.750,                1.194,        4,                      21.945,                     25.270,                          2.922
    0.644,         0.148,  0.208,              222.750,                1.194,        6,                      26.684,                     27.415,                          3.436
    0.644,         0.148,  0.208,              222.750,                1.194,        8,                      30.862,                     28.741,                          3.798
    0.644,         0.148,  0.208,              222.750,                1.194,       12,                      38.141,                     30.341,                          4.243
    0.644,         0.148,  0.208,              222.750,                1.194,       24,                      54.967,                     32.446,                          4.530
    0.644,         0.148,  0.208,              222.750,                1.194,       48,                      77.073,                     33.942,                          3.765
    0.644,         0.148,  0.208,              222.750,                1.194,       72,                      91.341,                     34.615,                          2.846
    0.644,         0.148,  0.208,              222.750,                1.194,       96,                     101.354,                     35.024,                          2.120
    0.641,         0.065,  0.294,               55.737,                0.677,        0,                       0.000,                      0.000,                          0.000
    0.641,         0.065,  0.294,               55.737,                0.677,        1,                      11.399,                      0.473,                          0.123
    0.641,         0.065,  0.294,               55.737,                0.677,        2,                      14.767,                      0.722,                          0.110
    0.641,         0.065,  0.294,               55.737,                0.677,        4,                      18.446,                      1.067,                          0.082
    0.641,         0.065,  0.294,               55.737,                0.677,        6,                      20.671,                      1.318,                          0.065
    0.641,         0.065,  0.294,               55.737,                0.677,        8,                      22.256,                      1.516,                          0.054
    0.641,         0.065,  0.294,               55.737,                0.677,       12,                      24.466,                      1.820,                          0.041
    0.641,         0.065,  0.294,               55.737,                0.677,       24,                      28.083,                      2.372,                          0.023
    0.641,         0.065,  0.294,               55.737,                0.677,       48,                      31.335,                      2.902,                          0.012
    0.641,         0.065,  0.294,               55.737,                0.677,       72,                      33.000,                      3.174,                          0.008
    0.641,         0.065,  0.294,               55.737,                0.677,       96,                      34.057,                      3.343,                          0.005
    0.574,         0.141,  0.285,               72.864,                0.733,        0,                       0.000,                      0.000,                          0.000
    0.574,         0.141,  0.285,               72.864,                0.733,        1,                       5.227,                      3.910,                          0.312
    0.574,         0.141,  0.285,               72.864,                0.733,        2,                       6.778,                      5.477,                          0.396
    0.574,         0.141,  0.285,               72.864,                0.733,        4,                       8.962,                      7.052,                          0.457
    0.574,         0.141,  0.285,               72.864,                0.733,        6,                      10.666,                      7.884,                          0.465
    0.574,         0.141,  0.285,               72.864,                0.733,        8,                      12.116,                      8.412,                          0.453
    0.574,         0.141,  0.285,               72.864,                0.733,       12,                      14.539,                      9.062,                          0.409
    0.574,         0.141,  0.285,               72.864,                0.733,       24,                      19.723,                      9.926,                          0.281
    0.574,         0.141,  0.285,               72.864,                0.733,       48,                      25.849,                     10.530,                          0.151
    0.574,         0.141,  0.285,               72.864,                0.733,       72,                      29.523,                     10.793,                          0.096
    0.574,         0.141,  0.285,               72.864,                0.733,       96,                      32.023,                     10.948,                          0.067
    0.639,         0.071,  0.290,              159.273,                0.636,        0,                       0.000,                      0.000,                          0.000
    0.639,         0.071,  0.290,              159.273,                0.636,        1,                      24.546,                      1.487,                          0.587
    0.639,         0.071,  0.290,              159.273,                0.636,        2,                      31.824,                      2.205,                          0.755
    0.639,         0.071,  0.290,              159.273,                0.636,        4,                      40.358,                      3.185,                          0.912
    0.639,         0.071,  0.290,              159.273,                0.636,        6,                      45.902,                      3.889,                          0.980
    0.639,         0.071,  0.290,              159.273,                0.636,        8,                      50.057,                      4.444,                          1.009
    0.639,         0.071,  0.290,              159.273,                0.636,       12,                      56.183,                      5.295,                          1.010
    0.639,         0.071,  0.290,              159.273,                0.636,       24,                      67.159,                      6.865,                          0.881
    0.639,         0.071,  0.290,              159.273,                0.636,       48,                      78.199,                      8.432,                          0.601
    0.639,         0.071,  0.290,              159.273,                0.636,       72,                      84.325,                      9.274,                          0.415
    0.639,         0.071,  0.290,              159.273,                0.636,       96,                      88.386,                      9.818,                          0.299
    0.569,         0.140,  0.291,              211.962,                1.175,        0,                       0.000,                      0.000,                          0.000
    0.569,         0.140,  0.291,              211.962,                1.175,        1,                       9.818,                     15.017,                          1.251
    0.569,         0.140,  0.291,              211.962,                1.175,        2,                      12.856,                     19.442,                          1.755
    0.569,         0.140,  0.291,              211.962,                1.175,        4,                      17.481,                     23.355,                          2.399
    0.569,         0.140,  0.291,              211.962,                1.175,        6,                      21.323,                     25.254,                          2.815
    0.569,         0.140,  0.291,              211.962,                1.175,        8,                      24.737,                     26.413,                          3.104
    0.569,         0.140,  0.291,              211.962,                1.175,       12,                      30.738,                     27.797,                          3.446
    0.569,         0.140,  0.291,              211.962,                1.175,       24,                      44.798,                     29.585,                          3.601
    0.569,         0.140,  0.291,              211.962,                1.175,       48,                      63.503,                     30.834,                          2.869
    0.569,         0.140,  0.291,              211.962,                1.175,       72,                      75.628,                     31.390,                          2.098
    0.569,         0.140,  0.291,              211.962,                1.175,       96,                      84.141,                     31.726,                          1.528
    0.648,         0.070,  0.282,              143.821,                0.787,        0,                       0.000,                      0.000,                          0.000
    0.648,         0.070,  0.282,              143.821,                0.787,        1,                      25.357,                      1.480,                          0.551
    0.648,         0.070,  0.282,              143.821,                0.787,        2,                      32.641,                      2.184,                          0.673
    0.648,         0.070,  0.282,              143.821,                0.787,        4,                      41.044,                      3.133,                          0.753
    0.648,         0.070,  0.282,              143.821,                0.787,        6,                      46.417,                      3.806,                          0.762
    0.648,         0.070,  0.282,              143.821,                0.787,        8,                      50.397,                      4.332,                          0.745
    0.648,         0.070,  0.282,              143.821,                0.787,       12,                      56.183,                      5.128,                          0.685
    0.648,         0.070,  0.282,              143.821,                0.787,       24,                      66.266,                      6.565,                          0.496
    0.648,         0.070,  0.282,              143.821,                0.787,       48,                      75.969,                      7.953,                          0.275
    0.648,         0.070,  0.282,              143.821,                0.787,       72,                      81.147,                      8.677,                          0.174
    0.648,         0.070,  0.282,              143.821,                0.787,       96,                      84.502,                      9.136,                          0.121
    0.612,         0.150,  0.238,              185.327,                0.337,        0,                       0.000,                      0.000,                          0.000
    0.612,         0.150,  0.238,              185.327,                0.337,        1,                       6.603,                      7.876,                          0.686
    0.612,         0.150,  0.238,              185.327,                0.337,        2,                       8.326,                     11.583,                          0.996
    0.612,         0.150,  0.238,              185.327,                0.337,        4,                      10.693,                     15.749,                          1.427
    0.612,         0.150,  0.238,              185.327,                0.337,        6,                      12.543,                     18.159,                          1.750
    0.612,         0.150,  0.238,              185.327,                0.337,        8,                      14.150,                     19.773,                          2.015
    0.612,         0.150,  0.238,              185.327,                0.337,       12,                      16.960,                     21.845,                          2.440
    0.612,         0.150,  0.238,              185.327,                0.337,       24,                      23.799,                     24.733,                          3.271
    0.612,         0.150,  0.238,              185.327,                0.337,       48,                      34.227,                     26.819,                          4.042
    0.612,         0.150,  0.238,              185.327,                0.337,       72,                      42.363,                     27.733,                          4.290
    0.612,         0.150,  0.238,              185.327,                0.337,       96,                      49.058,                     28.273,                          4.293
    0.604,         0.111,  0.285,              192.848,                0.198,        0,                       0.000,                      0.000,                          0.000
    0.604,         0.111,  0.285,              192.848,                0.198,        1,                       8.885,                      2.831,                          0.493
    0.604,         0.111,  0.285,              192.848,                0.198,        2,                      11.429,                      4.427,                          0.728
    0.604,         0.111,  0.285,              192.848,                0.198,        4,                      14.652,                      6.606,                          1.051
    0.604,         0.111,  0.285,              192.848,                0.198,        6,                      16.967,                      8.131,                          1.290
    0.604,         0.111,  0.285,              192.848,                0.198,        8,                      18.858,                      9.300,                          1.483
    0.604,         0.111,  0.285,              192.848,                0.198,       12,                      21.960,                     11.021,                          1.791
    0.604,         0.111,  0.285,              192.848,                0.198,       24,                      28.800,                     13.970,                          2.393
    0.604,         0.111,  0.285,              192.848,                0.198,       48,                      38.263,                     16.641,                          3.009
    0.604,         0.111,  0.285,              192.848,                0.198,       72,                      45.299,                     17.986,                          3.288
    0.604,         0.111,  0.285,              192.848,                0.198,       96,                      51.007,                     18.833,                          3.404
    0.621,         0.113,  0.266,               83.693,                0.454,        0,                       0.000,                      0.000,                          0.000
    0.621,         0.113,  0.266,               83.693,                0.454,        1,                       8.061,                      2.212,                          0.351
    0.621,         0.113,  0.266,               83.693,                0.454,        2,                      10.398,                      3.287,                          0.469
    0.621,         0.113,  0.266,               83.693,                0.454,        4,                      13.392,                      4.580,                          0.584
    0.621,         0.113,  0.266,               83.693,                0.454,        6,                      15.553,                      5.382,                          0.636
    0.621,         0.113,  0.266,               83.693,                0.454,        8,                      17.310,                      5.948,                          0.657
    0.621,         0.113,  0.266,               83.693,                0.454,       12,                      20.142,                      6.713,                          0.656
    0.621,         0.113,  0.266,               83.693,                0.454,       24,                      25.990,                      7.871,                          0.551
    0.621,         0.113,  0.266,               83.693,                0.454,       48,                      32.840,                      8.788,                          0.349
    0.621,         0.113,  0.266,               83.693,                0.454,       72,                      36.990,                      9.213,                          0.232
    0.621,         0.113,  0.266,               83.693,                0.454,       96,                      39.848,                      9.469,                          0.165
    0.619,         0.135,  0.246,              105.425,                0.429,        0,                       0.000,                      0.000,                          0.000
    0.619,         0.135,  0.246,              105.425,                0.429,        1,                       6.956,                      4.063,                          0.483
    0.619,         0.135,  0.246,              105.425,                0.429,        2,                       8.903,                      5.932,                          0.682
    0.619,         0.135,  0.246,              105.425,                0.429,        4,                      11.530,                      8.032,                          0.926
    0.619,         0.135,  0.246,              105.425,                0.429,        6,                      13.533,                      9.251,                          1.079
    0.619,         0.135,  0.246,              105.425,                0.429,        8,                      15.234,                     10.071,                          1.183
    0.619,         0.135,  0.246,              105.425,                0.429,       12,                      18.115,                     11.133,                          1.307
    0.619,         0.135,  0.246,              105.425,                0.429,       24,                      24.635,                     12.633,                          1.372
    0.619,         0.135,  0.246,              105.425,                0.429,       48,                      33.299,                     13.743,                          1.134
    0.619,         0.135,  0.246,              105.425,                0.429,       72,                      39.092,                     14.240,                          0.866
    0.619,         0.135,  0.246,              105.425,                0.429,       96,                      43.303,                     14.537,                          0.659
    0.649,         0.087,  0.264,              235.091,                0.093,        0,                       0.000,                      0.000,                          0.000
    0.649,         0.087,  0.264,              235.091,                0.093,        1,                      11.600,                      0.998,                          0.354
    0.649,         0.087,  0.264,              235.091,                0.093,        2,                      15.647,                      1.571,                          0.521
    0.649,         0.087,  0.264,              235.091,                0.093,        4,                      20.763,                      2.422,                          0.753
    0.649,         0.087,  0.264,              235.091,                0.093,        6,                      24.343,                      3.085,                          0.925
    0.649,         0.087,  0.264,              235.091,                0.093,        8,                      27.182,                      3.642,                          1.066
    0.649,         0.087,  0.264,              235.091,                0.093,       12,                      31.653,                      4.560,                          1.292
    0.649,         0.087,  0.264,              235.091,                0.093,       24,                      40.741,                      6.508,                          1.754
    0.649,         0.087,  0.264,              235.091,                0.093,       48,                      51.955,                      8.896,                          2.293
    0.649,         0.087,  0.264,              235.091,                0.093,       72,                      59.629,                     10.439,                          2.617
    0.649,         0.087,  0.264,              235.091,                0.093,       96,                      65.601,                     11.569,                          2.834
    0.574,         0.144,  0.282,              101.257,                0.960,        0,                       0.000,                      0.000,                          0.000
    0.574,         0.144,  0.282,              101.257,                0.960,        1,                       6.476,                      6.559,                          0.513
    0.574,         0.144,  0.282,              101.257,                0.960,        2,                       8.451,                      8.813,                          0.667
    0.574,         0.144,  0.282,              101.257,                0.960,        4,                      11.355,                     10.913,                          0.797
    0.574,         0.144,  0.282,              101.257,                0.960,        6,                      13.695,                     11.964,                          0.833
    0.574,         0.144,  0.282,              101.257,                0.960,        8,                      15.723,                     12.615,                          0.828
    0.574,         0.144,  0.282,              101.257,                0.960,       12,                      19.169,                     13.399,                          0.767
    0.574,         0.144,  0.282,              101.257,                0.960,       24,                      26.667,                     14.420,                          0.541
    0.574,         0.144,  0.282,              101.257,                0.960,       48,                      35.572,                     15.131,                          0.288
    0.574,         0.144,  0.282,              101.257,                0.960,       72,                      40.874,                     15.443,                          0.179
    0.574,         0.144,  0.282,              101.257,                0.960,       96,                      44.455,                     15.629,                          0.123
    0.613,         0.088,  0.299,               92.340,                0.181,        0,                       0.000,                      0.000,                          0.000
    0.613,         0.088,  0.299,               92.340,                0.181,        1,                       7.966,                      0.808,                          0.236
    0.613,         0.088,  0.299,               92.340,                0.181,        2,                      10.580,                      1.272,                          0.333
    0.613,         0.088,  0.299,               92.340,                0.181,        4,                      13.765,                      1.932,                          0.448
    0.613,         0.088,  0.299,               92.340,                0.181,        6,                      15.933,                      2.419,                          0.519
    0.613,         0.088,  0.299,               92.340,                0.181,        8,                      17.624,                      2.807,                          0.568
    0.613,         0.088,  0.299,               92.340,                0.181,       12,                      20.245,                      3.409,                          0.629
    0.613,         0.088,  0.299,               92.340,                0.181,       24,                      25.423,                      4.537,                          0.687
    0.613,         0.088,  0.299,               92.340,                0.181,       48,                      31.501,                      5.680,                          0.638
    0.613,         0.088,  0.299,               92.340,                0.181,       72,                      35.397,                      6.304,                          0.549
    0.613,         0.088,  0.299,               92.340,                0.181,       96,                      38.245,                      6.713,                          0.465
    0.622,         0.149,  0.229,              187.166,                0.815,        0,                       0.000,                      0.000,                          0.000
    0.622,         0.149,  0.229,              187.166,                0.815,        1,                       9.220,                     12.257,                          1.085
    0.622,         0.149,  0.229,              187.166,                0.815,        2,                      11.919,                     16.431,                          1.538
    0.622,         0.149,  0.229,              187.166,                0.815,        4,                      15.905,                     20.374,                          2.135
    0.622,         0.149,  0.229,              187.166,                0.815,        6,                      19.161,                     22.377,                          2.545
    0.622,         0.149,  0.229,              187.166,                0.815,        8,                      22.036,                     23.627,                          2.850
    0.622,         0.149,  0.229,              187.166,                0.815,       12,                      27.082,                     25.146,                          3.264
    0.622,         0.149,  0.229,              187.166,                0.815,       24,                      39.037,                     27.139,                          3.723
    0.622,         0.149,  0.229,              187.166,                0.815,       48,                      55.572,                     28.536,                          3.445
    0.622,         0.149,  0.229,              187.166,                0.815,       72,                      66.868,                     29.154,                          2.838
    0.622,         0.149,  0.229,              187.166,                0.815,       96,                      75.141,                     29.525,                          2.267
    0.611,         0.116,  0.273,              247.770,                1.195,        0,                       0.000,                      0.000,                          0.000
    0.611,         0.116,  0.273,              247.770,                1.195,        1,                      17.809,                     10.615,                          1.510
    0.611,         0.116,  0.273,              247.770,                1.195,        2,                      23.112,                     14.434,                          2.100
    0.611,         0.116,  0.273,              247.770,                1.195,        4,                      30.546,                     18.350,                          2.821
    0.611,         0.116,  0.273,              247.770,                1.195,        6,                      36.298,                     20.498,                          3.272
    0.611,         0.116,  0.273,              247.770,                1.195,        8,                      41.178,                     21.909,                          3.579
    0.611,         0.116,  0.273,              247.770,                1.195,       12,                      49.362,                     23.705,                          3.940
    0.611,         0.116,  0.273,              247.770,                1.195,       24,                      67.239,                     26.236,                          4.124
    0.611,         0.116,  0.273,              247.770,                1.195,       48,                      89.415,                     28.144,                          3.404
    0.611,         0.116,  0.273,              247.770,                1.195,       72,                     103.278,                     29.024,                          2.585
    0.611,         0.116,  0.273,              247.770,                1.195,       96,                     112.885,                     29.559,                          1.939
    0.636,         0.107,  0.256,              165.319,                1.003,        0,                       0.000,                      0.000,                          0.000
    0.636,         0.107,  0.256,              165.319,                1.003,        1,                      17.204,                      5.382,                          0.931
    0.636,         0.107,  0.256,              165.319,                1.003,        2,                      22.219,                      7.547,                          1.237
    0.636,         0.107,  0.256,              165.319,                1.003,        4,                      28.854,                      9.948,                          1.546
    0.636,         0.107,  0.256,              165.319,                1.003,        6,                      33.723,                     11.356,                          1.689
    0.636,         0.107,  0.256,              165.319,                1.003,        8,                      37.703,                     12.319,                          1.752
    0.636,         0.107,  0.256,              165.319,                1.003,       12,                      44.112,                     13.591,                          1.758
    0.636,         0.107,  0.256,              165.319,                1.003,       24,                      57.150,                     15.470,                          1.481
    0.636,         0.107,  0.256,              165.319,                1.003,       48,                      71.817,                     16.946,                          0.911
    0.636,         0.107,  0.256,              165.319,                1.003,       72,                      80.280,                     17.634,                          0.579
    0.636,         0.107,  0.256,              165.319,                1.003,       96,                      85.895,                     18.052,                          0.393
    0.589,         0.129,  0.282,              112.492,                0.939,        0,                       0.000,                      0.000,                          0.000
    0.589,         0.129,  0.282,              112.492,                0.939,        1,                       8.603,                      5.742,                          0.588
    0.589,         0.129,  0.282,              112.492,                0.939,        2,                      11.168,                      7.863,                          0.766
    0.589,         0.129,  0.282,              112.492,                0.939,        4,                      14.799,                      9.966,                          0.921
    0.589,         0.129,  0.282,              112.492,                0.939,        6,                      17.633,                     11.077,                          0.969
    0.589,         0.129,  0.282,              112.492,                0.939,        8,                      20.041,                     11.787,                          0.969
    0.589,         0.129,  0.282,              112.492,                0.939,       12,                      24.060,                     12.667,                          0.910
    0.589,         0.129,  0.282,              112.492,                0.939,       24,                      32.593,                     13.858,                          0.658
    0.589,         0.129,  0.282,              112.492,                0.939,       48,                      42.484,                     14.718,                          0.352
    0.589,         0.129,  0.282,              112.492,                0.939,       72,                      48.276,                     15.101,                          0.217
    0.589,         0.129,  0.282,              112.492,                0.939,       96,                      52.153,                     15.330,                          0.148
    0.604,         0.125,  0.270,              176.177,                0.228,        0,                       0.000,                      0.000,                          0.000
    0.604,         0.125,  0.270,              176.177,                0.228,        1,                       7.468,                      3.865,                          0.517
    0.604,         0.125,  0.270,              176.177,                0.228,        2,                       9.501,                      5.980,                          0.762
    0.604,         0.125,  0.270,              176.177,                0.228,        4,                      12.124,                      8.715,                          1.099
    0.604,         0.125,  0.270,              176.177,                0.228,        6,                      14.055,                     10.520,                          1.348
    0.604,         0.125,  0.270,              176.177,                0.228,        8,                      15.665,                     11.841,                          1.550
    0.604,         0.125,  0.270,              176.177,                0.228,       12,                      18.366,                     13.691,                          1.870
    0.604,         0.125,  0.270,              176.177,                0.228,       24,                      24.561,                     16.614,                          2.496
    0.604,         0.125,  0.270,              176.177,                0.228,       48,                      33.514,                     19.015,                          3.106
    0.604,         0.125,  0.270,              176.177,                0.228,       72,                      40.345,                     20.148,                          3.347
    0.604,         0.125,  0.270,              176.177,                0.228,       96,                      45.944,                     20.837,                          3.411
    0.601,         0.122,  0.277,               61.057,                0.145,        0,                       0.000,                      0.000,                          0.000
    0.601,         0.122,  0.277,               61.057,                0.145,        1,                       3.880,                      0.980,                          0.156
    0.601,         0.122,  0.277,               61.057,                0.145,        2,                       5.086,                      1.586,                          0.228
    0.601,         0.122,  0.277,               61.057,                0.145,        4,                       6.571,                      2.427,                          0.318
    0.601,         0.122,  0.277,               61.057,                0.145,        6,                       7.614,                      3.018,                          0.375
    0.601,         0.122,  0.277,               61.057,                0.145,        8,                       8.455,                      3.468,                          0.416
    0.601,         0.122,  0.277,               61.057,                0.145,       12,                       9.815,                      4.124,                          0.469
    0.601,         0.122,  0.277,               61.057,                0.145,       24,                      12.736,                      5.220,                          0.523
    0.601,         0.122,  0.277,               61.057,                0.145,       48,                      16.581,                      6.168,                          0.487
    0.601,         0.122,  0.277,               61.057,                0.145,       72,                      19.264,                      6.627,                          0.415
    0.601,         0.122,  0.277,               61.057,                0.145,       96,                      21.318,                      6.907,                          0.347
    0.635,         0.138,  0.228,               81.739,                0.212,        0,                       0.000,                      0.000,                          0.000
    0.635,         0.138,  0.228,               81.739,                0.212,        1,                       4.999,                      2.143,                          0.280
    0.635,         0.138,  0.228,               81.739,                0.212,        2,                       6.414,                      3.333,                          0.408
    0.635,         0.138,  0.228,               81.739,                0.212,        4,                       8.224,                      4.849,                          0.572
    0.635,         0.138,  0.228,               81.739,                0.212,        6,                       9.549,                      5.829,                          0.682
    0.635,         0.138,  0.228,               81.739,                0.212,        8,                      10.649,                      6.534,                          0.764
    0.635,         0.138,  0.228,               81.739,                0.212,       12,                      12.483,                      7.502,                          0.876
    0.635,         0.138,  0.228,               81.739,                0.212,       24,                      16.612,                      8.983,                          1.017
    0.635,         0.138,  0.228,               81.739,                0.212,       48,                      22.310,                     10.151,                          0.995
    0.635,         0.138,  0.228,               81.739,                0.212,       72,                      26.385,                     10.686,                          0.871
    0.635,         0.138,  0.228,               81.739,                0.212,       96,                      29.527,                     11.008,                          0.739
    0.555,         0.147,  0.299,              228.434,                0.798,        0,                       0.000,                      0.000,                          0.000
    0.555,         0.147,  0.299,              228.434,                0.798,        1,                       7.644,                     15.580,                          1.077
    0.555,         0.147,  0.299,              228.434,                0.798,        2,                       9.850,                     20.731,                          1.539
    0.555,         0.147,  0.299,              228.434,                0.798,        4,                      13.176,                     25.453,                          2.184
    0.555,         0.147,  0.299,              228.434,                0.798,        6,                      15.949,                     27.790,                          2.660
    0.555,         0.147,  0.299,              228.434,                0.798,        8,                      18.437,                     29.225,                          3.038
    0.555,         0.147,  0.299,              228.434,                0.798,       12,                      22.889,                     30.939,                          3.610
    0.555,         0.147,  0.299,              228.434,                0.798,       24,                      33.850,                     33.137,                          4.524
    0.555,         0.147,  0.299,              228.434,                0.798,       48,                      50.012,                     34.636,                          4.868
    0.555,         0.147,  0.299,              228.434,                0.798,       72,                      61.814,                     35.286,                          4.540
    0.555,         0.147,  0.299,              228.434,                0.798,       96,                      70.919,                     35.674,                          4.028
    0.613,         0.103,  0.283,               96.874,                0.634,        0,                       0.000,                      0.000,                          0.000
    0.613,         0.103,  0.283,               96.874,                0.634,        1,                      10.721,                      2.448,                          0.419
    0.613,         0.103,  0.283,               96.874,                0.634,        2,                      13.826,                      3.575,                          0.536
    0.613,         0.103,  0.283,               96.874,                0.634,        4,                      17.777,                      4.914,                          0.632
    0.613,         0.103,  0.283,               96.874,                0.634,        6,                      20.587,                      5.741,                          0.659
    0.613,         0.103,  0.283,               96.874,                0.634,        8,                      22.839,                      6.324,                          0.657
    0.613,         0.103,  0.283,               96.874,                0.634,       12,                      26.398,                      7.115,                          0.620
    0.613,         0.103,  0.283,               96.874,                0.634,       24,                      33.452,                      8.319,                          0.463
    0.613,         0.103,  0.283,               96.874,                0.634,       48,                      41.225,                      9.284,                          0.261
    0.613,         0.103,  0.283,               96.874,                0.634,       72,                      45.709,                      9.734,                          0.166
    0.613,         0.103,  0.283,               96.874,                0.634,       96,                      48.710,                     10.006,                          0.116
    0.649,         0.141,  0.210,              194.684,                0.573,        0,                       0.000,                      0.000,                          0.000
    0.649,         0.141,  0.210,              194.684,                0.573,        1,                      10.186,                      9.156,                          0.998
    0.649,         0.141,  0.210,              194.684,                0.573,        2,                      13.028,                     12.914,                          1.429
    0.649,         0.141,  0.210,              194.684,                0.573,        4,                      17.014,                     16.904,                          2.007
    0.649,         0.141,  0.210,              194.684,                0.573,        6,                      20.149,                     19.127,                          2.420
    0.649,         0.141,  0.210,              194.684,                0.573,        8,                      22.864,                     20.589,                          2.742
    0.649,         0.141,  0.210,              194.684,                0.573,       12,                      27.557,                     22.447,                          3.220
    0.649,         0.141,  0.210,              194.684,                0.573,       24,                      38.573,                     25.023,                          3.970
    0.649,         0.141,  0.210,              194.684,                0.573,       48,                      54.097,                     26.907,                          4.259
    0.649,         0.141,  0.210,              194.684,                0.573,       72,                      65.169,                     27.752,                          4.006
    0.649,         0.141,  0.210,              194.684,                0.573,       96,                      73.641,                     28.260,                          3.598
    0.629,         0.128,  0.243,              184.038,                0.696,        0,                       0.000,                      0.000,                          0.000
    0.629,         0.128,  0.243,              184.038,                0.696,        1,                      11.832,                      7.733,                          0.992
    0.629,         0.128,  0.243,              184.038,                0.696,        2,                      15.210,                     10.859,                          1.403
    0.629,         0.128,  0.243,              184.038,                0.696,        4,                      19.890,                     14.198,                          1.928
    0.629,         0.128,  0.243,              184.038,                0.696,        6,                      23.515,                     16.075,                          2.277
    0.629,         0.128,  0.243,              184.038,                0.696,        8,                      26.611,                     17.320,                          2.532
    0.629,         0.128,  0.243,              184.038,                0.696,       12,                      31.869,                     18.915,                          2.872
    0.629,         0.128,  0.243,              184.038,                0.696,       24,                      43.761,                     21.161,                          3.238
    0.629,         0.128,  0.243,              184.038,                0.696,       48,                      59.503,                     22.836,                          3.004
    0.629,         0.128,  0.243,              184.038,                0.696,       72,                      70.026,                     23.598,                          2.503
    0.629,         0.128,  0.243,              184.038,                0.696,       96,                      77.685,                     24.058,                          2.027
    0.641,         0.134,  0.225,              148.603,                1.040,        0,                       0.000,                      0.000,                          0.000
    0.641,         0.134,  0.225,              148.603,                1.040,        1,                      11.718,                      8.150,                          0.944
    0.641,         0.134,  0.225,              148.603,                1.040,        2,                      15.235,                     10.994,                          1.271
    0.641,         0.134,  0.225,              148.603,                1.040,        4,                      20.255,                     13.781,                          1.614
    0.641,         0.134,  0.225,              148.603,                1.040,        6,                      24.199,                     15.248,                          1.778
    0.641,         0.134,  0.225,              148.603,                1.040,        8,                      27.569,                     16.185,                          1.853
    0.641,         0.134,  0.225,              148.603,                1.040,       12,                      33.237,                     17.350,                          1.865
    0.641,         0.134,  0.225,              148.603,                1.040,       24,                      45.485,                     18.936,                          1.550
    0.641,         0.134,  0.225,              148.603,                1.040,       48,                      60.002,                     20.093,                          0.922
    0.641,         0.134,  0.225,              148.603,                1.040,       72,                      68.575,                     20.617,                          0.575
    0.641,         0.134,  0.225,              148.603,                1.040,       96,                      74.307,                     20.933,                          0.388
    0.574,         0.147,  0.279,              132.347,                0.448,        0,                       0.000,                      0.000,                          0.000
    0.574,         0.147,  0.279,              132.347,                0.448,        1,                       5.671,                      6.759,                          0.566
    0.574,         0.147,  0.279,              132.347,                0.448,        2,                       7.215,                      9.640,                          0.813
    0.574,         0.147,  0.279,              132.347,                0.448,        4,                       9.392,                     12.641,                          1.141
    0.574,         0.147,  0.279,              132.347,                0.448,        6,                      11.128,                     14.268,                          1.371
    0.574,         0.147,  0.279,              132.347,                0.448,        8,                      12.649,                     15.316,                          1.547
    0.574,         0.147,  0.279,              132.347,                0.448,       12,                      15.318,                     16.615,                          1.798
    0.574,         0.147,  0.279,              132.347,                0.448,       24,                      21.758,                     18.345,                          2.137
    0.574,         0.147,  0.279,              132.347,                0.448,       48,                      31.136,                     19.548,                          2.119
    0.574,         0.147,  0.279,              132.347,                0.448,       72,                      37.943,                     20.068,                          1.849
    0.574,         0.147,  0.279,              132.347,                0.448,       96,                      43.170,                     20.375,                          1.552
    0.623,         0.140,  0.236,              145.825,                0.256,        0,                       0.000,                      0.000,                          0.000
    0.623,         0.140,  0.236,              145.825,                0.256,        1,                       6.435,                      4.494,                          0.505
    0.623,         0.140,  0.236,              145.825,                0.256,        2,                       8.155,                      6.836,                          0.739
    0.623,         0.140,  0.236,              145.825,                0.256,        4,                      10.420,                      9.697,                          1.060
    0.623,         0.140,  0.236,              145.825,                0.256,        6,                      12.127,                     11.479,                          1.294
    0.623,         0.140,  0.236,              145.825,                0.256,        8,                      13.572,                     12.731,                          1.483
    0.623,         0.140,  0.236,              145.825,                0.256,       12,                      16.038,                     14.412,                          1.778
    0.623,         0.140,  0.236,              145.825,                0.256,       24,                      21.824,                     16.906,                          2.322
    0.623,         0.140,  0.236,              145.825,                0.256,       48,                      30.331,                     18.818,                          2.761
    0.623,         0.140,  0.236,              145.825,                0.256,       72,                      36.821,                     19.682,                          2.845
    0.623,         0.140,  0.236,              145.825,                0.256,       96,                      42.096,                     20.198,                          2.776
    0.641,         0.065,  0.295,              190.440,                0.531,        0,                       0.000,                      0.000,                          0.000
    0.641,         0.065,  0.295,              190.440,                0.531,        1,                      28.009,                      1.228,                          0.615
    0.641,         0.065,  0.295,              190.440,                0.531,        2,                      36.647,                      1.830,                          0.810
    0.641,         0.065,  0.295,              190.440,                0.531,        4,                      46.802,                      2.677,                          1.018
    0.641,         0.065,  0.295,              190.440,                0.531,        6,                      53.379,                      3.308,                          1.130
    0.641,         0.065,  0.295,              190.440,                0.531,        8,                      58.288,                      3.821,                          1.198
    0.641,         0.065,  0.295,              190.440,                0.531,       12,                      65.488,                      4.636,                          1.264
    0.641,         0.065,  0.295,              190.440,                0.531,       24,                      78.289,                      6.246,                          1.252
    0.641,         0.065,  0.295,              190.440,                0.531,       48,                      91.166,                      8.009,                          1.032
    0.641,         0.065,  0.295,              190.440,                0.531,       72,                      98.414,                      9.028,                          0.816
    0.641,         0.065,  0.295,              190.440,                0.531,       96,                     103.299,                      9.716,                          0.644
    0.607,         0.133,  0.260,               87.589,                0.969,        0,                       0.000,                      0.000,                          0.000
    0.607,         0.133,  0.260,               87.589,                0.969,        1,                       7.609,                      4.482,                          0.408
    0.607,         0.133,  0.260,               87.589,                0.969,        2,                       9.894,                      6.190,                          0.499
    0.607,         0.133,  0.260,               87.589,                0.969,        4,                      13.078,                      7.905,                          0.547
    0.607,         0.133,  0.260,               87.589,                0.969,        6,                      15.518,                      8.819,                          0.537
    0.607,         0.133,  0.260,               87.589,                0.969,        8,                      17.559,                      9.405,                          0.509
    0.607,         0.133,  0.260,               87.589,                0.969,       12,                      20.902,                     10.135,                          0.440
    0.607,         0.133,  0.260,               87.589,                0.969,       24,                      27.782,                     11.127,                          0.283
    0.607,         0.133,  0.260,               87.589,                0.969,       48,                      35.518,                     11.841,                          0.145
    0.607,         0.133,  0.260,               87.589,                0.969,       72,                      39.980,                     12.157,                          0.090
    0.607,         0.133,  0.260,               87.589,                0.969,       96,                      42.946,                     12.345,                          0.062
    0.629,         0.095,  0.276,              131.544,                0.743,        0,                       0.000,                      0.000,                          0.000
    0.629,         0.095,  0.276,              131.544,                0.743,        1,                      15.949,                      2.859,                          0.607
    0.629,         0.095,  0.276,              131.544,                0.743,        2,                      20.558,                      4.150,                          0.789
    0.629,         0.095,  0.276,              131.544,                0.743,        4,                      26.339,                      5.716,                          0.955
    0.629,         0.095,  0.276,              131.544,                0.743,        6,                      30.383,                      6.709,                          1.020
    0.629,         0.095,  0.276,              131.544,                0.743,        8,                      33.584,                      7.424,                          1.040
    0.629,         0.095,  0.276,              131.544,                0.743,       12,                      38.581,                      8.415,                          1.017
    0.629,         0.095,  0.276,              131.544,                0.743,       24,                      48.321,                      9.979,                          0.822
    0.629,         0.095,  0.276,              131.544,                0.743,       48,                      58.893,                     11.283,                          0.495
    0.629,         0.095,  0.276,              131.544,                0.743,       72,                      64.932,                     11.909,                          0.317
    0.629,         0.095,  0.276,              131.544,                0.743,       96,                      68.949,                     12.291,                          0.219
    0.649,         0.092,  0.260,              205.847,                0.071,        0,                       0.000,                      0.000,                          0.000
    0.649,         0.092,  0.260,              205.847,                0.071,        1,                       9.124,                      0.851,                          0.283
    0.649,         0.092,  0.260,              205.847,                0.071,        2,                      12.343,                      1.360,                          0.421
    0.649,         0.092,  0.260,              205.847,                0.071,        4,                      16.397,                      2.124,                          0.615
    0.649,         0.092,  0.260,              205.847,                0.071,        6,                      19.230,                      2.725,                          0.760
    0.649,         0.092,  0.260,              205.847,                0.071,        8,                      21.477,                      3.233,                          0.879
    0.649,         0.092,  0.260,              205.847,                0.071,       12,                      25.019,                      4.073,                          1.072
    0.649,         0.092,  0.260,              205.847,                0.071,       24,                      32.252,                      5.864,                          1.471
    0.649,         0.092,  0.260,              205.847,                0.071,       48,                      41.279,                      8.069,                          1.946
    0.649,         0.092,  0.260,              205.847,                0.071,       72,                      47.543,                      9.495,                          2.241
    0.649,         0.092,  0.260,              205.847,                0.071,       96,                      52.473,                     10.538,                          2.443
    0.646,         0.113,  0.241,              200.525,                0.894,        0,                       0.000,                      0.000,                          0.000
    0.646,         0.113,  0.241,              200.525,                0.894,        1,                      17.656,                      6.752,                          1.149
    0.646,         0.113,  0.241,              200.525,                0.894,        2,                      22.793,                      9.489,                          1.590
    0.646,         0.113,  0.241,              200.525,                0.894,        4,                      29.684,                     12.531,                          2.115
    0.646,         0.113,  0.241,              200.525,                0.894,        6,                      34.826,                     14.314,                          2.434
    0.646,         0.113,  0.241,              200.525,                0.894,        8,                      39.091,                     15.534,                          2.646
    0.646,         0.113,  0.241,              200.525,                0.894,       12,                      46.093,                     17.145,                          2.887
    0.646,         0.113,  0.241,              200.525,                0.894,       24,                      60.965,                     19.520,                          2.974
    0.646,         0.113,  0.241,              200.525,                0.894,       48,                      78.994,                     21.384,                          2.424
    0.646,         0.113,  0.241,              200.525,                0.894,       72,                      90.176,                     22.256,                          1.833
    0.646,         0.113,  0.241,              200.525,                0.894,       96,                      97.927,                     22.788,                          1.376
    0.629,         0.075,  0.296,              216.610,                0.932,        0,                       0.000,                      0.000,                          0.000
    0.629,         0.075,  0.296,              216.610,                0.932,        1,                      31.245,                      2.708,                          0.916
    0.629,         0.075,  0.296,              216.610,                0.932,        2,                      40.319,                      3.947,                          1.197
    0.629,         0.075,  0.296,              216.610,                0.932,        4,                      51.176,                      5.568,                          1.482
    0.629,         0.075,  0.296,              216.610,                0.932,        6,                      58.378,                      6.686,                          1.622
    0.629,         0.075,  0.296,              216.610,                0.932,        8,                      63.861,                      7.542,                          1.696
    0.629,         0.075,  0.296,              216.610,                0.932,       12,                      72.078,                      8.812,                          1.742
    0.629,         0.075,  0.296,              216.610,                0.932,       24,                      87.180,                     11.038,                          1.601
    0.629,         0.075,  0.296,              216.610,                0.932,       48,                     102.785,                     13.129,                          1.154
    0.629,         0.075,  0.296,              216.610,                0.932,       72,                     111.556,                     14.207,                          0.817
    0.629,         0.075,  0.296,              216.610,                0.932,       96,                     117.379,                     14.890,                          0.590
    0.597,         0.135,  0.268,              246.317,                0.709,        0,                       0.000,                      0.000,                          0.000
    0.597,         0.135,  0.268,              246.317,                0.709,        1,                      10.577,                     12.272,                          1.195
    0.597,         0.135,  0.268,              246.317,                0.709,        2,                      13.557,                     16.978,                          1.710
    0.597,         0.135,  0.268,              246.317,                0.709,        4,                      17.833,                     21.769,                          2.415
    0.597,         0.135,  0.268,              246.317,                0.709,        6,                      21.259,                     24.348,                          2.929
    0.597,         0.135,  0.268,              246.317,                0.709,        8,                      24.259,                     26.014,                          3.336
    0.597,         0.135,  0.268,              246.317,                0.709,       12,                      29.503,                     28.093,                          3.956
    0.597,         0.135,  0.268,              246.317,                0.709,       24,                      42.004,                     30.917,                          4.994
    0.597,         0.135,  0.268,              246.317,                0.709,       48,                      59.914,                     32.947,                          5.560
    0.597,         0.135,  0.268,              246.317,                0.709,       72,                      72.844,                     33.852,                          5.394
    0.597,         0.135,  0.268,              246.317,                0.709,       96,                      82.822,                     34.396,                          4.980
    0.616,         0.109,  0.275,              126.311,                1.128,        0,                       0.000,                      0.000,                          0.000
    0.616,         0.109,  0.275,              126.311,                1.128,        1,                      13.740,                      4.535,                          0.632
    0.616,         0.109,  0.275,              126.311,                1.128,        2,                      17.784,                      6.317,                          0.778
    0.616,         0.109,  0.275,              126.311,                1.128,        4,                      23.161,                      8.236,                          0.868
    0.616,         0.109,  0.275,              126.311,                1.128,        6,                      27.102,                      9.331,                          0.865
    0.616,         0.109,  0.275,              126.311,                1.128,        8,                      30.303,                     10.066,                          0.830
    0.616,         0.109,  0.275,              126.311,                1.128,       12,                      35.393,                     11.022,                          0.732
    0.616,         0.109,  0.275,              126.311,                1.128,       24,                      45.413,                     12.402,                          0.479
    0.616,         0.109,  0.275,              126.311,                1.128,       48,                      56.115,                     13.460,                          0.241
    0.616,         0.109,  0.275,              126.311,                1.128,       72,                      62.072,                     13.944,                          0.147
    0.616,         0.109,  0.275,              126.311,                1.128,       96,                      65.961,                     14.235,                          0.100
    0.584,         0.119,  0.297,              101.309,                0.508,        0,                       0.000,                      0.000,                          0.000
    0.584,         0.119,  0.297,              101.309,                0.508,        1,                       7.622,                      3.361,                          0.443
    0.584,         0.119,  0.297,              101.309,                0.508,        2,                       9.795,                      4.901,                          0.610
    0.584,         0.119,  0.297,              101.309,                0.508,        4,                      12.687,                      6.648,                          0.793
    0.584,         0.119,  0.297,              101.309,                0.508,        6,                      14.856,                      7.675,                          0.892
    0.584,         0.119,  0.297,              101.309,                0.508,        8,                      16.669,                      8.373,                          0.948
    0.584,         0.119,  0.297,              101.309,                0.508,       12,                      19.683,                      9.283,                          0.991
    0.584,         0.119,  0.297,              101.309,                0.508,       24,                      26.228,                     10.592,                          0.913
    0.584,         0.119,  0.297,              101.309,                0.508,       48,                      34.355,                     11.579,                          0.631
    0.584,         0.119,  0.297,              101.309,                0.508,       72,                      39.462,                     12.026,                          0.433
    0.584,         0.119,  0.297,              101.309,                0.508,       96,                      43.035,                     12.294,                          0.310
    0.567,         0.140,  0.293,              129.249,                0.905,        0,                       0.000,                      0.000,                          0.000
    0.567,         0.140,  0.293,              129.249,                0.905,        1,                       7.350,                      8.115,                          0.697
    0.567,         0.140,  0.293,              129.249,                0.905,        2,                       9.552,                     10.876,                          0.951
    0.567,         0.140,  0.293,              129.249,                0.905,        4,                      12.801,                     13.452,                          1.228
    0.567,         0.140,  0.293,              129.249,                0.905,        6,                      15.441,                     14.745,                          1.371
    0.567,         0.140,  0.293,              129.249,                0.905,        8,                      17.754,                     15.547,                          1.442
    0.567,         0.140,  0.293,              129.249,                0.905,       12,                      21.751,                     16.514,                          1.472
    0.567,         0.140,  0.293,              129.249,                0.905,       24,                      30.791,                     17.773,                          1.255
    0.567,         0.140,  0.293,              129.249,                0.905,       48,                      42.102,                     18.653,                          0.768
    0.567,         0.140,  0.293,              129.249,                0.905,       72,                      49.052,                     19.041,                          0.490
    0.567,         0.140,  0.293,              129.249,                0.905,       96,                      53.807,                     19.273,                          0.336
    0.617,         0.087,  0.297,              177.650,                0.832,        0,                       0.000,                      0.000,                          0.000
    0.617,         0.087,  0.297,              177.650,                0.832,        1,                      21.492,                      3.201,                          0.804
    0.617,         0.087,  0.297,              177.650,                0.832,        2,                      27.724,                      4.642,                          1.065
    0.617,         0.087,  0.297,              177.650,                0.832,        4,                      35.462,                      6.434,                          1.333
    0.617,         0.087,  0.297,              177.650,                0.832,        6,                      40.808,                      7.602,                          1.466
    0.617,         0.087,  0.297,              177.650,                0.832,        8,                      45.004,                      8.460,                          1.534
    0.617,         0.087,  0.297,              177.650,                0.832,       12,                      51.503,                      9.676,                          1.574
    0.617,         0.087,  0.297,              177.650,                0.832,       24,                      64.075,                     11.662,                          1.422
    0.617,         0.087,  0.297,              177.650,                0.832,       48,                      77.759,                     13.385,                          0.984
    0.617,         0.087,  0.297,              177.650,                0.832,       72,                      85.656,                     14.232,                          0.674
    0.617,         0.087,  0.297,              177.650,                0.832,       96,                      90.943,                     14.757,                          0.478
    0.639,         0.083,  0.278,              103.479,                0.345,        0,                       0.000,                      0.000,                          0.000
    0.639,         0.083,  0.278,              103.479,                0.345,        1,                      12.731,                      1.098,                          0.348
    0.639,         0.083,  0.278,              103.479,                0.345,        2,                      16.666,                      1.670,                          0.462
    0.639,         0.083,  0.278,              103.479,                0.345,        4,                      21.392,                      2.453,                          0.579
    0.639,         0.083,  0.278,              103.479,                0.345,        6,                      24.553,                      3.013,                          0.637
    0.639,         0.083,  0.278,              103.479,                0.345,        8,                      26.982,                      3.451,                          0.668
    0.639,         0.083,  0.278,              103.479,                0.345,       12,                      30.669,                      4.115,                          0.688
    0.639,         0.083,  0.278,              103.479,                0.345,       24,                      37.636,                      5.317,                          0.637
    0.639,         0.083,  0.278,              103.479,                0.345,       48,                      45.185,                      6.488,                          0.469
    0.639,         0.083,  0.278,              103.479,                0.345,       72,                      49.637,                      7.108,                          0.343
    0.639,         0.083,  0.278,              103.479,                0.345,       96,                      52.699,                      7.507,                          0.257
    0.606,         0.122,  0.272,              243.837,                0.792,        0,                       0.000,                      0.000,                          0.000
    0.606,         0.122,  0.272,              243.837,                0.792,        1,                      13.719,                      9.884,                          1.258
    0.606,         0.122,  0.272,              243.837,                0.792,        2,                      17.649,                     13.800,                          1.789
    0.606,         0.122,  0.272,              243.837,                0.792,        4,                      23.137,                     17.965,                          2.490
    0.606,         0.122,  0.272,              243.837,                0.792,        6,                      27.413,                     20.302,                          2.978
    0.606,         0.122,  0.272,              243.837,                0.792,        8,                      31.080,                     21.852,                          3.350
    0.606,         0.122,  0.272,              243.837,                0.792,       12,                      37.339,                     23.839,                          3.885
    0.606,         0.122,  0.272,              243.837,                0.792,       24,                      51.632,                     26.643,                          4.652
    0.606,         0.122,  0.272,              243.837,                0.792,       48,                      70.923,                     28.744,                          4.787
    0.606,         0.122,  0.272,              243.837,                0.792,       72,                      84.140,                     29.704,                          4.361
    0.606,         0.122,  0.272,              243.837,                0.792,       96,                      93.976,                     30.286,                          3.813
    0.636,         0.145,  0.219,              207.992,                1.123,        0,                       0.000,                      0.000,                          0.000
    0.636,         0.145,  0.219,              207.992,                1.123,        1,                      11.843,                     14.263,                          1.382
    0.636,         0.145,  0.219,              207.992,                1.123,        2,                      15.474,                     18.680,                          1.935
    0.636,         0.145,  0.219,              207.992,                1.123,        4,                      20.890,                     22.729,                          2.634
    0.636,         0.145,  0.219,              207.992,                1.123,        6,                      25.314,                     24.753,                          3.085
    0.636,         0.145,  0.219,              207.992,                1.123,        8,                      29.201,                     26.010,                          3.395
    0.636,         0.145,  0.219,              207.992,                1.123,       12,                      35.956,                     27.534,                          3.766
    0.636,         0.145,  0.219,              207.992,                1.123,       24,                      51.506,                     29.545,                          3.952
    0.636,         0.145,  0.219,              207.992,                1.123,       48,                      71.828,                     30.976,                          3.197
    0.636,         0.145,  0.219,              207.992,                1.123,       72,                      84.878,                     31.620,                          2.370
    0.636,         0.145,  0.219,              207.992,                1.123,       96,                      94.006,                     32.009,                          1.742
    0.635,         0.069,  0.296,               67.523,                0.717,        0,                       0.000,                      0.000,                          0.000
    0.635,         0.069,  0.296,               67.523,                0.717,        1,                      13.120,                      0.677,                          0.173
    0.635,         0.069,  0.296,               67.523,                0.717,        2,                      16.928,                      1.021,                          0.166
    0.635,         0.069,  0.296,               67.523,                0.717,        4,                      21.165,                      1.489,                          0.135
    0.635,         0.069,  0.296,               67.523,                0.717,        6,                      23.776,                      1.821,                          0.112
    0.635,         0.069,  0.296,               67.523,                0.717,        8,                      25.661,                      2.081,                          0.095
    0.635,         0.069,  0.296,               67.523,                0.717,       12,                      28.327,                      2.471,                          0.072
    0.635,         0.069,  0.296,               67.523,                0.717,       24,                      32.782,                      3.164,                          0.042
    0.635,         0.069,  0.296,               67.523,                0.717,       48,                      36.878,                      3.812,                          0.022
    0.635,         0.069,  0.296,               67.523,                0.717,       72,                      39.003,                      4.139,                          0.014
    0.635,         0.069,  0.296,               67.523,                0.717,       96,                      40.359,                      4.341,                          0.010
    0.618,         0.145,  0.238,              117.169,                0.534,        0,                       0.000,                      0.000,                          0.000
    0.618,         0.145,  0.238,              117.169,                0.534,        1,                       6.946,                      5.939,                          0.595
    0.618,         0.145,  0.238,              117.169,                0.534,        2,                       8.900,                      8.392,                          0.839
    0.618,         0.145,  0.238,              117.169,                0.534,        4,                      11.642,                     10.941,                          1.142
    0.618,         0.145,  0.238,              117.169,                0.534,        6,                      13.803,                     12.328,                          1.333
    0.618,         0.145,  0.238,              117.169,                0.534,        8,                      15.673,                     13.226,                          1.464
    0.618,         0.145,  0.238,              117.169,                0.534,       12,                      18.901,                     14.347,                          1.620
    0.618,         0.145,  0.238,              117.169,                0.534,       24,                      26.371,                     15.863,                          1.698
    0.618,         0.145,  0.238,              117.169,                0.534,       48,                      36.441,                     16.942,                          1.382
    0.618,         0.145,  0.238,              117.169,                0.534,       72,                      43.171,                     17.417,                          1.038
    0.618,         0.145,  0.238,              117.169,                0.534,       96,                      48.032,                     17.700,                          0.778
    0.579,         0.147,  0.274,               82.925,                0.345,        0,                       0.000,                      0.000,                          0.000
    0.579,         0.147,  0.274,               82.925,                0.345,        1,                       4.420,                      3.555,                          0.327
    0.579,         0.147,  0.274,               82.925,                0.345,        2,                       5.640,                      5.259,                          0.468
    0.579,         0.147,  0.274,               82.925,                0.345,        4,                       7.297,                      7.158,                          0.640
    0.579,         0.147,  0.274,               82.925,                0.345,        6,                       8.580,                      8.241,                          0.749
    0.579,         0.147,  0.274,               82.925,                0.345,        8,                       9.684,                      8.959,                          0.824
    0.579,         0.147,  0.274,               82.925,                0.345,       12,                      11.586,                      9.870,                          0.915
    0.579,         0.147,  0.274,               82.925,                0.345,       24,                      16.031,                     11.118,                          0.965
    0.579,         0.147,  0.274,               82.925,                0.345,       48,                      22.203,                     12.002,                          0.797
    0.579,         0.147,  0.274,               82.925,                0.345,       72,                      26.476,                     12.385,                          0.610
    0.579,         0.147,  0.274,               82.925,                0.345,       96,                      29.648,                     12.610,                          0.466
    0.615,         0.111,  0.274,               58.942,                0.846,        0,                       0.000,                      0.000,                          0.000
    0.615,         0.111,  0.274,               58.942,                0.846,        1,                       7.342,                      1.752,                          0.174
    0.615,         0.111,  0.274,               58.942,                0.846,        2,                       9.499,                      2.563,                          0.183
    0.615,         0.111,  0.274,               58.942,                0.846,        4,                      12.202,                      3.502,                          0.170
    0.615,         0.111,  0.274,               58.942,                0.846,        6,                      14.086,                      4.066,                          0.152
    0.615,         0.111,  0.274,               58.942,                0.846,        8,                      15.571,                      4.455,                          0.136
    0.615,         0.111,  0.274,               58.942,                0.846,       12,                      17.869,                      4.972,                          0.111
    0.615,         0.111,  0.274,               58.942,                0.846,       24,                      22.260,                      5.732,                          0.069
    0.615,         0.111,  0.274,               58.942,                0.846,       48,                      26.889,                      6.314,                          0.036
    0.615,         0.111,  0.274,               58.942,                0.846,       72,                      29.472,                      6.575,                          0.022
    0.615,         0.111,  0.274,               58.942,                0.846,       96,                      31.166,                      6.730,                          0.016
    0.604,         0.117,  0.279,              175.006,                0.716,        0,                       0.000,                      0.000,                          0.000
    0.604,         0.117,  0.279,              175.006,                0.716,        1,                      12.237,                      6.360,                          0.898
    0.604,         0.117,  0.279,              175.006,                0.716,        2,                      15.740,                      8.998,                          1.260
    0.604,         0.117,  0.279,              175.006,                0.716,        4,                      20.516,                     11.882,                          1.705
    0.604,         0.117,  0.279,              175.006,                0.716,        6,                      24.156,                     13.538,                          1.988
    0.604,         0.117,  0.279,              175.006,                0.716,        8,                      27.230,                     14.650,                          2.184
    0.604,         0.117,  0.279,              175.006,                0.716,       12,                      32.384,                     16.094,                          2.425
    0.604,         0.117,  0.279,              175.006,                0.716,       24,                      43.775,                     18.161,                          2.593
    0.604,         0.117,  0.279,              175.006,                0.716,       48,                      58.363,                     19.730,                          2.219
    0.604,         0.117,  0.279,              175.006,                0.716,       72,                      67.820,                     20.449,                          1.737
    0.604,         0.117,  0.279,              175.006,                0.716,       96,                      74.557,                     20.884,                          1.339
    0.641,         0.076,  0.283,               60.241,                1.004,        0,                       0.000,                      0.000,                          0.000
    0.641,         0.076,  0.283,               60.241,                1.004,        1,                      11.885,                      0.773,                          0.112
    0.641,         0.076,  0.283,               60.241,                1.004,        2,                      15.271,                      1.159,                          0.094
    0.641,         0.076,  0.283,               60.241,                1.004,        4,                      19.040,                      1.671,                          0.070
    0.641,         0.076,  0.283,               60.241,                1.004,        6,                      21.375,                      2.023,                          0.057
    0.641,         0.076,  0.283,               60.241,                1.004,        8,                      23.070,                      2.291,                          0.048
    0.641,         0.076,  0.283,               60.241,                1.004,       12,                      25.484,                      2.683,                          0.037
    0.641,         0.076,  0.283,               60.241,                1.004,       24,                      29.556,                      3.348,                          0.022
    0.641,         0.076,  0.283,               60.241,                1.004,       48,                      33.326,                      3.937,                          0.011
    0.641,         0.076,  0.283,               60.241,                1.004,       72,                      35.278,                      4.222,                          0.007
    0.641,         0.076,  0.283,               60.241,                1.004,       96,                      36.516,                      4.394,                          0.005
    0.625,         0.128,  0.247,              187.934,                1.176,        0,                       0.000,                      0.000,                          0.000
    0.625,         0.128,  0.247,              187.934,                1.176,        1,                      13.838,                     10.026,                          1.215
    0.625,         0.128,  0.247,              187.934,                1.176,        2,                      18.020,                     13.421,                          1.660
    0.625,         0.128,  0.247,              187.934,                1.176,        4,                      24.018,                     16.727,                          2.163
    0.625,         0.128,  0.247,              187.934,                1.176,        6,                      28.744,                     18.463,                          2.438
    0.625,         0.128,  0.247,              187.934,                1.176,        8,                      32.793,                     19.573,                          2.594
    0.625,         0.128,  0.247,              187.934,                1.176,       12,                      39.628,                     20.954,                          2.709
    0.625,         0.128,  0.247,              187.934,                1.176,       24,                      54.547,                     22.839,                          2.461
    0.625,         0.128,  0.247,              187.934,                1.176,       48,                      72.570,                     24.223,                          1.628
    0.625,         0.128,  0.247,              187.934,                1.176,       72,                      83.377,                     24.852,                          1.061
    0.625,         0.128,  0.247,              187.934,                1.176,       96,                      90.641,                     25.233,                          0.722
    0.590,         0.114,  0.295,              150.559,                0.508,        0,                       0.000,                      0.000,                          0.000
    0.590,         0.114,  0.295,              150.559,                0.508,        1,                      10.048,                      4.468,                          0.656
    0.590,         0.114,  0.295,              150.559,                0.508,        2,                      12.885,                      6.523,                          0.929
    0.590,         0.114,  0.295,              150.559,                0.508,        4,                      16.658,                      8.906,                          1.271
    0.590,         0.114,  0.295,              150.559,                0.508,        6,                      19.484,                     10.340,                          1.493
    0.590,         0.114,  0.295,              150.559,                0.508,        8,                      21.850,                     11.331,                          1.653
    0.590,         0.114,  0.295,              150.559,                0.508,       12,                      25.800,                     12.648,                          1.860
    0.590,         0.114,  0.295,              150.559,                0.508,       24,                      34.550,                     14.590,                          2.065
    0.590,         0.114,  0.295,              150.559,                0.508,       48,                      45.995,                     16.096,                          1.883
    0.590,         0.114,  0.295,              150.559,                0.508,       72,                      53.653,                     16.790,                          1.554
    0.590,         0.114,  0.295,              150.559,                0.508,       96,                      59.254,                     17.210,                          1.253
    0.603,         0.105,  0.291,              168.770,                0.792,        0,                       0.000,                      0.000,                          0.000
    0.603,         0.105,  0.291,              168.770,                0.792,        1,                      14.711,                      4.997,                          0.852
    0.603,         0.105,  0.291,              168.770,                0.792,        2,                      18.958,                      7.116,                          1.168
    0.603,         0.105,  0.291,              168.770,                0.792,        4,                      24.580,                      9.520,                          1.528
    0.603,         0.105,  0.291,              168.770,                0.792,        6,                      28.733,                     10.951,                          1.733
    0.603,         0.105,  0.291,              168.770,                0.792,        8,                      32.156,                     11.938,                          1.858
    0.603,         0.105,  0.291,              168.770,                0.792,       12,                      37.742,                     13.249,                          1.978
    0.603,         0.105,  0.291,              168.770,                0.792,       24,                      49.490,                     15.197,                          1.917
    0.603,         0.105,  0.291,              168.770,                0.792,       48,                      63.527,                     16.731,                          1.426
    0.603,         0.105,  0.291,              168.770,                0.792,       72,                      72.107,                     17.447,                          1.013
    0.603,         0.105,  0.291,              168.770,                0.792,       96,                      78.001,                     17.883,                          0.730
    0.605,         0.100,  0.296,              222.100,                0.210,        0,                       0.000,                      0.000,                          0.000
    0.605,         0.100,  0.296,              222.100,                0.210,        1,                      11.443,                      2.498,                          0.542
    0.605,         0.100,  0.296,              222.100,                0.210,        2,                      14.861,                      3.883,                          0.795
    0.605,         0.100,  0.296,              222.100,                0.210,        4,                      19.176,                      5.808,                          1.142
    0.605,         0.100,  0.296,              222.100,                0.210,        6,                      22.241,                      7.192,                          1.396
    0.605,         0.100,  0.296,              222.100,                0.210,        8,                      24.717,                      8.277,                          1.601
    0.605,         0.100,  0.296,              222.100,                0.210,       12,                      28.715,                      9.921,                          1.925
    0.605,         0.100,  0.296,              222.100,                0.210,       24,                      37.273,                     12.887,                          2.556
    0.605,         0.100,  0.296,              222.100,                0.210,       48,                      48.616,                     15.766,                          3.198
    0.605,         0.100,  0.296,              222.100,                0.210,       72,                      56.770,                     17.297,                          3.496
    0.605,         0.100,  0.296,              222.100,                0.210,       96,                      63.253,                     18.291,                          3.627
