Amostra, Temperature, Cellulose_Fraction, Hemicellulose_Fraction, Lignin_Fraction, Solids_Loading, Time_min , Cellulose_Real, Hemicellulose_Real, Cellulose_Pred, Hemicellulose_Pred, Cellulose_AE, Hemicellulose_AE, Cellulose_RE, Hemicellulose_RE, Total_AE
      1,  186.188100,           0.461800,               0.156900,        0.381300,     114.121600,  0.000000,      52.697900,          17.906000,      52.701355,          17.905680,     0.003455,         0.000320,     0.006556,         0.001789, 0.003775
      2,  186.188100,           0.461800,               0.156900,        0.381300,     114.121600,  5.000000,      50.365400,          12.914400,      50.108700,          11.921359,     0.256700,         0.993041,     0.509676,         7.689408, 1.249741
      3,  186.188100,           0.461800,               0.156900,        0.381300,     114.121600, 10.000000,      48.136200,           9.314200,      48.645405,           9.586040,     0.509205,         0.271840,     1.057842,         2.918550, 0.781044
      4,  186.188100,           0.461800,               0.156900,        0.381300,     114.121600, 15.000000,      46.005600,           6.717600,      46.556774,           7.210855,     0.551174,         0.493255,     1.198059,         7.342734, 1.044430
      5,  186.188100,           0.461800,               0.156900,        0.381300,     114.121600, 20.000000,      43.969400,           4.844900,      43.445171,           4.287944,     0.524229,         0.556956,     1.192258,        11.495720, 1.081185
      6,  186.188100,           0.461800,               0.156900,        0.381300,     114.121600, 30.000000,      40.163200,           2.520100,      40.174751,           2.572279,     0.011551,         0.052179,     0.028761,         2.070503, 0.063730
      7,  186.188100,           0.461800,               0.156900,        0.381300,     114.121600, 40.000000,      36.686600,           1.310900,      37.063091,           1.259456,     0.376491,         0.051444,     1.026236,         3.924315, 0.427935
      8,  206.997100,           0.421300,               0.191900,        0.386700,      96.810500,  0.000000,      40.791100,          18.578000,      40.786263,          18.577934,     0.004837,         0.000066,     0.011859,         0.000354, 0.004903
      9,  206.997100,           0.421300,               0.191900,        0.386700,      96.810500,  5.000000,      34.622000,           6.821500,      35.137501,           7.069150,     0.515501,         0.247650,     1.488940,         3.630440, 0.763151
     10,  206.997100,           0.421300,               0.191900,        0.386700,      96.810500, 10.000000,      29.385900,           2.504700,      29.459059,           2.720795,     0.073159,         0.216095,     0.248959,         8.627586, 0.289254
     11,  206.997100,           0.421300,               0.191900,        0.386700,      96.810500, 15.000000,      24.941600,           0.919600,      25.764465,           1.623809,     0.822865,         0.704209,     3.299168,        76.577723, 1.527074
     12,  206.997100,           0.421300,               0.191900,        0.386700,      96.810500, 20.000000,      21.169500,           0.337700,      22.071848,           0.727215,     0.902348,         0.389515,     4.262490,       115.343568, 1.291863
     13,  206.997100,           0.421300,               0.191900,        0.386700,      96.810500, 30.000000,      15.250400,           0.045500,      15.320628,           0.000000,     0.070228,         0.045500,     0.460500,       100.000000, 0.115728
     14,  206.997100,           0.421300,               0.191900,        0.386700,      96.810500, 40.000000,      10.986300,           0.006100,      12.057020,           0.000000,     1.070720,         0.006100,     9.745958,        61.000000, 1.076820
     15,  190.695100,           0.428900,               0.224900,        0.346100,     103.839400,  0.000000,      44.538300,          23.357200,      44.536720,          23.353481,     0.001580,         0.003719,     0.003547,         0.015921, 0.005298
     16,  190.695100,           0.428900,               0.224900,        0.346100,     103.839400,  5.000000,      41.989000,          15.304000,      41.177723,          14.544593,     0.811277,         0.759407,     1.932118,         4.962148, 1.570684
     17,  190.695100,           0.428900,               0.224900,        0.346100,     103.839400, 10.000000,      39.585600,          10.027400,      39.678745,          10.634379,     0.093145,         0.606979,     0.235301,         6.053208, 0.700125
     18,  190.695100,           0.428900,               0.224900,        0.346100,     103.839400, 15.000000,      37.319800,           6.570000,      36.289322,           6.650524,     1.030478,         0.080524,     2.761210,         1.225634, 1.111002
     19,  190.695100,           0.428900,               0.224900,        0.346100,     103.839400, 20.000000,      35.183700,           4.304700,      35.309807,           3.522133,     0.126107,         0.782567,     0.358424,        18.179359, 0.908674
     20,  190.695100,           0.428900,               0.224900,        0.346100,     103.839400, 30.000000,      31.271200,           1.848000,      31.457983,           2.214494,     0.186783,         0.366494,     0.597300,        19.831952, 0.553277
     21,  190.695100,           0.428900,               0.224900,        0.346100,     103.839400, 40.000000,      27.793800,           0.793300,      28.101837,           1.036881,     0.308037,         0.243581,     1.108295,        30.704819, 0.551618
     22,  206.465200,           0.480100,               0.298100,        0.221800,      98.204900,  0.000000,      47.148900,          29.276800,      47.148174,          29.274881,     0.000726,         0.001919,     0.001539,         0.006553, 0.002644
     23,  206.465200,           0.480100,               0.298100,        0.221800,      98.204900,  5.000000,      40.181800,          10.984800,      40.301563,          11.660464,     0.119763,         0.675664,     0.298054,         6.150902, 0.795428
     24,  206.465200,           0.480100,               0.298100,        0.221800,      98.204900, 10.000000,      34.244100,           4.121400,      35.145184,           3.939122,     0.901084,         0.182278,     2.631354,         4.422716, 1.083361
     25,  206.465200,           0.480100,               0.298100,        0.221800,      98.204900, 15.000000,      29.183900,           1.546300,      28.705023,           1.538877,     0.478877,         0.007423,     1.640895,         0.480048, 0.486300
     26,  206.465200,           0.480100,               0.298100,        0.221800,      98.204900, 20.000000,      24.871400,           0.580100,      24.882702,           0.786020,     0.011302,         0.205920,     0.045441,        35.497335, 0.217222
     27,  206.465200,           0.480100,               0.298100,        0.221800,      98.204900, 30.000000,      18.063900,           0.081700,      17.635408,           0.000000,     0.428492,         0.081700,     2.372088,       100.000000, 0.510192
     28,  206.465200,           0.480100,               0.298100,        0.221800,      98.204900, 40.000000,      13.119700,           0.011500,      13.364734,           0.000000,     0.245034,         0.011500,     1.867678,       100.000000, 0.256534
     29,  192.421300,           0.402300,               0.217100,        0.380600,      92.768700,  0.000000,      37.316400,          20.141900,      37.320847,          20.140085,     0.004447,         0.001815,     0.011916,         0.009010, 0.006261
     30,  192.421300,           0.402300,               0.217100,        0.380600,      92.768700,  5.000000,      34.996800,          12.720900,      34.438801,          12.487832,     0.557999,         0.233068,     1.594429,         1.832165, 0.791067
     31,  192.421300,           0.402300,               0.217100,        0.380600,      92.768700, 10.000000,      32.821300,           8.034000,      32.742245,           8.578677,     0.079055,         0.544677,     0.240866,         6.779651, 0.623732
     32,  192.421300,           0.402300,               0.217100,        0.380600,      92.768700, 15.000000,      30.781100,           5.074000,      29.678223,           4.689120,     1.102877,         0.384880,     3.582969,         7.585341, 1.487758
     33,  192.421300,           0.402300,               0.217100,        0.380600,      92.768700, 20.000000,      28.867700,           3.204500,      28.146465,           2.784717,     0.721235,         0.419783,     2.498414,        13.099802, 1.141018
     34,  192.421300,           0.402300,               0.217100,        0.380600,      92.768700, 30.000000,      25.390300,           1.278100,      24.259712,           1.591590,     1.130588,         0.313490,     4.452833,        24.527828, 1.444078
     35,  192.421300,           0.402300,               0.217100,        0.380600,      92.768700, 40.000000,      22.331800,           0.509800,      22.303534,           0.717811,     0.028266,         0.208011,     0.126575,        40.802376, 0.236277
     36,  190.740100,           0.490600,               0.250900,        0.258500,     104.195900,  0.000000,      51.115300,          26.141900,      51.118507,          26.142752,     0.003207,         0.000852,     0.006275,         0.003258, 0.004059
     37,  190.740100,           0.490600,               0.250900,        0.258500,     104.195900,  5.000000,      48.183000,          17.112200,      49.461117,          16.929783,     1.278117,         0.182417,     2.652630,         1.066006, 1.460534
     38,  190.740100,           0.490600,               0.250900,        0.258500,     104.195900, 10.000000,      45.418900,          11.201400,      46.493446,          11.089945,     1.074546,         0.111455,     2.365857,         0.995011, 1.186002
     39,  190.740100,           0.490600,               0.250900,        0.258500,     104.195900, 15.000000,      42.813300,           7.332200,      43.581478,           7.483534,     0.768178,         0.151334,     1.794251,         2.063963, 0.919512
     40,  190.740100,           0.490600,               0.250900,        0.258500,     104.195900, 20.000000,      40.357300,           4.799500,      41.172585,           4.026506,     0.815285,         0.772994,     2.020166,        16.105711, 1.588278
     41,  190.740100,           0.490600,               0.250900,        0.258500,     104.195900, 30.000000,      35.859700,           2.056500,      36.394142,           2.552336,     0.534442,         0.495836,     1.490370,        24.110696, 1.030279
     42,  190.740100,           0.490600,               0.250900,        0.258500,     104.195900, 40.000000,      31.863400,           0.881100,      31.495203,           1.465242,     0.368197,         0.584142,     1.155548,        66.296864, 0.952339
     43,  203.568900,           0.452600,               0.272500,        0.274900,      76.167300,  0.000000,      34.473300,          20.758000,      34.473320,          20.755589,     0.000020,         0.002411,     0.000058,         0.011617, 0.002431
     44,  203.568900,           0.452600,               0.272500,        0.274900,      76.167300,  5.000000,      30.038900,           8.761100,      29.476555,           9.027863,     0.562345,         0.266763,     1.872056,         3.044852, 0.829108
     45,  203.568900,           0.452600,               0.272500,        0.274900,      76.167300, 10.000000,      26.174800,           3.697600,      26.274343,           3.241154,     0.099543,         0.456446,     0.380303,        12.344380, 0.555989
     46,  203.568900,           0.452600,               0.272500,        0.274900,      76.167300, 15.000000,      22.807800,           1.560500,      23.282692,           1.594203,     0.474892,         0.033703,     2.082147,         2.159764, 0.508595
     47,  203.568900,           0.452600,               0.272500,        0.274900,      76.167300, 20.000000,      19.874000,           0.658600,      20.260223,           0.761445,     0.386223,         0.102845,     1.943360,        15.615743, 0.489069
     48,  203.568900,           0.452600,               0.272500,        0.274900,      76.167300, 30.000000,      15.089800,           0.117300,      14.341858,           0.000000,     0.747942,         0.117300,     4.956607,       100.000000, 0.865242
     49,  203.568900,           0.452600,               0.272500,        0.274900,      76.167300, 40.000000,      11.457300,           0.020900,      11.089494,           0.000000,     0.367806,         0.020900,     3.210235,       100.000000, 0.388706
     50,  183.302000,           0.445900,               0.249800,        0.304300,      71.719100,  0.000000,      31.977800,          17.916300,      31.979548,          17.915432,     0.001748,         0.000868,     0.005465,         0.004845, 0.002616
     51,  183.302000,           0.445900,               0.249800,        0.304300,      71.719100,  5.000000,      30.831200,          13.741000,      30.634966,          13.882704,     0.196234,         0.141704,     0.636479,         1.031248, 0.337938
     52,  183.302000,           0.445900,               0.249800,        0.304300,      71.719100, 10.000000,      29.725700,          10.538700,      29.147518,          10.590290,     0.578182,         0.051590,     1.945057,         0.489530, 0.629772
     53,  183.302000,           0.445900,               0.249800,        0.304300,      71.719100, 15.000000,      28.659800,           8.082700,      28.162868,           8.480743,     0.496932,         0.398043,     1.733897,         4.924634, 0.894975
     54,  183.302000,           0.445900,               0.249800,        0.304300,      71.719100, 20.000000,      27.632100,           6.199100,      28.530321,           6.158171,     0.898221,         0.040929,     3.250644,         0.660246, 0.939150
     55,  183.302000,           0.445900,               0.249800,        0.304300,      71.719100, 30.000000,      25.686000,           3.646400,      26.374493,           3.665872,     0.688493,         0.019472,     2.680420,         0.534009, 0.707965
     56,  183.302000,           0.445900,               0.249800,        0.304300,      71.719100, 40.000000,      23.877000,           2.144800,      23.925346,           2.691351,     0.048346,         0.546551,     0.202481,        25.482595, 0.594897
     57,  182.281800,           0.353700,               0.297500,        0.348900,      81.868900,  0.000000,      28.954900,          24.353800,      28.957029,          24.355997,     0.002129,         0.002197,     0.007354,         0.009022, 0.004326
     58,  182.281800,           0.353700,               0.297500,        0.348900,      81.868900,  5.000000,      28.003200,          19.088600,      27.920979,          16.775528,     0.082221,         2.313072,     0.293614,        12.117557, 2.395293
     59,  182.281800,           0.353700,               0.297500,        0.348900,      81.868900, 10.000000,      27.082800,          14.961700,      27.302668,          13.675617,     0.219868,         1.286083,     0.811835,         8.595833, 1.505950
     60,  182.281800,           0.353700,               0.297500,        0.348900,      81.868900, 15.000000,      26.192600,          11.727000,      26.045692,          11.250910,     0.146908,         0.476090,     0.560874,         4.059778, 0.622998
     61,  182.281800,           0.353700,               0.297500,        0.348900,      81.868900, 20.000000,      25.331700,           9.191600,      24.625969,           8.907584,     0.705731,         0.284016,     2.785960,         3.089950, 0.989747
     62,  182.281800,           0.353700,               0.297500,        0.348900,      81.868900, 30.000000,      23.693800,           5.646800,      24.079391,           5.673566,     0.385591,         0.026766,     1.627394,         0.474001, 0.412357
     63,  182.281800,           0.353700,               0.297500,        0.348900,      81.868900, 40.000000,      22.161800,           3.469000,      22.239759,           4.459841,     0.077959,         0.990841,     0.351774,        28.562734, 1.068801
     64,  185.843900,           0.443800,               0.160700,        0.395500,     142.592000,  0.000000,      63.284000,          22.909600,      63.282330,          22.914534,     0.001670,         0.004934,     0.002640,         0.021535, 0.006604
     65,  185.843900,           0.443800,               0.160700,        0.395500,     142.592000,  5.000000,      60.546200,          16.644700,      60.511452,          17.500383,     0.034748,         0.855683,     0.057391,         5.140876, 0.890432
     66,  185.843900,           0.443800,               0.160700,        0.395500,     142.592000, 10.000000,      57.926800,          12.092900,      58.537247,          12.198741,     0.610447,         0.105841,     1.053824,         0.875232, 0.716288
     67,  185.843900,           0.443800,               0.160700,        0.395500,     142.592000, 15.000000,      55.420700,           8.785900,      56.568642,           9.512388,     1.147942,         0.726488,     2.071323,         8.268797, 1.874430
     68,  185.843900,           0.443800,               0.160700,        0.395500,     142.592000, 20.000000,      53.023100,           6.383200,      53.884331,           6.217149,     0.861231,         0.166051,     1.624256,         2.601371, 1.027281
     69,  185.843900,           0.443800,               0.160700,        0.395500,     142.592000, 30.000000,      48.534500,           3.369300,      49.174824,           3.377977,     0.640324,         0.008677,     1.319317,         0.257521, 0.649000
     70,  185.843900,           0.443800,               0.160700,        0.395500,     142.592000, 40.000000,      44.425800,           1.778500,      45.458942,           1.968471,     1.033142,         0.189971,     2.325546,        10.681546, 1.223114
     71,  192.263600,           0.490600,               0.261600,        0.247900,     132.067300,  0.000000,      64.791900,          34.542400,      64.792221,          34.548805,     0.000321,         0.006405,     0.000496,         0.018543, 0.006726
     72,  192.263600,           0.490600,               0.261600,        0.247900,     132.067300,  5.000000,      60.793400,          21.889200,      61.181496,          22.297676,     0.388096,         0.408476,     0.638385,         1.866108, 0.796572
     73,  192.263600,           0.490600,               0.261600,        0.247900,     132.067300, 10.000000,      57.041700,          13.870900,      56.464844,          12.463458,     0.576856,         1.407442,     1.011289,        10.146724, 1.984298
     74,  192.263600,           0.490600,               0.261600,        0.247900,     132.067300, 15.000000,      53.521400,           8.789700,      53.404888,           8.272986,     0.116512,         0.516714,     0.217692,         5.878626, 0.633225
     75,  192.263600,           0.490600,               0.261600,        0.247900,     132.067300, 20.000000,      50.218500,           5.569900,      50.397552,           4.635158,     0.179052,         0.934742,     0.356547,        16.782024, 1.113794
     76,  192.263600,           0.490600,               0.261600,        0.247900,     132.067300, 30.000000,      44.211400,           2.236500,      43.768204,           2.586448,     0.443196,         0.349948,     1.002448,        15.647125, 0.793144
     77,  192.263600,           0.490600,               0.261600,        0.247900,     132.067300, 40.000000,      38.922900,           0.898100,      37.591171,           1.502560,     1.331729,         0.604460,     3.421453,        67.304364, 1.936189
     78,  195.239300,           0.437800,               0.294100,        0.268100,      89.962400,  0.000000,      39.383200,          26.457200,      39.385540,          26.457941,     0.002340,         0.000741,     0.005942,         0.002801, 0.003081
     79,  195.239300,           0.437800,               0.294100,        0.268100,      89.962400,  5.000000,      36.580100,          15.663500,      37.033535,          15.538123,     0.453435,         0.125377,     1.239567,         0.800440, 0.578812
     80,  195.239300,           0.437800,               0.294100,        0.268100,      89.962400, 10.000000,      33.976500,           9.273200,      34.013203,           8.985396,     0.036703,         0.287804,     0.108024,         3.103606, 0.324506
     81,  195.239300,           0.437800,               0.294100,        0.268100,      89.962400, 15.000000,      31.558300,           5.489900,      31.049519,           4.095598,     0.508781,         1.394302,     1.612195,        25.397581, 1.903083
     82,  195.239300,           0.437800,               0.294100,        0.268100,      89.962400, 20.000000,      29.312100,           3.250100,      28.540688,           2.605535,     0.771412,         0.644565,     2.631720,        19.832151, 1.415977
     83,  195.239300,           0.437800,               0.294100,        0.268100,      89.962400, 30.000000,      25.288000,           1.139100,      24.174829,           1.271886,     1.113171,         0.132786,     4.401971,        11.657066, 1.245956
     84,  195.239300,           0.437800,               0.294100,        0.268100,      89.962400, 40.000000,      21.816400,           0.399200,      20.870625,           0.673265,     0.945775,         0.274065,     4.335158,        68.653657, 1.219841
     85,  193.884200,           0.491200,               0.274000,        0.234800,      73.112400,  0.000000,      35.913600,          20.034400,      35.912811,          20.032797,     0.000789,         0.001603,     0.002196,         0.008002, 0.002392
     86,  193.884200,           0.491200,               0.274000,        0.234800,      73.112400,  5.000000,      33.532000,          12.264800,      34.059692,          12.009879,     0.527692,         0.254921,     1.573698,         2.078476, 0.782613
     87,  193.884200,           0.491200,               0.274000,        0.234800,      73.112400, 10.000000,      31.308400,           7.508400,      30.839750,           7.681129,     0.468650,         0.172729,     1.496882,         2.300483, 0.641379
     88,  193.884200,           0.491200,               0.274000,        0.234800,      73.112400, 15.000000,      29.232200,           4.596500,      29.147238,           3.270102,     0.084962,         1.326398,     0.290646,        28.856705, 1.411361
     89,  193.884200,           0.491200,               0.274000,        0.234800,      73.112400, 20.000000,      27.293700,           2.813900,      26.981722,           2.320536,     0.311978,         0.493364,     1.143041,        17.533099, 0.805342
     90,  193.884200,           0.491200,               0.274000,        0.234800,      73.112400, 30.000000,      23.793800,           1.054500,      22.437794,           1.042861,     1.356006,         0.011639,     5.698990,         1.103747, 1.367645
     91,  193.884200,           0.491200,               0.274000,        0.234800,      73.112400, 40.000000,      20.742700,           0.395200,      19.332310,           0.447000,     1.410390,         0.051800,     6.799454,        13.107407, 1.462191
     92,  185.150300,           0.469200,               0.295100,        0.235700,      65.195200,  0.000000,      30.591200,          19.237000,      30.589588,          19.239103,     0.001612,         0.002103,     0.005269,         0.010934, 0.003715
     93,  185.150300,           0.469200,               0.295100,        0.235700,      65.195200,  5.000000,      29.329400,          14.184400,      30.359322,          16.246202,     1.029922,         2.061802,     3.511567,        14.535704, 3.091724
     94,  185.150300,           0.469200,               0.295100,        0.235700,      65.195200, 10.000000,      28.119600,          10.458800,      28.335661,          12.066176,     0.216061,         1.607376,     0.768364,        15.368650, 1.823437
     95,  185.150300,           0.469200,               0.295100,        0.235700,      65.195200, 15.000000,      26.959800,           7.711800,      28.086786,           8.644835,     1.126986,         0.933035,     4.180247,        12.098790, 2.060021
     96,  185.150300,           0.469200,               0.295100,        0.235700,      65.195200, 20.000000,      25.847700,           5.686200,      27.971447,           5.697320,     2.123747,         0.011120,     8.216387,         0.195561, 2.134867
     97,  185.150300,           0.469200,               0.295100,        0.235700,      65.195200, 30.000000,      23.759400,           3.091400,      24.985851,           3.465177,     1.226451,         0.373777,     5.161962,        12.090867, 1.600228
     98,  185.150300,           0.469200,               0.295100,        0.235700,      65.195200, 40.000000,      21.839800,           1.680700,      22.068840,           2.645574,     0.229040,         0.964874,     1.048728,        57.409075, 1.193914
     99,  200.744000,           0.417900,               0.290600,        0.291500,     134.766100,  0.000000,      56.316500,          39.160000,      56.318752,          39.163029,     0.002252,         0.003029,     0.003999,         0.007734, 0.005281
    100,  200.744000,           0.417900,               0.290600,        0.291500,     134.766100,  5.000000,      50.146600,          18.537800,      49.737106,          19.917528,     0.409494,         1.379728,     0.816593,         7.442783, 1.789222
    101,  200.744000,           0.417900,               0.290600,        0.291500,     134.766100, 10.000000,      44.652700,           8.775400,      43.944748,           9.126719,     0.707952,         0.351319,     1.585463,         4.003447, 1.059271
    102,  200.744000,           0.417900,               0.290600,        0.291500,     134.766100, 15.000000,      39.760700,           4.154000,      40.301476,           4.861560,     0.540776,         0.707560,     1.360075,        17.033229, 1.248336
    103,  200.744000,           0.417900,               0.290600,        0.291500,     134.766100, 20.000000,      35.404600,           1.966400,      35.459751,           2.231214,     0.055151,         0.264814,     0.155774,        13.466947, 0.319965
    104,  200.744000,           0.417900,               0.290600,        0.291500,     134.766100, 30.000000,      28.071800,           0.440600,      28.227285,           0.696905,     0.155485,         0.256305,     0.553885,        58.171747, 0.411790
    105,  200.744000,           0.417900,               0.290600,        0.291500,     134.766100, 40.000000,      22.257700,           0.098700,      22.986210,           0.000000,     0.728510,         0.098700,     3.273069,       100.000000, 0.827210
    106,  197.752400,           0.493100,               0.207800,        0.299100,     144.704600,  0.000000,      71.351400,          30.074900,      71.353836,          30.069616,     0.002436,         0.005284,     0.003414,         0.017568, 0.007720
    107,  197.752400,           0.493100,               0.207800,        0.299100,     144.704600,  5.000000,      65.008400,          16.077000,      64.225403,          15.842891,     0.782997,         0.234109,     1.204455,         1.456175, 1.017106
    108,  197.752400,           0.493100,               0.207800,        0.299100,     144.704600, 10.000000,      59.229200,           8.594100,      59.342228,           8.362611,     0.113028,         0.231489,     0.190831,         2.693583, 0.344517
    109,  197.752400,           0.493100,               0.207800,        0.299100,     144.704600, 15.000000,      53.963800,           4.594000,      55.220428,           4.316953,     1.256628,         0.277047,     2.328651,         6.030623, 1.533675
    110,  197.752400,           0.493100,               0.207800,        0.299100,     144.704600, 20.000000,      49.166500,           2.455700,      48.673283,           2.659254,     0.493217,         0.203554,     1.003157,         8.289055, 0.696772
    111,  197.752400,           0.493100,               0.207800,        0.299100,     144.704600, 30.000000,      40.813300,           0.701700,      40.882759,           1.291229,     0.069459,         0.589529,     0.170187,        84.014463, 0.658989
    112,  197.752400,           0.493100,               0.207800,        0.299100,     144.704600, 40.000000,      33.879300,           0.200500,      34.170341,           0.347985,     0.291041,         0.147485,     0.859054,        73.558678, 0.438527
    113,  189.430100,           0.438200,               0.295600,        0.266200,     122.847300,  0.000000,      53.828600,          36.311900,      53.831688,          36.313663,     0.003088,         0.001763,     0.005737,         0.004856, 0.004851
    114,  189.430100,           0.438200,               0.295600,        0.266200,     122.847300,  5.000000,      50.942600,          24.441900,      51.418339,          25.781738,     0.475739,         1.339838,     0.933872,         5.481727, 1.815577
    115,  189.430100,           0.438200,               0.295600,        0.266200,     122.847300, 10.000000,      48.211400,          16.452000,      47.127728,          15.887325,     1.083672,         0.564675,     2.247752,         3.432256, 1.648347
    116,  189.430100,           0.438200,               0.295600,        0.266200,     122.847300, 15.000000,      45.626600,          11.073900,      44.807991,          11.852074,     0.818609,         0.778174,     1.794149,         7.027097, 1.596783
    117,  189.430100,           0.438200,               0.295600,        0.266200,     122.847300, 20.000000,      43.180400,           7.453900,      42.557877,           8.297739,     0.622523,         0.843839,     1.441681,        11.320772, 1.466362
    118,  189.430100,           0.438200,               0.295600,        0.266200,     122.847300, 30.000000,      38.674400,           3.377000,      38.872562,           4.002428,     0.198162,         0.625428,     0.512387,        18.520227, 0.823590
    119,  189.430100,           0.438200,               0.295600,        0.266200,     122.847300, 40.000000,      34.638500,           1.530000,      34.261879,           2.511161,     0.376621,         0.981161,     1.087290,        64.128160, 1.357782
    120,  180.742500,           0.394300,               0.255500,        0.350200,      96.925600,  0.000000,      38.214400,          24.767000,      38.217766,          24.764490,     0.003366,         0.002510,     0.008808,         0.010134, 0.005876
    121,  180.742500,           0.394300,               0.255500,        0.350200,      96.925600,  5.000000,      37.131300,          20.059500,      36.019337,          17.906218,     1.111963,         2.153282,     2.994679,        10.734477, 3.265246
    122,  180.742500,           0.394300,               0.255500,        0.350200,      96.925600, 10.000000,      36.078900,          16.246700,      35.582626,          16.537100,     0.496274,         0.290400,     1.375523,         1.787439, 0.786673
    123,  180.742500,           0.394300,               0.255500,        0.350200,      96.925600, 15.000000,      35.056300,          13.158600,      34.762741,          13.909460,     0.293559,         0.750860,     0.837393,         5.706231, 1.044419
    124,  180.742500,           0.394300,               0.255500,        0.350200,      96.925600, 20.000000,      34.062700,          10.657500,      33.209045,          10.534812,     0.853655,         0.122688,     2.506127,         1.151190, 0.976343
    125,  180.742500,           0.394300,               0.255500,        0.350200,      96.925600, 30.000000,      32.159200,           6.991000,      33.010681,           5.479463,     0.851481,         1.511537,     2.647706,        21.621190, 2.363019
    126,  180.742500,           0.394300,               0.255500,        0.350200,      96.925600, 40.000000,      30.362100,           4.585900,      29.720984,           4.019561,     0.641116,         0.566339,     2.111568,        12.349565, 1.207455
    127,  183.571100,           0.433100,               0.274200,        0.292700,      71.097400,  0.000000,      30.791500,          19.494700,      30.792284,          19.494907,     0.000784,         0.000207,     0.002546,         0.001064, 0.000991
    128,  183.571100,           0.433100,               0.274200,        0.292700,      71.097400,  5.000000,      29.663100,          14.866100,      29.432360,          14.724268,     0.230740,         0.141832,     0.777870,         0.954064, 0.372572
    129,  183.571100,           0.433100,               0.274200,        0.292700,      71.097400, 10.000000,      28.576200,          11.336500,      27.732687,          11.365176,     0.843513,         0.028676,     2.951803,         0.252955, 0.872189
    130,  183.571100,           0.433100,               0.274200,        0.292700,      71.097400, 15.000000,      27.529000,           8.644800,      26.725666,           9.078981,     0.803334,         0.434181,     2.918137,         5.022457, 1.237515
    131,  183.571100,           0.433100,               0.274200,        0.292700,      71.097400, 20.000000,      26.520200,           6.592300,      27.282339,           6.741168,     0.762139,         0.148868,     2.873806,         2.258218, 0.911008
    132,  183.571100,           0.433100,               0.274200,        0.292700,      71.097400, 30.000000,      24.612200,           3.833500,      25.330786,           4.123021,     0.718586,         0.289521,     2.919632,         7.552397, 1.008107
    133,  183.571100,           0.433100,               0.274200,        0.292700,      71.097400, 40.000000,      22.841500,           2.229200,      23.054365,           3.126053,     0.212865,         0.896853,     0.931923,        40.232050, 1.109718
    134,  191.468100,           0.389500,               0.265600,        0.344900,      60.144500,  0.000000,      23.425800,          15.975700,      23.426283,          15.974380,     0.000483,         0.001320,     0.002061,         0.008265, 0.001803
    135,  191.468100,           0.389500,               0.265600,        0.344900,      60.144500,  5.000000,      22.033200,          10.296600,      22.276333,          11.172059,     0.243133,         0.875459,     1.103484,         8.502409, 1.118592
    136,  191.468100,           0.389500,               0.265600,        0.344900,      60.144500, 10.000000,      20.723400,           6.636300,      20.113861,           6.377156,     0.609539,         0.259144,     2.941307,         3.904943, 0.868683
    137,  191.468100,           0.389500,               0.265600,        0.344900,      60.144500, 15.000000,      19.491500,           4.277200,      19.343927,           4.003852,     0.147573,         0.273348,     0.757113,         6.390808, 0.420920
    138,  191.468100,           0.389500,               0.265600,        0.344900,      60.144500, 20.000000,      18.332800,           2.756700,      17.655973,           2.679688,     0.676827,         0.077012,     3.691889,         2.793631, 0.753839
    139,  191.468100,           0.389500,               0.265600,        0.344900,      60.144500, 30.000000,      16.217900,           1.145100,      15.515127,           1.578199,     0.702773,         0.433099,     4.333316,        37.821898, 1.135871
    140,  191.468100,           0.389500,               0.265600,        0.344900,      60.144500, 40.000000,      14.347000,           0.475600,      13.509670,           0.616175,     0.837330,         0.140575,     5.836271,        29.557313, 0.977904
    141,  199.445900,           0.376900,               0.279900,        0.343200,      59.120400,  0.000000,      22.285100,          16.545500,      22.282478,          16.547800,     0.002622,         0.002300,     0.011764,         0.013901, 0.004922
    142,  199.445900,           0.376900,               0.279900,        0.343200,      59.120400,  5.000000,      20.042100,           8.256500,      19.464924,           9.009594,     0.577176,         0.753094,     2.879819,         9.121225, 1.330270
    143,  199.445900,           0.376900,               0.279900,        0.343200,      59.120400, 10.000000,      18.024800,           4.120100,      17.482883,           4.154932,     0.541917,         0.034832,     3.006505,         0.845417, 0.576749
    144,  199.445900,           0.376900,               0.279900,        0.343200,      59.120400, 15.000000,      16.210600,           2.056000,      15.862704,           2.124694,     0.347896,         0.068694,     2.146100,         3.341165, 0.416590
    145,  199.445900,           0.376900,               0.279900,        0.343200,      59.120400, 20.000000,      14.579000,           1.025900,      14.093606,           1.221172,     0.485394,         0.195272,     3.329405,        19.034246, 0.680666
    146,  199.445900,           0.376900,               0.279900,        0.343200,      59.120400, 30.000000,      11.791900,           0.255500,      10.985070,           0.000000,     0.806830,         0.255500,     6.842237,       100.000000, 1.062330
    147,  199.445900,           0.376900,               0.279900,        0.343200,      59.120400, 40.000000,       9.537600,           0.063600,       9.414235,           0.000000,     0.123365,         0.063600,     1.293458,       100.000000, 0.186965
    148,  209.459900,           0.434000,               0.237500,        0.328500,     106.673200,  0.000000,      46.301300,          25.333600,      46.296169,          25.334885,     0.005131,         0.001285,     0.011081,         0.005071, 0.006415
    149,  209.459900,           0.434000,               0.237500,        0.328500,     106.673200,  5.000000,      38.563800,           8.416400,      39.081024,           7.689316,     0.517224,         0.727084,     1.341217,         8.638898, 1.244308
    150,  209.459900,           0.434000,               0.237500,        0.328500,     106.673200, 10.000000,      32.119300,           2.796100,      30.053219,           2.276876,     2.066081,         0.519224,     6.432522,        18.569572, 2.585305
    151,  209.459900,           0.434000,               0.237500,        0.328500,     106.673200, 15.000000,      26.751700,           0.928900,      25.647617,           1.215006,     1.104083,         0.286106,     4.127150,        30.800490, 1.390188
    152,  209.459900,           0.434000,               0.237500,        0.328500,     106.673200, 20.000000,      22.281200,           0.308600,      21.546240,           0.575795,     0.734960,         0.267195,     3.298566,        86.582954, 1.002155
    153,  209.459900,           0.434000,               0.237500,        0.328500,     106.673200, 30.000000,      15.456400,           0.034000,      14.352242,           0.000000,     1.104158,         0.034000,     7.143691,       100.000000, 1.138158
    154,  209.459900,           0.434000,               0.237500,        0.328500,     106.673200, 40.000000,      10.722000,           0.003800,      10.986387,           0.194924,     0.264387,         0.191124,     2.465839,      1911.243397, 0.455512
    155,  183.822500,           0.431400,               0.193900,        0.374700,     134.161700,  0.000000,      57.877700,          26.010100,      57.877357,          26.013954,     0.000343,         0.003854,     0.000592,         0.014818, 0.004197
    156,  183.822500,           0.431400,               0.193900,        0.374700,     134.161700,  5.000000,      55.714300,          19.728600,      55.601147,          19.951935,     0.113153,         0.223335,     0.203096,         1.132036, 0.336488
    157,  183.822500,           0.431400,               0.193900,        0.374700,     134.161700, 10.000000,      53.631800,          14.964100,      53.790432,          14.844386,     0.158632,         0.119714,     0.295780,         0.800007, 0.278346
    158,  183.822500,           0.431400,               0.193900,        0.374700,     134.161700, 15.000000,      51.627100,          11.350200,      52.319180,          11.996061,     0.692080,         0.645861,     1.340535,         5.690308, 1.337941
    159,  183.822500,           0.431400,               0.193900,        0.374700,     134.161700, 20.000000,      49.697400,           8.609100,      49.957340,           8.525549,     0.259940,         0.083551,     0.523046,         0.970497, 0.343491
    160,  183.822500,           0.431400,               0.193900,        0.374700,     134.161700, 30.000000,      46.051600,           4.952900,      46.779522,           4.109990,     0.727922,         0.842910,     1.580666,        17.018512, 1.570832
    161,  183.822500,           0.431400,               0.193900,        0.374700,     134.161700, 40.000000,      42.673200,           2.849400,      42.904236,           2.750840,     0.231036,         0.098560,     0.541407,         3.458984, 0.329596
    162,  187.260400,           0.404200,               0.299100,        0.296800,     119.803900,  0.000000,      48.423100,          35.827800,      48.424736,          35.833347,     0.001636,         0.005547,     0.003379,         0.015483, 0.007183
    163,  187.260400,           0.404200,               0.299100,        0.296800,     119.803900,  5.000000,      46.129600,          25.256600,      46.620968,          26.442175,     0.491368,         1.185575,     1.065190,         4.694119, 1.676943
    164,  187.260400,           0.404200,               0.299100,        0.296800,     119.803900, 10.000000,      43.944600,          17.804400,      43.028164,          16.803438,     0.916436,         1.000962,     2.085435,         5.621991, 1.917398
    165,  187.260400,           0.404200,               0.299100,        0.296800,     119.803900, 15.000000,      41.863200,          12.551100,      40.911442,          13.192183,     0.951758,         0.641083,     2.273496,         5.107787, 1.592842
    166,  187.260400,           0.404200,               0.299100,        0.296800,     119.803900, 20.000000,      39.880400,           8.847700,      38.901554,           9.526013,     0.978846,         0.678313,     2.454454,         7.666550, 1.657159
    167,  187.260400,           0.404200,               0.299100,        0.296800,     119.803900, 30.000000,      36.192000,           4.396700,      36.737747,           4.866314,     0.545747,         0.469614,     1.507922,        10.681055, 1.015361
    168,  187.260400,           0.404200,               0.299100,        0.296800,     119.803900, 40.000000,      32.844700,           2.184800,      32.646019,           3.214279,     0.198681,         1.029479,     0.604910,        47.120043, 1.228160
    169,  191.101600,           0.480400,               0.240100,        0.279500,     119.325400,  0.000000,      57.320400,          28.655500,      57.323921,          28.650028,     0.003521,         0.005472,     0.006143,         0.019095, 0.008993
    170,  191.101600,           0.480400,               0.240100,        0.279500,     119.325400,  5.000000,      53.972900,          18.613700,      54.750534,          18.605436,     0.777634,         0.008264,     1.440786,         0.044396, 0.785898
    171,  191.101600,           0.480400,               0.240100,        0.279500,     119.325400, 10.000000,      50.820900,          12.090800,      51.249672,          11.925333,     0.428772,         0.165467,     0.843692,         1.368536, 0.594239
    172,  191.101600,           0.480400,               0.240100,        0.279500,     119.325400, 15.000000,      47.853000,           7.853700,      48.071171,           8.052123,     0.218171,         0.198423,     0.455919,         2.526492, 0.416594
    173,  191.101600,           0.480400,               0.240100,        0.279500,     119.325400, 20.000000,      45.058400,           5.101500,      45.058445,           4.318588,     0.000045,         0.782912,     0.000100,        15.346697, 0.782957
    174,  191.101600,           0.480400,               0.240100,        0.279500,     119.325400, 30.000000,      39.949200,           2.152400,      40.600986,           2.558017,     0.651786,         0.405617,     1.631538,        18.844849, 1.057403
    175,  191.101600,           0.480400,               0.240100,        0.279500,     119.325400, 40.000000,      35.419400,           0.908100,      34.814278,           1.449359,     0.605122,         0.541259,     1.708449,        59.603425, 1.146381
    176,  192.190700,           0.415700,               0.230800,        0.353500,      70.685600,  0.000000,      29.382900,          16.312700,      29.384005,          16.314236,     0.001105,         0.001536,     0.003759,         0.009414, 0.002640
    177,  192.190700,           0.415700,               0.230800,        0.353500,      70.685600,  5.000000,      27.575700,          10.353200,      27.715355,          10.710154,     0.139655,         0.356954,     0.506442,         3.447761, 0.496608
    178,  192.190700,           0.415700,               0.230800,        0.353500,      70.685600, 10.000000,      25.879600,           6.570900,      25.234158,           6.760473,     0.645442,         0.189573,     2.494020,         2.885042, 0.835016
    179,  192.190700,           0.415700,               0.230800,        0.353500,      70.685600, 15.000000,      24.287900,           4.170300,      24.572407,           3.815370,     0.284507,         0.354930,     1.171393,         8.510908, 0.639437
    180,  192.190700,           0.415700,               0.230800,        0.353500,      70.685600, 20.000000,      22.794100,           2.646800,      22.399408,           2.724709,     0.394692,         0.077909,     1.731552,         2.943500, 0.472600
    181,  192.190700,           0.415700,               0.230800,        0.353500,      70.685600, 30.000000,      20.076300,           1.066100,      19.272896,           1.644863,     0.803404,         0.578763,     4.001754,        54.287884, 1.382167
    182,  192.190700,           0.415700,               0.230800,        0.353500,      70.685600, 40.000000,      17.682700,           0.429400,      17.933508,           0.612025,     0.250808,         0.182625,     1.418380,        42.530294, 0.433433
    183,  187.697600,           0.421300,               0.208800,        0.369900,     145.949900,  0.000000,      61.490900,          30.475600,      61.488693,          30.474339,     0.002207,         0.001261,     0.003589,         0.004139, 0.003468
    184,  187.697600,           0.421300,               0.208800,        0.369900,     145.949900,  5.000000,      58.500800,          21.284500,      59.375484,          22.299374,     0.874684,         1.014874,     1.495167,         4.768135, 1.889558
    185,  187.697600,           0.421300,               0.208800,        0.369900,     145.949900, 10.000000,      55.656100,          14.865300,      56.655010,          14.485973,     0.998910,         0.379327,     1.794790,         2.551759, 1.378237
    186,  187.697600,           0.421300,               0.208800,        0.369900,     145.949900, 15.000000,      52.949700,          10.382000,      54.021412,          10.772320,     1.071712,         0.390320,     2.024019,         3.759582, 1.462032
    187,  187.697600,           0.421300,               0.208800,        0.369900,     145.949900, 20.000000,      50.374900,           7.250800,      51.477577,           7.355187,     1.102677,         0.104387,     2.188942,         1.439661, 1.207064
    188,  187.697600,           0.421300,               0.208800,        0.369900,     145.949900, 30.000000,      45.594800,           3.536700,      46.250561,           3.591000,     0.655761,         0.054300,     1.438236,         1.535339, 0.710061
    189,  187.697600,           0.421300,               0.208800,        0.369900,     145.949900, 40.000000,      41.268300,           1.725100,      41.621105,           2.312902,     0.352805,         0.587802,     0.854906,        34.073488, 0.940607
    190,  185.523000,           0.358800,               0.257700,        0.383500,     129.905000,  0.000000,      46.605700,          33.482100,      46.609913,          33.476517,     0.004213,         0.005583,     0.009039,         0.016675, 0.009796
    191,  185.523000,           0.358800,               0.257700,        0.383500,     129.905000,  5.000000,      44.632800,          24.492800,      44.485832,          24.407240,     0.146968,         0.085560,     0.329282,         0.349328, 0.232528
    192,  185.523000,           0.358800,               0.257700,        0.383500,     129.905000, 10.000000,      42.743500,          17.916900,      42.642612,          17.117998,     0.100888,         0.798902,     0.236030,         4.458929, 0.899789
    193,  185.523000,           0.358800,               0.257700,        0.383500,     129.905000, 15.000000,      40.934100,          13.106500,      41.528248,          13.649637,     0.594148,         0.543137,     1.451474,         4.144029, 1.137285
    194,  185.523000,           0.358800,               0.257700,        0.383500,     129.905000, 20.000000,      39.201300,           9.587600,      39.542301,          10.157408,     0.341001,         0.569808,     0.869872,         5.943174, 0.910809
    195,  185.523000,           0.358800,               0.257700,        0.383500,     129.905000, 30.000000,      35.952700,           5.130400,      38.295609,           4.672751,     2.342909,         0.457649,     6.516641,         8.920329, 2.800557
    196,  185.523000,           0.358800,               0.257700,        0.383500,     129.905000, 40.000000,      32.973300,           2.745300,      33.354195,           3.226722,     0.380895,         0.481422,     1.155161,        17.536226, 0.862317
    197,  181.356400,           0.466200,               0.153100,        0.380600,      54.704900,  0.000000,      25.505000,           8.377200,      25.503424,           8.375320,     0.001576,         0.001880,     0.006180,         0.022437, 0.003456
    198,  181.356400,           0.466200,               0.153100,        0.380600,      54.704900,  5.000000,      24.736000,           6.696800,      25.115883,           6.809011,     0.379883,         0.112211,     1.535749,         1.675591, 0.492094
    199,  181.356400,           0.466200,               0.153100,        0.380600,      54.704900, 10.000000,      23.990200,           5.353500,      24.283894,           5.163767,     0.293694,         0.189733,     1.224223,         3.544095, 0.483427
    200,  181.356400,           0.466200,               0.153100,        0.380600,      54.704900, 15.000000,      23.266900,           4.279600,      24.535784,           3.792790,     1.268884,         0.486810,     5.453600,        11.375136, 1.755694
    201,  181.356400,           0.466200,               0.153100,        0.380600,      54.704900, 20.000000,      22.565400,           3.421100,      24.073294,           3.335301,     1.507894,         0.085799,     6.682326,         2.507945, 1.593693
    202,  181.356400,           0.466200,               0.153100,        0.380600,      54.704900, 30.000000,      21.225200,           2.186200,      22.119299,           2.718774,     0.894099,         0.532574,     4.212441,        24.360699, 1.426673
    203,  181.356400,           0.466200,               0.153100,        0.380600,      54.704900, 40.000000,      19.964600,           1.397100,      20.027866,           1.952239,     0.063266,         0.555139,     0.316893,        39.735114, 0.618406
    204,  184.923500,           0.456000,               0.287300,        0.256700,      96.313900,  0.000000,      43.916800,          27.672800,      43.919140,          27.670984,     0.002340,         0.001816,     0.005328,         0.006561, 0.004156
    205,  184.923500,           0.456000,               0.287300,        0.256700,      96.313900,  5.000000,      42.134300,          20.503300,      41.572033,          20.052153,     0.562267,         0.451147,     1.334464,         2.200365, 1.013414
    206,  184.923500,           0.456000,               0.287300,        0.256700,      96.313900, 10.000000,      40.424100,          15.191300,      40.408024,          15.313897,     0.016076,         0.122597,     0.039769,         0.807022, 0.138673
    207,  184.923500,           0.456000,               0.287300,        0.256700,      96.313900, 15.000000,      38.783400,          11.255500,      38.852333,          12.458077,     0.068933,         1.202577,     0.177739,        10.684354, 1.271510
    208,  184.923500,           0.456000,               0.287300,        0.256700,      96.313900, 20.000000,      37.209300,           8.339300,      36.777412,           8.771284,     0.431888,         0.431984,     1.160698,         5.180100, 0.863872
    209,  184.923500,           0.456000,               0.287300,        0.256700,      96.313900, 30.000000,      34.250100,           4.577900,      35.286945,           4.871174,     1.036845,         0.293274,     3.027277,         6.406307, 1.330120
    210,  184.923500,           0.456000,               0.287300,        0.256700,      96.313900, 40.000000,      31.526200,           2.513000,      31.131819,           3.392152,     0.394381,         0.879152,     1.250963,        34.984175, 1.273534
    211,  189.858800,           0.426400,               0.269100,        0.304500,     148.041100,  0.000000,      63.124500,          39.839300,      63.124725,          39.837860,     0.000225,         0.001440,     0.000357,         0.003614, 0.001665
    212,  189.858800,           0.426400,               0.269100,        0.304500,     148.041100,  5.000000,      59.662500,          26.572500,      59.402626,          27.420506,     0.259874,         0.848006,     0.435573,         3.191290, 1.107879
    213,  189.858800,           0.426400,               0.269100,        0.304500,     148.041100, 10.000000,      56.390400,          17.723500,      55.173401,          18.733912,     1.216999,         1.010412,     2.158167,         5.700971, 2.227411
    214,  189.858800,           0.426400,               0.269100,        0.304500,     148.041100, 15.000000,      53.297800,          11.821400,      52.050297,          12.952931,     1.247503,         1.131531,     2.340628,         9.571890, 2.379035
    215,  189.858800,           0.426400,               0.269100,        0.304500,     148.041100, 20.000000,      50.374700,           7.884700,      49.560696,           9.145055,     0.814004,         1.260355,     1.615899,        15.984816, 2.074359
    216,  189.858800,           0.426400,               0.269100,        0.304500,     148.041100, 30.000000,      45.000800,           3.507600,      45.282436,           4.050154,     0.281636,         0.542554,     0.625847,        15.467961, 0.824191
    217,  189.858800,           0.426400,               0.269100,        0.304500,     148.041100, 40.000000,      40.200100,           1.560400,      39.890709,           2.543942,     0.309391,         0.983542,     0.769628,        63.031431, 1.292934
    218,  198.676900,           0.422000,               0.234900,        0.343000,      98.976900,  0.000000,      41.772300,          23.253100,      41.768253,          23.249674,     0.004047,         0.003426,     0.009687,         0.014734, 0.007473
    219,  198.676900,           0.422000,               0.234900,        0.343000,      98.976900,  5.000000,      37.790000,          11.972000,      37.971947,          11.859901,     0.181947,         0.112099,     0.481468,         0.936340, 0.294045
    220,  198.676900,           0.422000,               0.234900,        0.343000,      98.976900, 10.000000,      34.187400,           6.163800,      33.887691,           6.139361,     0.299709,         0.024439,     0.876664,         0.396494, 0.324148
    221,  198.676900,           0.422000,               0.234900,        0.343000,      98.976900, 15.000000,      30.928200,           3.173400,      31.502728,           3.001479,     0.574528,         0.171921,     1.857617,         5.417575, 0.746449
    222,  198.676900,           0.422000,               0.234900,        0.343000,      98.976900, 20.000000,      27.979700,           1.633800,      28.349165,           2.171035,     0.369465,         0.537235,     1.320475,        32.882532, 0.906700
    223,  198.676900,           0.422000,               0.234900,        0.343000,      98.976900, 30.000000,      22.899100,           0.433000,      22.920700,           0.741222,     0.021600,         0.308222,     0.094327,        71.182819, 0.329822
    224,  198.676900,           0.422000,               0.234900,        0.343000,      98.976900, 40.000000,      18.741100,           0.114800,      18.522518,           0.000000,     0.218582,         0.114800,     1.166323,       100.000000, 0.333382
    225,  206.387500,           0.385300,               0.242800,        0.371900,     135.506000,  0.000000,      52.215900,          32.898600,      52.210461,          32.900856,     0.005439,         0.002256,     0.010417,         0.006857, 0.007695
    226,  206.387500,           0.385300,               0.242800,        0.371900,     135.506000,  5.000000,      44.526500,          12.382700,      43.679806,          11.734665,     0.846694,         0.648035,     1.901551,         5.233391, 1.494729
    227,  206.387500,           0.385300,               0.242800,        0.371900,     135.506000, 10.000000,      37.969500,           4.660600,      38.151741,           4.141032,     0.182241,         0.519568,     0.479967,        11.148088, 0.701809
    228,  206.387500,           0.385300,               0.242800,        0.371900,     135.506000, 15.000000,      32.378000,           1.754100,      31.548349,           2.019250,     0.829651,         0.265150,     2.562390,        15.116009, 1.094801
    229,  206.387500,           0.385300,               0.242800,        0.371900,     135.506000, 20.000000,      27.609900,           0.660200,      27.287209,           1.173894,     0.322691,         0.513694,     1.168753,        77.808799, 0.836385
    230,  206.387500,           0.385300,               0.242800,        0.371900,     135.506000, 30.000000,      20.076800,           0.093500,      19.921083,           0.000000,     0.155717,         0.093500,     0.775604,       100.000000, 0.249217
    231,  206.387500,           0.385300,               0.242800,        0.371900,     135.506000, 40.000000,      14.599000,           0.013200,      15.124251,           0.000000,     0.525251,         0.013200,     3.597859,       100.000000, 0.538451
    232,  199.687100,           0.444600,               0.279100,        0.276400,      94.013400,  0.000000,      41.795000,          26.236600,      41.798359,          26.239140,     0.003359,         0.002540,     0.008037,         0.009679, 0.005898
    233,  199.687100,           0.444600,               0.279100,        0.276400,      94.013400,  5.000000,      37.518900,          12.964900,      37.684864,          12.596460,     0.165964,         0.368440,     0.442348,         2.841824, 0.534404
    234,  199.687100,           0.444600,               0.279100,        0.276400,      94.013400, 10.000000,      33.680200,           6.406600,      34.174309,           6.336154,     0.494109,         0.070446,     1.467060,         1.099585, 0.564555
    235,  199.687100,           0.444600,               0.279100,        0.276400,      94.013400, 15.000000,      30.234300,           3.165800,      30.878109,           2.719480,     0.643809,         0.446320,     2.129399,        14.098181, 1.090129
    236,  199.687100,           0.444600,               0.279100,        0.276400,      94.013400, 20.000000,      27.140900,           1.564300,      27.824839,           1.885974,     0.683939,         0.321674,     2.519956,        20.563458, 1.005613
    237,  199.687100,           0.444600,               0.279100,        0.276400,      94.013400, 30.000000,      21.871200,           0.381900,      21.904470,           0.573401,     0.033270,         0.191501,     0.152120,        50.144225, 0.224771
    238,  199.687100,           0.444600,               0.279100,        0.276400,      94.013400, 40.000000,      17.624700,           0.093300,      17.267879,           0.000000,     0.356821,         0.093300,     2.024548,       100.000000, 0.450121
    239,  206.405800,           0.474400,               0.169500,        0.356100,     139.879200,  0.000000,      66.361700,          23.708200,      66.358696,          23.709524,     0.003004,         0.001324,     0.004527,         0.005585, 0.004328
    240,  206.405800,           0.474400,               0.169500,        0.356100,     139.879200,  5.000000,      56.581200,           8.916900,      55.878666,           7.940249,     0.702534,         0.976651,     1.241639,        10.952804, 1.679185
    241,  206.405800,           0.474400,               0.169500,        0.356100,     139.879200, 10.000000,      48.242200,           3.353700,      48.732391,           4.015376,     0.490191,         0.661676,     1.016105,        19.729720, 1.151867
    242,  206.405800,           0.474400,               0.169500,        0.356100,     139.879200, 15.000000,      41.132200,           1.261300,      40.739651,           1.987933,     0.392549,         0.726633,     0.954360,        57.609878, 1.119183
    243,  206.405800,           0.474400,               0.169500,        0.356100,     139.879200, 20.000000,      35.070100,           0.474400,      34.706699,           0.729699,     0.363401,         0.255299,     1.036212,        53.815038, 0.618699
    244,  206.405800,           0.474400,               0.169500,        0.356100,     139.879200, 30.000000,      25.494400,           0.067100,      26.287378,           0.000000,     0.792978,         0.067100,     3.110402,       100.000000, 0.860078
    245,  206.405800,           0.474400,               0.169500,        0.356100,     139.879200, 40.000000,      18.533200,           0.009500,      20.166613,           0.000000,     1.633413,         0.009500,     8.813441,        95.000000, 1.642913
    246,  189.020400,           0.405300,               0.297700,        0.296900,      89.998500,  0.000000,      36.479300,          26.795600,      36.476391,          26.792553,     0.002909,         0.003047,     0.007975,         0.011371, 0.005956
    247,  189.020400,           0.405300,               0.297700,        0.296900,      89.998500,  5.000000,      34.566500,          18.194400,      35.182911,          18.833002,     0.616411,         0.638602,     1.783261,         3.509883, 1.255013
    248,  189.020400,           0.405300,               0.297700,        0.296900,      89.998500, 10.000000,      32.753900,          12.354100,      32.774235,          12.791502,     0.020335,         0.437402,     0.062084,         3.540541, 0.457737
    249,  189.020400,           0.405300,               0.297700,        0.296900,      89.998500, 15.000000,      31.036400,           8.388500,      30.112087,           8.699388,     0.924313,         0.310888,     2.978157,         3.706116, 1.235200
    250,  189.020400,           0.405300,               0.297700,        0.296900,      89.998500, 20.000000,      29.408900,           5.695800,      29.581709,           5.172799,     0.172809,         0.523001,     0.587608,         9.182228, 0.695810
    251,  189.020400,           0.405300,               0.297700,        0.296900,      89.998500, 30.000000,      26.405600,           2.626000,      26.224434,           3.258193,     0.181166,         0.632193,     0.686090,        24.074390, 0.813360
    252,  189.020400,           0.405300,               0.297700,        0.296900,      89.998500, 40.000000,      23.708900,           1.210700,      24.021948,           2.239330,     0.313048,         1.028630,     1.320381,        84.961577, 1.341678
    253,  185.393900,           0.396300,               0.217100,        0.386600,      93.461200,  0.000000,      37.040800,          20.288200,      37.038673,          20.290426,     0.002127,         0.002226,     0.005741,         0.010973, 0.004353
    254,  185.393900,           0.396300,               0.217100,        0.386600,      93.461200,  5.000000,      35.486700,          14.882100,      34.346035,          14.523563,     1.140665,         0.358537,     3.214345,         2.409180, 1.499202
    255,  185.393900,           0.396300,               0.217100,        0.386600,      93.461200, 10.000000,      33.997800,          10.916500,      33.248711,          11.923826,     0.749089,         1.007326,     2.203347,         9.227557, 1.756416
    256,  185.393900,           0.396300,               0.217100,        0.386600,      93.461200, 15.000000,      32.571400,           8.007600,      31.717031,           8.616005,     0.854369,         0.608405,     2.623064,         7.597844, 1.462773
    257,  185.393900,           0.396300,               0.217100,        0.386600,      93.461200, 20.000000,      31.204900,           5.873800,      30.553236,           5.277011,     0.651664,         0.596789,     2.088339,        10.160187, 1.248453
    258,  185.393900,           0.396300,               0.217100,        0.386600,      93.461200, 30.000000,      28.641400,           3.160500,      28.845285,           2.840625,     0.203885,         0.319875,     0.711856,        10.121016, 0.523760
    259,  185.393900,           0.396300,               0.217100,        0.386600,      93.461200, 40.000000,      26.288400,           1.700500,      26.937872,           1.810977,     0.649472,         0.110477,     2.470565,         6.496735, 0.759949
    260,  204.409800,           0.451700,               0.225900,        0.322400,     136.894100,  0.000000,      61.837700,          30.920500,      61.835064,          30.924377,     0.002636,         0.003877,     0.004263,         0.012540, 0.006514
    261,  204.409800,           0.451700,               0.225900,        0.322400,     136.894100,  5.000000,      53.537000,          12.611900,      51.867939,          12.153258,     1.669061,         0.458642,     3.117584,         3.636579, 2.127703
    262,  204.409800,           0.451700,               0.225900,        0.322400,     136.894100, 10.000000,      46.350500,           5.144000,      45.822235,           5.219263,     0.528265,         0.075263,     1.139718,         1.463124, 0.603528
    263,  204.409800,           0.451700,               0.225900,        0.322400,     136.894100, 15.000000,      40.128700,           2.098100,      39.698399,           2.415497,     0.430301,         0.317397,     1.072303,        15.127810, 0.747698
    264,  204.409800,           0.451700,               0.225900,        0.322400,     136.894100, 20.000000,      34.742000,           0.855700,      34.012749,           1.298532,     0.729251,         0.442832,     2.099048,        51.750848, 1.172083
    265,  204.409800,           0.451700,               0.225900,        0.322400,     136.894100, 30.000000,      26.040800,           0.142300,      26.007986,           0.000000,     0.032814,         0.142300,     0.126010,       100.000000, 0.175114
    266,  204.409800,           0.451700,               0.225900,        0.322400,     136.894100, 40.000000,      19.518800,           0.023700,      20.787909,           0.000000,     1.269109,         0.023700,     6.501980,       100.000000, 1.292809
    267,  204.207600,           0.446500,               0.228100,        0.325400,      65.585900,  0.000000,      29.281400,          14.962600,      29.284105,          14.960144,     0.002705,         0.002456,     0.009239,         0.016414, 0.005161
    268,  204.207600,           0.446500,               0.228100,        0.325400,      65.585900,  5.000000,      25.390200,           6.153300,      24.715752,           7.061796,     0.674448,         0.908496,     2.656333,        14.764366, 1.582944
    269,  204.207600,           0.446500,               0.228100,        0.325400,      65.585900, 10.000000,      22.016100,           2.530500,      22.799608,           2.220974,     0.783508,         0.309526,     3.558797,        12.231813, 1.093034
    270,  204.207600,           0.446500,               0.228100,        0.325400,      65.585900, 15.000000,      19.090300,           1.040600,      19.487890,           1.235932,     0.397590,         0.195332,     2.082682,        18.771116, 0.592922
    271,  204.207600,           0.446500,               0.228100,        0.325400,      65.585900, 20.000000,      16.553400,           0.427900,      16.869864,           0.488473,     0.316464,         0.060573,     1.911773,        14.155773, 0.377036
    272,  204.207600,           0.446500,               0.228100,        0.325400,      65.585900, 30.000000,      12.446100,           0.072400,      11.780104,           0.000000,     0.665996,         0.072400,     5.351044,       100.000000, 0.738396
    273,  204.207600,           0.446500,               0.228100,        0.325400,      65.585900, 40.000000,       9.357900,           0.012200,      10.426857,           0.137439,     1.068957,         0.125239,    11.423044,      1026.546718, 1.194196
    274,  200.813000,           0.360700,               0.270600,        0.368600,      72.804400,  0.000000,      26.263900,          19.703700,      26.260548,          19.700871,     0.003352,         0.002829,     0.012764,         0.014360, 0.006182
    275,  200.813000,           0.360700,               0.270600,        0.368600,      72.804400,  5.000000,      23.374200,           9.301300,      22.736742,           9.529978,     0.637458,         0.228678,     2.727186,         2.458557, 0.866136
    276,  200.813000,           0.360700,               0.270600,        0.368600,      72.804400, 10.000000,      20.802300,           4.390700,      20.398476,           3.946999,     0.403824,         0.443701,     1.941249,        10.105477, 0.847526
    277,  200.813000,           0.360700,               0.270600,        0.368600,      72.804400, 15.000000,      18.513500,           2.072600,      18.705322,           2.361242,     0.191822,         0.288642,     1.036121,        13.926545, 0.480464
    278,  200.813000,           0.360700,               0.270600,        0.368600,      72.804400, 20.000000,      16.476500,           0.978400,      16.706884,           1.507995,     0.230384,         0.529595,     1.398260,        54.128717, 0.759980
    279,  200.813000,           0.360700,               0.270600,        0.368600,      72.804400, 30.000000,      13.050200,           0.218000,      12.966772,           0.000000,     0.083428,         0.218000,     0.639285,       100.000000, 0.301428
    280,  200.813000,           0.360700,               0.270600,        0.368600,      72.804400, 40.000000,      10.336400,           0.048600,      10.360700,           0.000000,     0.024300,         0.048600,     0.235088,       100.000000, 0.072900
    281,  190.461600,           0.449300,               0.238600,        0.312100,      81.549600,  0.000000,      36.636800,          19.458500,      36.640236,          19.457735,     0.003436,         0.000765,     0.009378,         0.003931, 0.004201
    282,  190.461600,           0.449300,               0.238600,        0.312100,      81.549600,  5.000000,      34.564300,          12.813100,      34.805134,          12.519052,     0.240834,         0.294048,     0.696770,         2.294905, 0.534882
    283,  190.461600,           0.449300,               0.238600,        0.312100,      81.549600, 10.000000,      32.609000,           8.437200,      33.037945,           8.837576,     0.428945,         0.400376,     1.315418,         4.745365, 0.829321
    284,  190.461600,           0.449300,               0.238600,        0.312100,      81.549600, 15.000000,      30.764300,           5.555700,      30.442465,           5.385052,     0.321835,         0.170648,     1.046132,         3.071589, 0.492483
    285,  190.461600,           0.449300,               0.238600,        0.312100,      81.549600, 20.000000,      29.024000,           3.658300,      29.816893,           3.312379,     0.792893,         0.345921,     2.731852,         9.455789, 1.138814
    286,  190.461600,           0.449300,               0.238600,        0.312100,      81.549600, 30.000000,      25.833000,           1.586200,      25.776831,           2.014322,     0.056169,         0.428122,     0.217432,        26.990420, 0.484291
    287,  190.461600,           0.449300,               0.238600,        0.312100,      81.549600, 40.000000,      22.992900,           0.687700,      23.491940,           1.071310,     0.499040,         0.383610,     2.170407,        55.781597, 0.882650
    288,  196.520600,           0.457800,               0.205400,        0.336900,     100.880300,  0.000000,      46.179500,          20.717600,      46.183002,          20.720814,     0.003502,         0.003214,     0.007584,         0.015512, 0.006716
    289,  196.520600,           0.457800,               0.205400,        0.336900,     100.880300,  5.000000,      42.473500,          11.643200,      42.497448,          11.561769,     0.023948,         0.081431,     0.056383,         0.699383, 0.105378
    290,  196.520600,           0.457800,               0.205400,        0.336900,     100.880300, 10.000000,      39.064800,           6.543400,      38.349285,           7.024498,     0.715515,         0.481098,     1.831610,         7.352416, 1.196613
    291,  196.520600,           0.457800,               0.205400,        0.336900,     100.880300, 15.000000,      35.929700,           3.677300,      35.565899,           3.376334,     0.363801,         0.300966,     1.012536,         8.184424, 0.664767
    292,  196.520600,           0.457800,               0.205400,        0.336900,     100.880300, 20.000000,      33.046200,           2.066600,      33.116722,           2.405472,     0.070522,         0.338872,     0.213405,        16.397563, 0.409394
    293,  196.520600,           0.457800,               0.205400,        0.336900,     100.880300, 30.000000,      27.954800,           0.652700,      27.732454,           1.019736,     0.222346,         0.367036,     0.795376,        56.233518, 0.589382
    294,  196.520600,           0.457800,               0.205400,        0.336900,     100.880300, 40.000000,      23.647800,           0.206100,      23.030569,           0.204314,     0.617231,         0.001786,     2.610099,         0.866421, 0.619017
    295,  195.808400,           0.488300,               0.183600,        0.328100,      84.010200,  0.000000,      41.021900,          15.426800,      41.022182,          15.424273,     0.000282,         0.002527,     0.000689,         0.016384, 0.002810
    296,  195.808400,           0.488300,               0.183600,        0.328100,      84.010200,  5.000000,      37.936300,           8.924400,      37.756523,           9.409765,     0.179777,         0.485365,     0.473891,         5.438632, 0.665142
    297,  195.808400,           0.488300,               0.183600,        0.328100,      84.010200, 10.000000,      35.082800,           5.162700,      33.872818,           5.020491,     1.209982,         0.142209,     3.448932,         2.754554, 1.352191
    298,  195.808400,           0.488300,               0.183600,        0.328100,      84.010200, 15.000000,      32.444000,           2.986500,      32.272411,           2.793632,     0.171589,         0.192868,     0.528876,         6.457985, 0.364456
    299,  195.808400,           0.488300,               0.183600,        0.328100,      84.010200, 20.000000,      30.003600,           1.727700,      29.819740,           2.140782,     0.183860,         0.413082,     0.612792,        23.909380, 0.596942
    300,  195.808400,           0.488300,               0.183600,        0.328100,      84.010200, 30.000000,      25.659700,           0.578100,      25.526426,           0.761490,     0.133274,         0.183390,     0.519389,        31.722945, 0.316664
    301,  195.808400,           0.488300,               0.183600,        0.328100,      84.010200, 40.000000,      21.944700,           0.193500,      21.380238,           0.019897,     0.564462,         0.173603,     2.572204,        89.717447, 0.738066
    302,  182.606200,           0.418700,               0.253300,        0.327900,     110.793000,  0.000000,      46.393200,          28.065700,      46.389030,          28.063868,     0.004170,         0.001832,     0.008987,         0.006529, 0.006002
    303,  182.606200,           0.418700,               0.253300,        0.327900,     110.793000,  5.000000,      44.824200,          21.846500,      44.344074,          21.006538,     0.480126,         0.839962,     1.071131,         3.844834, 1.320087
    304,  182.606200,           0.418700,               0.253300,        0.327900,     110.793000, 10.000000,      43.308200,          17.005400,      43.547466,          17.064123,     0.239266,         0.058723,     0.552473,         0.345321, 0.297989
    305,  182.606200,           0.418700,               0.253300,        0.327900,     110.793000, 15.000000,      41.843500,          13.237100,      42.073849,          14.025347,     0.230349,         0.788247,     0.550501,         5.954830, 1.018595
    306,  182.606200,           0.418700,               0.253300,        0.327900,     110.793000, 20.000000,      40.428300,          10.303800,      39.891594,          10.424416,     0.536706,         0.120616,     1.327550,         1.170593, 0.657322
    307,  182.606200,           0.418700,               0.253300,        0.327900,     110.793000, 30.000000,      37.740000,           6.243100,      38.762302,           5.359183,     1.022302,         0.883917,     2.708803,        14.158298, 1.906219
    308,  182.606200,           0.418700,               0.253300,        0.327900,     110.793000, 40.000000,      35.230400,           3.782700,      34.820763,           3.863766,     0.409637,         0.081066,     1.162738,         2.143071, 0.490703
    309,  193.530200,           0.409200,               0.268500,        0.322300,      65.440600,  0.000000,      26.778600,          17.572800,      26.778294,          17.570801,     0.000306,         0.001999,     0.001144,         0.011377, 0.002306
    310,  193.530200,           0.409200,               0.268500,        0.322300,      65.440600,  5.000000,      25.029700,          10.839300,      24.626415,          11.409491,     0.403285,         0.570191,     1.611225,         5.260400, 0.973475
    311,  193.530200,           0.409200,               0.268500,        0.322300,      65.440600, 10.000000,      23.395000,           6.685900,      22.045879,           6.444052,     1.349121,         0.241848,     5.766705,         3.617288, 1.590969
    312,  193.530200,           0.409200,               0.268500,        0.322300,      65.440600, 15.000000,      21.867000,           4.124000,      22.340839,           3.414875,     0.473839,         0.709125,     2.166915,        17.195077, 1.182964
    313,  193.530200,           0.409200,               0.268500,        0.322300,      65.440600, 20.000000,      20.438900,           2.543700,      19.890640,           2.489820,     0.548260,         0.053880,     2.682433,         2.118193, 0.602140
    314,  193.530200,           0.409200,               0.268500,        0.322300,      65.440600, 30.000000,      17.856300,           0.967800,      16.631409,           1.379765,     1.224891,         0.411965,     6.859715,        42.567117, 1.636856
    315,  193.530200,           0.409200,               0.268500,        0.322300,      65.440600, 40.000000,      15.600000,           0.368200,      14.546237,           0.461512,     1.053763,         0.093312,     6.754891,        25.342659, 1.147075
    316,  186.618000,           0.454400,               0.188200,        0.357300,     113.112000,  0.000000,      51.403200,          21.290300,      51.398094,          21.287678,     0.005106,         0.002622,     0.009933,         0.012317, 0.007728
    317,  186.618000,           0.454400,               0.188200,        0.357300,     113.112000,  5.000000,      49.064000,          15.215300,      48.664444,          13.712863,     0.399556,         1.502437,     0.814357,         9.874515, 1.901993
    318,  186.618000,           0.454400,               0.188200,        0.357300,     113.112000, 10.000000,      46.831300,          10.873700,      47.129936,          11.258134,     0.298636,         0.384434,     0.637685,         3.535447, 0.683070
    319,  186.618000,           0.454400,               0.188200,        0.357300,     113.112000, 15.000000,      44.700200,           7.770900,      44.977940,           8.580088,     0.277740,         0.809188,     0.621339,        10.413049, 1.086927
    320,  186.618000,           0.454400,               0.188200,        0.357300,     113.112000, 20.000000,      42.666000,           5.553500,      41.973881,           5.070872,     0.692119,         0.482628,     1.622180,         8.690523, 1.174747
    321,  186.618000,           0.454400,               0.188200,        0.357300,     113.112000, 30.000000,      38.871200,           2.836300,      39.311069,           2.810973,     0.439869,         0.025327,     1.131608,         0.892945, 0.465196
    322,  186.618000,           0.454400,               0.188200,        0.357300,     113.112000, 40.000000,      35.413900,           1.448500,      36.024509,           1.592235,     0.610609,         0.143735,     1.724208,         9.923005, 0.754344
    323,  196.111200,           0.447200,               0.289900,        0.262900,     101.628700,  0.000000,      45.447400,          29.458100,      45.448353,          29.462160,     0.000953,         0.004060,     0.002097,         0.013783, 0.005013
    324,  196.111200,           0.447200,               0.289900,        0.262900,     101.628700,  5.000000,      41.931500,          16.833100,      42.772415,          17.701340,     0.840915,         0.868240,     2.005450,         5.157931, 1.709155
    325,  196.111200,           0.447200,               0.289900,        0.262900,     101.628700, 10.000000,      38.687600,           9.618700,      39.058876,           9.455492,     0.371276,         0.163208,     0.959677,         1.696778, 0.534484
    326,  196.111200,           0.447200,               0.289900,        0.262900,     101.628700, 15.000000,      35.694600,           5.496300,      35.581715,           4.697492,     0.112885,         0.798808,     0.316253,        14.533565, 0.911694
    327,  196.111200,           0.447200,               0.289900,        0.262900,     101.628700, 20.000000,      32.933200,           3.140600,      32.519772,           2.754278,     0.413428,         0.386322,     1.255355,        12.300884, 0.799750
    328,  196.111200,           0.447200,               0.289900,        0.262900,     101.628700, 30.000000,      28.034700,           1.025400,      27.501207,           1.376762,     0.533493,         0.351362,     1.902973,        34.265827, 0.884854
    329,  196.111200,           0.447200,               0.289900,        0.262900,     101.628700, 40.000000,      23.864700,           0.334800,      23.045942,           0.671688,     0.818758,         0.336888,     3.430832,       100.623715, 1.155646
    330,  182.874200,           0.399300,               0.294900,        0.305800,     121.352900,  0.000000,      48.458100,          35.785500,      48.456211,          35.786972,     0.001889,         0.001472,     0.003898,         0.004114, 0.003361
    331,  182.874200,           0.399300,               0.294900,        0.305800,     121.352900,  5.000000,      46.781200,          27.697100,      46.827488,          28.113697,     0.046288,         0.416597,     0.098946,         1.504118, 0.462885
    332,  182.874200,           0.399300,               0.294900,        0.305800,     121.352900, 10.000000,      45.162300,          21.436800,      44.745693,          20.096180,     0.416607,         1.340620,     0.922466,         6.253825, 1.757227
    333,  182.874200,           0.399300,               0.294900,        0.305800,     121.352900, 15.000000,      43.599400,          16.591500,      42.673214,          16.155869,     0.926186,         0.435631,     2.124309,         2.625630, 1.361818
    334,  182.874200,           0.399300,               0.294900,        0.305800,     121.352900, 20.000000,      42.090600,          12.841400,      40.807301,          12.888813,     1.283299,         0.047413,     3.048898,         0.369220, 1.330712
    335,  182.874200,           0.399300,               0.294900,        0.305800,     121.352900, 30.000000,      39.227900,           7.692400,      40.169163,           6.687353,     0.941263,         1.005047,     2.399473,        13.065452, 1.946310
    336,  182.874200,           0.399300,               0.294900,        0.305800,     121.352900, 40.000000,      36.559900,           4.607900,      36.219749,           5.021578,     0.340151,         0.413678,     0.930392,         8.977578, 0.753828
    337,  208.540300,           0.451800,               0.239700,        0.308500,     102.201900,  0.000000,      46.174800,          24.497100,      46.174820,          24.497795,     0.000020,         0.000695,     0.000043,         0.002837, 0.000715
    338,  208.540300,           0.451800,               0.239700,        0.308500,     102.201900,  5.000000,      38.730600,           8.448300,      39.125839,           8.132482,     0.395239,         0.315818,     1.020483,         3.738248, 0.711058
    339,  208.540300,           0.451800,               0.239700,        0.308500,     102.201900, 10.000000,      32.486400,           2.913500,      31.420143,           2.435106,     1.066257,         0.478394,     3.282164,        16.419922, 1.544651
    340,  208.540300,           0.451800,               0.239700,        0.308500,     102.201900, 15.000000,      27.248900,           1.004700,      26.603256,           1.296734,     0.645644,         0.292034,     2.369431,        29.066796, 0.937678
    341,  208.540300,           0.451800,               0.239700,        0.308500,     102.201900, 20.000000,      22.855800,           0.346500,      22.492470,           0.652268,     0.363330,         0.305768,     1.589663,        88.244696, 0.669098
    342,  208.540300,           0.451800,               0.239700,        0.308500,     102.201900, 30.000000,      16.080100,           0.041200,      15.080150,           0.000000,     0.999950,         0.041200,     6.218558,       100.000000, 1.041150
    343,  208.540300,           0.451800,               0.239700,        0.308500,     102.201900, 40.000000,      11.313100,           0.004900,      11.530842,           0.009186,     0.217742,         0.004286,     1.924688,        42.864495, 0.222028
    344,  203.035100,           0.485400,               0.247400,        0.267300,      63.586000,  0.000000,      30.862400,          15.730100,      30.864645,          15.731176,     0.002245,         0.001076,     0.007274,         0.006843, 0.003321
    345,  203.035100,           0.485400,               0.247400,        0.267300,      63.586000,  5.000000,      27.002700,           6.784500,      25.854033,           7.821689,     1.148667,         1.037189,     4.253899,        15.287628, 2.185857
    346,  203.035100,           0.485400,               0.247400,        0.267300,      63.586000, 10.000000,      23.625700,           2.926200,      23.583420,           3.150206,     0.042280,         0.224006,     0.178959,         7.655179, 0.266286
    347,  203.035100,           0.485400,               0.247400,        0.267300,      63.586000, 15.000000,      20.671100,           1.262000,      21.216307,           1.399914,     0.545207,         0.137914,     2.637531,        10.928240, 0.683121
    348,  203.035100,           0.485400,               0.247400,        0.267300,      63.586000, 20.000000,      18.085900,           0.544300,      18.792704,           0.582683,     0.706804,         0.038383,     3.908037,         7.051869, 0.745187
    349,  203.035100,           0.485400,               0.247400,        0.267300,      63.586000, 30.000000,      13.845000,           0.101200,      13.914885,           0.000000,     0.069885,         0.101200,     0.504764,       100.000000, 0.171085
    350,  203.035100,           0.485400,               0.247400,        0.267300,      63.586000, 40.000000,      10.598600,           0.018800,      11.222492,           0.000000,     0.623892,         0.018800,     5.886553,       100.000000, 0.642692
    351,  196.237500,           0.373100,               0.237100,        0.389800,      50.389800,  0.000000,      18.801000,          11.947200,      18.800434,          11.947422,     0.000566,         0.000222,     0.003010,         0.001858, 0.000788
    352,  196.237500,           0.373100,               0.237100,        0.389800,      50.389800,  5.000000,      17.329800,           6.792000,      17.980583,           8.090890,     0.650783,         1.298890,     3.755284,        19.123821, 1.949673
    353,  196.237500,           0.373100,               0.237100,        0.389800,      50.389800, 10.000000,      15.973600,           3.861200,      16.582226,           3.639935,     0.608626,         0.221265,     3.810198,         5.730478, 0.829891
    354,  196.237500,           0.373100,               0.237100,        0.389800,      50.389800, 15.000000,      14.723600,           2.195100,      15.665318,           1.961817,     0.941718,         0.233283,     6.395973,        10.627425, 1.175000
    355,  196.237500,           0.373100,               0.237100,        0.389800,      50.389800, 20.000000,      13.571400,           1.247900,      14.345551,           1.266237,     0.774151,         0.018337,     5.704279,         1.469449, 0.792488
    356,  196.237500,           0.373100,               0.237100,        0.389800,      50.389800, 30.000000,      11.530400,           0.403300,      12.711735,           0.196156,     1.181335,         0.207144,    10.245393,        51.362299, 1.388479
    357,  196.237500,           0.373100,               0.237100,        0.389800,      50.389800, 40.000000,       9.796400,           0.130300,      10.842033,           0.000000,     1.045633,         0.130300,    10.673649,       100.000000, 1.175933
    358,  206.139400,           0.384800,               0.273600,        0.341600,      74.866000,  0.000000,      28.809900,          20.483700,      28.808437,          20.483337,     0.001463,         0.000363,     0.005077,         0.001770, 0.001825
    359,  206.139400,           0.384800,               0.273600,        0.341600,      74.866000,  5.000000,      24.614100,           7.788000,      23.484144,           7.745957,     1.129956,         0.042043,     4.590685,         0.539845, 1.171999
    360,  206.139400,           0.384800,               0.273600,        0.341600,      74.866000, 10.000000,      21.029400,           2.961000,      21.152088,           2.314671,     0.122688,         0.646329,     0.583413,        21.828055, 0.769017
    361,  206.139400,           0.384800,               0.273600,        0.341600,      74.866000, 15.000000,      17.966700,           1.125700,      18.285009,           1.364391,     0.318309,         0.238691,     1.771663,        21.203760, 0.557000
    362,  206.139400,           0.384800,               0.273600,        0.341600,      74.866000, 20.000000,      15.350000,           0.428000,      15.672593,           0.585715,     0.322593,         0.157715,     2.101584,        36.849228, 0.480308
    363,  206.139400,           0.384800,               0.273600,        0.341600,      74.866000, 30.000000,      11.204400,           0.061900,      10.935616,           0.000000,     0.268784,         0.061900,     2.398919,       100.000000, 0.330684
    364,  206.139400,           0.384800,               0.273600,        0.341600,      74.866000, 40.000000,       8.178500,           0.008900,       8.769228,           0.330772,     0.590728,         0.321872,     7.222938,      3218.718337, 0.912600
    365,  180.724800,           0.401800,               0.203400,        0.394800,      97.350200,  0.000000,      39.118300,          19.798700,      39.115311,          19.801031,     0.002989,         0.002331,     0.007642,         0.011774, 0.005320
    366,  180.724800,           0.401800,               0.203400,        0.394800,      97.350200,  5.000000,      38.011600,          16.041600,      36.406506,          15.446945,     1.605094,         0.594655,     4.222644,         3.706954, 2.199749
    367,  180.724800,           0.401800,               0.203400,        0.394800,      97.350200, 10.000000,      36.936300,          12.997400,      35.425476,          13.621650,     1.510824,         0.624250,     4.090350,         4.802882, 2.135074
    368,  180.724800,           0.401800,               0.203400,        0.394800,      97.350200, 15.000000,      35.891300,          10.530900,      34.957943,          11.456989,     0.933357,         0.926089,     2.600511,         8.794018, 1.859446
    369,  180.724800,           0.401800,               0.203400,        0.394800,      97.350200, 20.000000,      34.875900,           8.532400,      33.861591,           8.552222,     1.014309,         0.019822,     2.908337,         0.232317, 1.034131
    370,  180.724800,           0.401800,               0.203400,        0.394800,      97.350200, 30.000000,      32.930500,           5.601300,      33.650211,           3.984340,     0.719711,         1.616960,     2.185546,        28.867589, 2.336672
    371,  180.724800,           0.401800,               0.203400,        0.394800,      97.350200, 40.000000,      31.093600,           3.677100,      31.064775,           2.674453,     0.028825,         1.002647,     0.092702,        27.267330, 1.031472
    372,  207.554900,           0.497800,               0.261900,        0.240300,      79.376000,  0.000000,      39.514800,          20.784900,      39.513374,          20.788574,     0.001426,         0.003674,     0.003608,         0.017677, 0.005100
    373,  207.554900,           0.497800,               0.261900,        0.240300,      79.376000,  5.000000,      33.395600,           7.460900,      32.773952,           8.480456,     0.621648,         1.019556,     1.861465,        13.665327, 1.641204
    374,  207.554900,           0.497800,               0.261900,        0.240300,      79.376000, 10.000000,      28.224000,           2.678100,      28.735168,           2.175011,     0.511168,         0.503089,     1.811113,        18.785307, 1.014258
    375,  207.554900,           0.497800,               0.261900,        0.240300,      79.376000, 15.000000,      23.853200,           0.961300,      24.098772,           0.959730,     0.245572,         0.001570,     1.029514,         0.163330, 0.247142
    376,  207.554900,           0.497800,               0.261900,        0.240300,      79.376000, 20.000000,      20.159300,           0.345000,      20.508001,           0.333603,     0.348701,         0.011397,     1.729729,         3.303506, 0.360098
    377,  207.554900,           0.497800,               0.261900,        0.240300,      79.376000, 30.000000,      14.398900,           0.044400,      13.963820,           0.000000,     0.435080,         0.044400,     3.021617,       100.000000, 0.479480
    378,  207.554900,           0.497800,               0.261900,        0.240300,      79.376000, 40.000000,      10.284500,           0.005700,      11.222122,           0.000000,     0.937622,         0.005700,     9.116848,        57.000000, 0.943322
    379,  192.243500,           0.493800,               0.165600,        0.340700,      66.968700,  0.000000,      33.067700,          11.088000,      33.069145,          11.090016,     0.001445,         0.002016,     0.004370,         0.018185, 0.003462
    380,  192.243500,           0.493800,               0.165600,        0.340700,      66.968700,  5.000000,      31.028900,           7.029400,      30.851486,           6.817078,     0.177414,         0.212322,     0.571770,         3.020484, 0.389736
    381,  192.243500,           0.493800,               0.165600,        0.340700,      66.968700, 10.000000,      29.115800,           4.456300,      27.972157,           3.630074,     1.143643,         0.826226,     3.927914,        18.540627, 1.969869
    382,  192.243500,           0.493800,               0.165600,        0.340700,      66.968700, 15.000000,      27.320600,           2.825100,      27.317305,           2.765171,     0.003295,         0.059929,     0.012062,         2.121321, 0.063225
    383,  192.243500,           0.493800,               0.165600,        0.340700,      66.968700, 20.000000,      25.636200,           1.791000,      25.738819,           2.267823,     0.102619,         0.476823,     0.400290,        26.623295, 0.579442
    384,  192.243500,           0.493800,               0.165600,        0.340700,      66.968700, 30.000000,      22.572400,           0.719800,      21.524258,           0.987569,     1.048142,         0.267769,     4.643469,        37.200469, 1.315911
    385,  192.243500,           0.493800,               0.165600,        0.340700,      66.968700, 40.000000,      19.874700,           0.289300,      18.973499,           0.352919,     0.901201,         0.063619,     4.534412,        21.990630, 0.964820
    386,  205.940400,           0.436000,               0.177300,        0.386700,     114.812800,  0.000000,      50.061000,          20.353100,      50.058380,          20.356310,     0.002620,         0.003210,     0.005233,         0.015771, 0.005830
    387,  205.940400,           0.436000,               0.177300,        0.386700,     114.812800,  5.000000,      42.835500,           7.801200,      42.561306,           7.310750,     0.274194,         0.490450,     0.640109,         6.286853, 0.764644
    388,  205.940400,           0.436000,               0.177300,        0.386700,     114.812800, 10.000000,      36.652900,           2.990000,      36.406185,           3.195998,     0.246715,         0.205998,     0.673111,         6.889556, 0.452713
    389,  205.940400,           0.436000,               0.177300,        0.386700,     114.812800, 15.000000,      31.362600,           1.146000,      31.197256,           1.677103,     0.165344,         0.531103,     0.527201,        46.344101, 0.696447
    390,  205.940400,           0.436000,               0.177300,        0.386700,     114.812800, 20.000000,      26.835900,           0.439200,      26.914871,           0.627638,     0.078971,         0.188438,     0.294275,        42.904918, 0.267410
    391,  205.940400,           0.436000,               0.177300,        0.386700,     114.812800, 30.000000,      19.648200,           0.064500,      19.273232,           0.000000,     0.374968,         0.064500,     1.908411,       100.000000, 0.439468
    392,  205.940400,           0.436000,               0.177300,        0.386700,     114.812800, 40.000000,      14.385600,           0.009500,      15.079957,           0.000000,     0.694357,         0.009500,     4.826750,        95.000000, 0.703857
    393,  209.311900,           0.428900,               0.255300,        0.315800,     140.338100,  0.000000,      60.189000,          35.831700,      60.191010,          35.828316,     0.002010,         0.003384,     0.003339,         0.009445, 0.005394
    394,  209.311900,           0.428900,               0.255300,        0.315800,     140.338100,  5.000000,      50.187600,          11.975900,      48.173588,          12.190763,     2.014012,         0.214863,     4.012968,         1.794132, 2.228876
    395,  209.311900,           0.428900,               0.255300,        0.315800,     140.338100, 10.000000,      41.848100,           4.002600,      41.023323,           3.444458,     0.824777,         0.558142,     1.970883,        13.944492, 1.382919
    396,  209.311900,           0.428900,               0.255300,        0.315800,     140.338100, 15.000000,      34.894300,           1.337700,      33.668678,           1.687183,     1.225622,         0.349483,     3.512384,        26.125701, 1.575105
    397,  209.311900,           0.428900,               0.255300,        0.315800,     140.338100, 20.000000,      29.095900,           0.447000,      28.607803,           0.763756,     0.488097,         0.316756,     1.677544,        70.862608, 0.804853
    398,  209.311900,           0.428900,               0.255300,        0.315800,     140.338100, 30.000000,      20.229600,           0.049900,      20.473217,           0.000000,     0.243617,         0.049900,     1.204260,       100.000000, 0.293517
    399,  209.311900,           0.428900,               0.255300,        0.315800,     140.338100, 40.000000,      14.065000,           0.005600,      16.072277,           0.000000,     2.007277,         0.005600,    14.271433,        56.000000, 2.012877
    400,  204.798200,           0.345500,               0.299900,        0.354600,      70.045100,  0.000000,      24.201500,          21.003100,      24.200583,          21.006525,     0.000917,         0.003425,     0.003791,         0.016307, 0.004343
    401,  204.798200,           0.345500,               0.299900,        0.354600,      70.045100,  5.000000,      20.890500,           8.432700,      20.234497,           8.659202,     0.656003,         0.226502,     3.140197,         2.685992, 0.882505
    402,  204.798200,           0.345500,               0.299900,        0.354600,      70.045100, 10.000000,      18.032600,           3.385600,      18.403540,           3.156343,     0.370940,         0.229257,     2.057050,         6.771547, 0.600197
    403,  204.798200,           0.345500,               0.299900,        0.354600,      70.045100, 15.000000,      15.565600,           1.359300,      15.289073,           1.851147,     0.276527,         0.491847,     1.776527,        36.183857, 0.768374
    404,  204.798200,           0.345500,               0.299900,        0.354600,      70.045100, 20.000000,      13.436000,           0.545700,      13.585614,           0.917503,     0.149614,         0.371803,     1.113532,        68.133180, 0.521417
    405,  204.798200,           0.345500,               0.299900,        0.354600,      70.045100, 30.000000,      10.011200,           0.087900,       9.676453,           0.000000,     0.334747,         0.087900,     3.343729,       100.000000, 0.422647
    406,  204.798200,           0.345500,               0.299900,        0.354600,      70.045100, 40.000000,       7.459300,           0.014200,       8.160634,           0.239172,     0.701334,         0.224972,     9.402143,      1584.306898, 0.926306
    407,  194.292900,           0.467100,               0.177000,        0.355800,     140.268500,  0.000000,      65.526000,          24.832700,      65.519417,          24.827524,     0.006583,         0.005176,     0.010047,         0.020843, 0.011759
    408,  194.292900,           0.467100,               0.177000,        0.355800,     140.268500,  5.000000,      61.104900,          15.070600,      60.882050,          14.580946,     0.222850,         0.489654,     0.364701,         3.249068, 0.712504
    409,  194.292900,           0.467100,               0.177000,        0.355800,     140.268500, 10.000000,      56.982100,           9.146000,      56.920277,           9.138342,     0.061823,         0.007658,     0.108496,         0.083732, 0.069481
    410,  194.292900,           0.467100,               0.177000,        0.355800,     140.268500, 15.000000,      53.137500,           5.550500,      52.977161,           5.127307,     0.160339,         0.423193,     0.301743,         7.624413, 0.583532
    411,  194.292900,           0.467100,               0.177000,        0.355800,     140.268500, 20.000000,      49.552300,           3.368500,      47.963993,           2.982670,     1.588307,         0.385830,     3.205314,        11.454058, 1.974137
    412,  194.292900,           0.467100,               0.177000,        0.355800,     140.268500, 30.000000,      43.091100,           1.240600,      42.004280,           1.593231,     1.086820,         0.352631,     2.522145,        28.424198, 1.439451
    413,  194.292900,           0.467100,               0.177000,        0.355800,     140.268500, 40.000000,      37.472500,           0.456900,      35.717739,           0.760040,     1.754761,         0.303140,     4.682796,        66.347197, 2.057901
    414,  184.040700,           0.463500,               0.233800,        0.302700,     109.751600,  0.000000,      50.871000,          25.655300,      50.869865,          25.659924,     0.001135,         0.004624,     0.002230,         0.018022, 0.005758
    415,  184.040700,           0.463500,               0.233800,        0.302700,     109.751600,  5.000000,      48.937100,          19.369300,      48.979362,          18.266932,     0.042262,         1.102368,     0.086361,         5.691318, 1.144631
    416,  184.040700,           0.463500,               0.233800,        0.302700,     109.751600, 10.000000,      47.076800,          14.623500,      47.880219,          14.902936,     0.803419,         0.279436,     1.706612,         1.910869, 1.082854
    417,  184.040700,           0.463500,               0.233800,        0.302700,     109.751600, 15.000000,      45.287100,          11.040400,      46.132706,          12.095817,     0.845606,         1.055417,     1.867211,         9.559587, 1.901022
    418,  184.040700,           0.463500,               0.233800,        0.302700,     109.751600, 20.000000,      43.565500,           8.335300,      43.678925,           8.435142,     0.113425,         0.099842,     0.260354,         1.197816, 0.213266
    419,  184.040700,           0.463500,               0.233800,        0.302700,     109.751600, 30.000000,      40.316100,           4.751000,      41.368908,           4.311908,     1.052808,         0.439092,     2.611383,         9.242101, 1.491900
    420,  184.040700,           0.463500,               0.233800,        0.302700,     109.751600, 40.000000,      37.309100,           2.708000,      37.044483,           2.904503,     0.264617,         0.196503,     0.709255,         7.256375, 0.461119
